recorddate,cod_mg_l,bod_mg_l,nh4_n_mg_l,tkn_mg_l,tn_mg_l,nox_n_mg_l,source_record_id,timestamp_utc,facility_id,measurement_stage,dataset_id,data_origin,provenance_id
12/4/2014 1:00:00 PM,24.0,,0.07,2.4,,,1,2014-12-04T13:00:00.000000Z,MWC_ETP_MELBOURNE,final_effluent,DATASET_03_MELBOURNE_ETP_OUTLET,observed,SHA256:47948ae79b2e703e4c0d89e3bb62f4d8bdc4def6bf8452f69506dc59141e4b96
12/4/2014 8:00:00 PM,,2.0,0.1,,,,2,2014-12-04T20:00:00.000000Z,MWC_ETP_MELBOURNE,final_effluent,DATASET_03_MELBOURNE_ETP_OUTLET,observed,SHA256:47948ae79b2e703e4c0d89e3bb62f4d8bdc4def6bf8452f69506dc59141e4b96
12/7/2014 1:00:00 PM,30.0,,0.07,2.7,,,3,2014-12-07T13:00:00.000000Z,MWC_ETP_MELBOURNE,final_effluent,DATASET_03_MELBOURNE_ETP_OUTLET,observed,SHA256:47948ae79b2e703e4c0d89e3bb62f4d8bdc4def6bf8452f69506dc59141e4b96
12/8/2014 1:00:00 PM,22.0,,0.04,1.5,,,4,2014-12-08T13:00:00.000000Z,MWC_ETP_MELBOURNE,final_effluent,DATASET_03_MELBOURNE_ETP_OUTLET,observed,SHA256:47948ae79b2e703e4c0d89e3bb62f4d8bdc4def6bf8452f69506dc59141e4b96
12/9/2014 1:00:00 PM,22.0,,0.04,1.7,,,5,2014-12-09T13:00:00.000000Z,MWC_ETP_MELBOURNE,final_effluent,DATASET_03_MELBOURNE_ETP_OUTLET,observed,SHA256:47948ae79b2e703e4c0d89e3bb62f4d8bdc4def6bf8452f69506dc59141e4b96
12/10/2014 1:00:00 PM,26.0,,0.05,2.0,,,6,2014-12-10T13:00:00.000000Z,MWC_ETP_MELBOURNE,final_effluent,DATASET_03_MELBOURNE_ETP_OUTLET,observed,SHA256:47948ae79b2e703e4c0d89e3bb62f4d8bdc4def6bf8452f69506dc59141e4b96
12/10/2014 8:00:00 PM,,2.0,0.1,0.9,8.0,7.0,7,2014-12-10T20:00:00.000000Z,MWC_ETP_MELBOURNE,final_effluent,DATASET_03_MELBOURNE_ETP_OUTLET,observed,SHA256:47948ae79b2e703e4c0d89e3bb62f4d8bdc4def6bf8452f69506dc59141e4b96
12/11/2014 1:00:00 PM,31.0,,0.05,2.1,,,8,2014-12-11T13:00:00.000000Z,MWC_ETP_MELBOURNE,final_effluent,DATASET_03_MELBOURNE_ETP_OUTLET,observed,SHA256:47948ae79b2e703e4c0d89e3bb62f4d8bdc4def6bf8452f69506dc59141e4b96
12/14/2014 1:00:00 PM,24.0,,0.06,3.1,,,9,2014-12-14T13:00:00.000000Z,MWC_ETP_MELBOURNE,final_effluent,DATASET_03_MELBOURNE_ETP_OUTLET,observed,SHA256:47948ae79b2e703e4c0d89e3bb62f4d8bdc4def6bf8452f69506dc59141e4b96
12/15/2014 1:00:00 PM,28.0,,0.03,1.6,,,10,2014-12-15T13:00:00.000000Z,MWC_ETP_MELBOURNE,final_effluent,DATASET_03_MELBOURNE_ETP_OUTLET,observed,SHA256:47948ae79b2e703e4c0d89e3bb62f4d8bdc4def6bf8452f69506dc59141e4b96
12/16/2014 1:00:00 PM,27.0,,0.07,2.0,,,11,2014-12-16T13:00:00.000000Z,MWC_ETP_MELBOURNE,final_effluent,DATASET_03_MELBOURNE_ETP_OUTLET,observed,SHA256:47948ae79b2e703e4c0d89e3bb62f4d8bdc4def6bf8452f69506dc59141e4b96
12/16/2014 8:00:00 PM,,2.0,0.1,,,,12,2014-12-16T20:00:00.000000Z,MWC_ETP_MELBOURNE,final_effluent,DATASET_03_MELBOURNE_ETP_OUTLET,observed,SHA256:47948ae79b2e703e4c0d89e3bb62f4d8bdc4def6bf8452f69506dc59141e4b96
12/17/2014 1:00:00 PM,22.0,,0.09,1.6,,,13,2014-12-17T13:00:00.000000Z,MWC_ETP_MELBOURNE,final_effluent,DATASET_03_MELBOURNE_ETP_OUTLET,observed,SHA256:47948ae79b2e703e4c0d89e3bb62f4d8bdc4def6bf8452f69506dc59141e4b96
12/18/2014 1:00:00 PM,28.0,,0.09,1.6,,,14,2014-12-18T13:00:00.000000Z,MWC_ETP_MELBOURNE,final_effluent,DATASET_03_MELBOURNE_ETP_OUTLET,observed,SHA256:47948ae79b2e703e4c0d89e3bb62f4d8bdc4def6bf8452f69506dc59141e4b96
12/21/2014 1:00:00 PM,29.0,,0.07,2.3,,,15,2014-12-21T13:00:00.000000Z,MWC_ETP_MELBOURNE,final_effluent,DATASET_03_MELBOURNE_ETP_OUTLET,observed,SHA256:47948ae79b2e703e4c0d89e3bb62f4d8bdc4def6bf8452f69506dc59141e4b96
12/21/2014 8:00:00 PM,,2.0,0.1,2.5,12.0,10.0,16,2014-12-21T20:00:00.000000Z,MWC_ETP_MELBOURNE,final_effluent,DATASET_03_MELBOURNE_ETP_OUTLET,observed,SHA256:47948ae79b2e703e4c0d89e3bb62f4d8bdc4def6bf8452f69506dc59141e4b96
12/22/2014 1:00:00 PM,33.0,,0.08,2.3,,,17,2014-12-22T13:00:00.000000Z,MWC_ETP_MELBOURNE,final_effluent,DATASET_03_MELBOURNE_ETP_OUTLET,observed,SHA256:47948ae79b2e703e4c0d89e3bb62f4d8bdc4def6bf8452f69506dc59141e4b96
12/23/2014 1:00:00 PM,27.0,,0.1,3.0,,,18,2014-12-23T13:00:00.000000Z,MWC_ETP_MELBOURNE,final_effluent,DATASET_03_MELBOURNE_ETP_OUTLET,observed,SHA256:47948ae79b2e703e4c0d89e3bb62f4d8bdc4def6bf8452f69506dc59141e4b96
12/26/2014 1:00:00 PM,28.0,,0.11,2.5,,,19,2014-12-26T13:00:00.000000Z,MWC_ETP_MELBOURNE,final_effluent,DATASET_03_MELBOURNE_ETP_OUTLET,observed,SHA256:47948ae79b2e703e4c0d89e3bb62f4d8bdc4def6bf8452f69506dc59141e4b96
12/28/2014 1:00:00 PM,21.0,,0.06,1.7,,,20,2014-12-28T13:00:00.000000Z,MWC_ETP_MELBOURNE,final_effluent,DATASET_03_MELBOURNE_ETP_OUTLET,observed,SHA256:47948ae79b2e703e4c0d89e3bb62f4d8bdc4def6bf8452f69506dc59141e4b96
12/28/2014 8:00:00 PM,,2.0,0.1,,,,21,2014-12-28T20:00:00.000000Z,MWC_ETP_MELBOURNE,final_effluent,DATASET_03_MELBOURNE_ETP_OUTLET,observed,SHA256:47948ae79b2e703e4c0d89e3bb62f4d8bdc4def6bf8452f69506dc59141e4b96
12/29/2014 1:00:00 PM,23.0,,0.05,1.6,,,22,2014-12-29T13:00:00.000000Z,MWC_ETP_MELBOURNE,final_effluent,DATASET_03_MELBOURNE_ETP_OUTLET,observed,SHA256:47948ae79b2e703e4c0d89e3bb62f4d8bdc4def6bf8452f69506dc59141e4b96
12/30/2014 1:00:00 PM,24.0,,0.08,2.2,,,23,2014-12-30T13:00:00.000000Z,MWC_ETP_MELBOURNE,final_effluent,DATASET_03_MELBOURNE_ETP_OUTLET,observed,SHA256:47948ae79b2e703e4c0d89e3bb62f4d8bdc4def6bf8452f69506dc59141e4b96
1/1/2015 1:00:00 PM,30.0,,0.09,1.0,,,24,2015-01-01T13:00:00.000000Z,MWC_ETP_MELBOURNE,final_effluent,DATASET_03_MELBOURNE_ETP_OUTLET,observed,SHA256:47948ae79b2e703e4c0d89e3bb62f4d8bdc4def6bf8452f69506dc59141e4b96
1/4/2015 1:00:00 PM,26.0,,0.06,2.3,,,25,2015-01-04T13:00:00.000000Z,MWC_ETP_MELBOURNE,final_effluent,DATASET_03_MELBOURNE_ETP_OUTLET,observed,SHA256:47948ae79b2e703e4c0d89e3bb62f4d8bdc4def6bf8452f69506dc59141e4b96
1/5/2015 1:00:00 PM,21.0,,0.05,2.8,,,26,2015-01-05T13:00:00.000000Z,MWC_ETP_MELBOURNE,final_effluent,DATASET_03_MELBOURNE_ETP_OUTLET,observed,SHA256:47948ae79b2e703e4c0d89e3bb62f4d8bdc4def6bf8452f69506dc59141e4b96
1/5/2015 8:00:00 PM,,2.0,0.1,1.6,17.0,15.0,27,2015-01-05T20:00:00.000000Z,MWC_ETP_MELBOURNE,final_effluent,DATASET_03_MELBOURNE_ETP_OUTLET,observed,SHA256:47948ae79b2e703e4c0d89e3bb62f4d8bdc4def6bf8452f69506dc59141e4b96
1/6/2015 1:00:00 PM,19.0,,0.05,1.0,,,28,2015-01-06T13:00:00.000000Z,MWC_ETP_MELBOURNE,final_effluent,DATASET_03_MELBOURNE_ETP_OUTLET,observed,SHA256:47948ae79b2e703e4c0d89e3bb62f4d8bdc4def6bf8452f69506dc59141e4b96
1/7/2015 1:00:00 PM,27.0,,0.06,2.4,,,29,2015-01-07T13:00:00.000000Z,MWC_ETP_MELBOURNE,final_effluent,DATASET_03_MELBOURNE_ETP_OUTLET,observed,SHA256:47948ae79b2e703e4c0d89e3bb62f4d8bdc4def6bf8452f69506dc59141e4b96
1/8/2015 1:00:00 PM,25.0,,0.03,1.9,,,30,2015-01-08T13:00:00.000000Z,MWC_ETP_MELBOURNE,final_effluent,DATASET_03_MELBOURNE_ETP_OUTLET,observed,SHA256:47948ae79b2e703e4c0d89e3bb62f4d8bdc4def6bf8452f69506dc59141e4b96
1/11/2015 1:00:00 PM,20.0,,0.07,1.8,,,31,2015-01-11T13:00:00.000000Z,MWC_ETP_MELBOURNE,final_effluent,DATASET_03_MELBOURNE_ETP_OUTLET,observed,SHA256:47948ae79b2e703e4c0d89e3bb62f4d8bdc4def6bf8452f69506dc59141e4b96
1/12/2015 1:00:00 PM,24.0,,0.07,4.9,,,32,2015-01-12T13:00:00.000000Z,MWC_ETP_MELBOURNE,final_effluent,DATASET_03_MELBOURNE_ETP_OUTLET,observed,SHA256:47948ae79b2e703e4c0d89e3bb62f4d8bdc4def6bf8452f69506dc59141e4b96
1/13/2015 1:00:00 PM,28.0,,0.08,2.0,,,33,2015-01-13T13:00:00.000000Z,MWC_ETP_MELBOURNE,final_effluent,DATASET_03_MELBOURNE_ETP_OUTLET,observed,SHA256:47948ae79b2e703e4c0d89e3bb62f4d8bdc4def6bf8452f69506dc59141e4b96
1/13/2015 8:00:00 PM,,2.0,0.1,,,,34,2015-01-13T20:00:00.000000Z,MWC_ETP_MELBOURNE,final_effluent,DATASET_03_MELBOURNE_ETP_OUTLET,observed,SHA256:47948ae79b2e703e4c0d89e3bb62f4d8bdc4def6bf8452f69506dc59141e4b96
1/14/2015 1:00:00 PM,27.0,,0.08,1.7,,,35,2015-01-14T13:00:00.000000Z,MWC_ETP_MELBOURNE,final_effluent,DATASET_03_MELBOURNE_ETP_OUTLET,observed,SHA256:47948ae79b2e703e4c0d89e3bb62f4d8bdc4def6bf8452f69506dc59141e4b96
1/15/2015 1:00:00 PM,27.0,,0.1,1.5,,,36,2015-01-15T13:00:00.000000Z,MWC_ETP_MELBOURNE,final_effluent,DATASET_03_MELBOURNE_ETP_OUTLET,observed,SHA256:47948ae79b2e703e4c0d89e3bb62f4d8bdc4def6bf8452f69506dc59141e4b96
1/18/2015 1:00:00 PM,30.0,,0.03,2.0,,,37,2015-01-18T13:00:00.000000Z,MWC_ETP_MELBOURNE,final_effluent,DATASET_03_MELBOURNE_ETP_OUTLET,observed,SHA256:47948ae79b2e703e4c0d89e3bb62f4d8bdc4def6bf8452f69506dc59141e4b96
1/19/2015 1:00:00 PM,24.0,,0.08,2.5,,,38,2015-01-19T13:00:00.000000Z,MWC_ETP_MELBOURNE,final_effluent,DATASET_03_MELBOURNE_ETP_OUTLET,observed,SHA256:47948ae79b2e703e4c0d89e3bb62f4d8bdc4def6bf8452f69506dc59141e4b96
1/20/2015 1:00:00 PM,25.0,,0.06,1.2,,,39,2015-01-20T13:00:00.000000Z,MWC_ETP_MELBOURNE,final_effluent,DATASET_03_MELBOURNE_ETP_OUTLET,observed,SHA256:47948ae79b2e703e4c0d89e3bb62f4d8bdc4def6bf8452f69506dc59141e4b96
1/21/2015 1:00:00 PM,32.0,,0.08,2.0,,,40,2015-01-21T13:00:00.000000Z,MWC_ETP_MELBOURNE,final_effluent,DATASET_03_MELBOURNE_ETP_OUTLET,observed,SHA256:47948ae79b2e703e4c0d89e3bb62f4d8bdc4def6bf8452f69506dc59141e4b96
1/21/2015 8:00:00 PM,,2.0,0.1,1.7,12.0,10.0,41,2015-01-21T20:00:00.000000Z,MWC_ETP_MELBOURNE,final_effluent,DATASET_03_MELBOURNE_ETP_OUTLET,observed,SHA256:47948ae79b2e703e4c0d89e3bb62f4d8bdc4def6bf8452f69506dc59141e4b96
1/22/2015 1:00:00 PM,33.0,,0.07,2.1,,,42,2015-01-22T13:00:00.000000Z,MWC_ETP_MELBOURNE,final_effluent,DATASET_03_MELBOURNE_ETP_OUTLET,observed,SHA256:47948ae79b2e703e4c0d89e3bb62f4d8bdc4def6bf8452f69506dc59141e4b96
1/24/2015 1:00:00 PM,22.0,,0.06,1.0,,,43,2015-01-24T13:00:00.000000Z,MWC_ETP_MELBOURNE,final_effluent,DATASET_03_MELBOURNE_ETP_OUTLET,observed,SHA256:47948ae79b2e703e4c0d89e3bb62f4d8bdc4def6bf8452f69506dc59141e4b96
1/26/2015 1:00:00 PM,24.0,,0.07,2.0,,,44,2015-01-26T13:00:00.000000Z,MWC_ETP_MELBOURNE,final_effluent,DATASET_03_MELBOURNE_ETP_OUTLET,observed,SHA256:47948ae79b2e703e4c0d89e3bb62f4d8bdc4def6bf8452f69506dc59141e4b96
1/27/2015 1:00:00 PM,27.0,,0.07,3.0,,,45,2015-01-27T13:00:00.000000Z,MWC_ETP_MELBOURNE,final_effluent,DATASET_03_MELBOURNE_ETP_OUTLET,observed,SHA256:47948ae79b2e703e4c0d89e3bb62f4d8bdc4def6bf8452f69506dc59141e4b96
1/28/2015 1:00:00 PM,37.0,,0.08,3.6,,,46,2015-01-28T13:00:00.000000Z,MWC_ETP_MELBOURNE,final_effluent,DATASET_03_MELBOURNE_ETP_OUTLET,observed,SHA256:47948ae79b2e703e4c0d89e3bb62f4d8bdc4def6bf8452f69506dc59141e4b96
1/29/2015 1:00:00 PM,33.0,,0.07,3.5,,,47,2015-01-29T13:00:00.000000Z,MWC_ETP_MELBOURNE,final_effluent,DATASET_03_MELBOURNE_ETP_OUTLET,observed,SHA256:47948ae79b2e703e4c0d89e3bb62f4d8bdc4def6bf8452f69506dc59141e4b96
1/29/2015 8:00:00 PM,,2.0,0.1,,,,48,2015-01-29T20:00:00.000000Z,MWC_ETP_MELBOURNE,final_effluent,DATASET_03_MELBOURNE_ETP_OUTLET,observed,SHA256:47948ae79b2e703e4c0d89e3bb62f4d8bdc4def6bf8452f69506dc59141e4b96
2/1/2015 1:00:00 PM,29.0,,0.09,3.5,,,49,2015-02-01T13:00:00.000000Z,MWC_ETP_MELBOURNE,final_effluent,DATASET_03_MELBOURNE_ETP_OUTLET,observed,SHA256:47948ae79b2e703e4c0d89e3bb62f4d8bdc4def6bf8452f69506dc59141e4b96
2/2/2015 1:00:00 PM,28.0,,0.09,13.0,,,50,2015-02-02T13:00:00.000000Z,MWC_ETP_MELBOURNE,final_effluent,DATASET_03_MELBOURNE_ETP_OUTLET,observed,SHA256:47948ae79b2e703e4c0d89e3bb62f4d8bdc4def6bf8452f69506dc59141e4b96
3/7/2014 1:00:00 PM,21.0,,0.05,2.6,,,51,2014-03-07T13:00:00.000000Z,MWC_ETP_MELBOURNE,final_effluent,DATASET_03_MELBOURNE_ETP_OUTLET,observed,SHA256:47948ae79b2e703e4c0d89e3bb62f4d8bdc4def6bf8452f69506dc59141e4b96
3/10/2014 1:00:00 PM,15.0,,0.06,2.4,,,52,2014-03-10T13:00:00.000000Z,MWC_ETP_MELBOURNE,final_effluent,DATASET_03_MELBOURNE_ETP_OUTLET,observed,SHA256:47948ae79b2e703e4c0d89e3bb62f4d8bdc4def6bf8452f69506dc59141e4b96
3/11/2014 1:00:00 PM,19.0,3.0,0.05,,,,53,2014-03-11T13:00:00.000000Z,MWC_ETP_MELBOURNE,final_effluent,DATASET_03_MELBOURNE_ETP_OUTLET,observed,SHA256:47948ae79b2e703e4c0d89e3bb62f4d8bdc4def6bf8452f69506dc59141e4b96
3/12/2014 1:00:00 PM,20.0,,0.05,1.8,,,54,2014-03-12T13:00:00.000000Z,MWC_ETP_MELBOURNE,final_effluent,DATASET_03_MELBOURNE_ETP_OUTLET,observed,SHA256:47948ae79b2e703e4c0d89e3bb62f4d8bdc4def6bf8452f69506dc59141e4b96
3/13/2014 1:00:00 PM,21.0,,0.06,1.0,,,55,2014-03-13T13:00:00.000000Z,MWC_ETP_MELBOURNE,final_effluent,DATASET_03_MELBOURNE_ETP_OUTLET,observed,SHA256:47948ae79b2e703e4c0d89e3bb62f4d8bdc4def6bf8452f69506dc59141e4b96
3/16/2014 1:00:00 PM,22.0,,0.8,3.3,,,56,2014-03-16T13:00:00.000000Z,MWC_ETP_MELBOURNE,final_effluent,DATASET_03_MELBOURNE_ETP_OUTLET,observed,SHA256:47948ae79b2e703e4c0d89e3bb62f4d8bdc4def6bf8452f69506dc59141e4b96
3/17/2014 1:00:00 PM,20.0,,0.06,2.2,,,57,2014-03-17T13:00:00.000000Z,MWC_ETP_MELBOURNE,final_effluent,DATASET_03_MELBOURNE_ETP_OUTLET,observed,SHA256:47948ae79b2e703e4c0d89e3bb62f4d8bdc4def6bf8452f69506dc59141e4b96
3/18/2014 1:00:00 PM,20.0,,0.05,1.3,,,58,2014-03-18T13:00:00.000000Z,MWC_ETP_MELBOURNE,final_effluent,DATASET_03_MELBOURNE_ETP_OUTLET,observed,SHA256:47948ae79b2e703e4c0d89e3bb62f4d8bdc4def6bf8452f69506dc59141e4b96
3/19/2014 1:00:00 PM,24.0,3.0,0.07,1.4,13.0,12.0,59,2014-03-19T13:00:00.000000Z,MWC_ETP_MELBOURNE,final_effluent,DATASET_03_MELBOURNE_ETP_OUTLET,observed,SHA256:47948ae79b2e703e4c0d89e3bb62f4d8bdc4def6bf8452f69506dc59141e4b96
3/20/2014 1:00:00 PM,23.0,,0.07,3.0,,,60,2014-03-20T13:00:00.000000Z,MWC_ETP_MELBOURNE,final_effluent,DATASET_03_MELBOURNE_ETP_OUTLET,observed,SHA256:47948ae79b2e703e4c0d89e3bb62f4d8bdc4def6bf8452f69506dc59141e4b96
3/23/2014 1:00:00 PM,25.0,,0.1,2.5,,,61,2014-03-23T13:00:00.000000Z,MWC_ETP_MELBOURNE,final_effluent,DATASET_03_MELBOURNE_ETP_OUTLET,observed,SHA256:47948ae79b2e703e4c0d89e3bb62f4d8bdc4def6bf8452f69506dc59141e4b96
3/24/2014 1:00:00 PM,22.0,,0.09,4.0,,,62,2014-03-24T13:00:00.000000Z,MWC_ETP_MELBOURNE,final_effluent,DATASET_03_MELBOURNE_ETP_OUTLET,observed,SHA256:47948ae79b2e703e4c0d89e3bb62f4d8bdc4def6bf8452f69506dc59141e4b96
3/25/2014 1:00:00 PM,22.0,,0.07,1.8,,,63,2014-03-25T13:00:00.000000Z,MWC_ETP_MELBOURNE,final_effluent,DATASET_03_MELBOURNE_ETP_OUTLET,observed,SHA256:47948ae79b2e703e4c0d89e3bb62f4d8bdc4def6bf8452f69506dc59141e4b96
3/26/2014 1:00:00 PM,24.0,,0.08,1.8,,,64,2014-03-26T13:00:00.000000Z,MWC_ETP_MELBOURNE,final_effluent,DATASET_03_MELBOURNE_ETP_OUTLET,observed,SHA256:47948ae79b2e703e4c0d89e3bb62f4d8bdc4def6bf8452f69506dc59141e4b96
3/27/2014 1:00:00 PM,24.0,2.0,0.06,2.6,,,65,2014-03-27T13:00:00.000000Z,MWC_ETP_MELBOURNE,final_effluent,DATASET_03_MELBOURNE_ETP_OUTLET,observed,SHA256:47948ae79b2e703e4c0d89e3bb62f4d8bdc4def6bf8452f69506dc59141e4b96
3/30/2014 1:00:00 PM,27.0,,0.07,4.0,,,66,2014-03-30T13:00:00.000000Z,MWC_ETP_MELBOURNE,final_effluent,DATASET_03_MELBOURNE_ETP_OUTLET,observed,SHA256:47948ae79b2e703e4c0d89e3bb62f4d8bdc4def6bf8452f69506dc59141e4b96
3/31/2014 1:00:00 PM,30.0,,0.07,3.9,,,67,2014-03-31T13:00:00.000000Z,MWC_ETP_MELBOURNE,final_effluent,DATASET_03_MELBOURNE_ETP_OUTLET,observed,SHA256:47948ae79b2e703e4c0d89e3bb62f4d8bdc4def6bf8452f69506dc59141e4b96
4/1/2014 1:00:00 PM,28.0,,0.05,1.6,,,68,2014-04-01T13:00:00.000000Z,MWC_ETP_MELBOURNE,final_effluent,DATASET_03_MELBOURNE_ETP_OUTLET,observed,SHA256:47948ae79b2e703e4c0d89e3bb62f4d8bdc4def6bf8452f69506dc59141e4b96
4/2/2014 1:00:00 PM,29.0,2.0,0.06,1.5,12.0,10.0,69,2014-04-02T13:00:00.000000Z,MWC_ETP_MELBOURNE,final_effluent,DATASET_03_MELBOURNE_ETP_OUTLET,observed,SHA256:47948ae79b2e703e4c0d89e3bb62f4d8bdc4def6bf8452f69506dc59141e4b96
4/3/2014 1:00:00 PM,25.0,,0.06,4.0,,,70,2014-04-03T13:00:00.000000Z,MWC_ETP_MELBOURNE,final_effluent,DATASET_03_MELBOURNE_ETP_OUTLET,observed,SHA256:47948ae79b2e703e4c0d89e3bb62f4d8bdc4def6bf8452f69506dc59141e4b96
4/6/2014 2:00:00 PM,31.0,,0.06,2.3,,,71,2014-04-06T14:00:00.000000Z,MWC_ETP_MELBOURNE,final_effluent,DATASET_03_MELBOURNE_ETP_OUTLET,observed,SHA256:47948ae79b2e703e4c0d89e3bb62f4d8bdc4def6bf8452f69506dc59141e4b96
4/7/2014 2:00:00 PM,26.0,,0.05,1.9,,,72,2014-04-07T14:00:00.000000Z,MWC_ETP_MELBOURNE,final_effluent,DATASET_03_MELBOURNE_ETP_OUTLET,observed,SHA256:47948ae79b2e703e4c0d89e3bb62f4d8bdc4def6bf8452f69506dc59141e4b96
4/8/2014 2:00:00 PM,22.0,2.0,0.07,1.5,,,73,2014-04-08T14:00:00.000000Z,MWC_ETP_MELBOURNE,final_effluent,DATASET_03_MELBOURNE_ETP_OUTLET,observed,SHA256:47948ae79b2e703e4c0d89e3bb62f4d8bdc4def6bf8452f69506dc59141e4b96
4/9/2014 2:00:00 PM,26.0,,0.06,2.7,,,74,2014-04-09T14:00:00.000000Z,MWC_ETP_MELBOURNE,final_effluent,DATASET_03_MELBOURNE_ETP_OUTLET,observed,SHA256:47948ae79b2e703e4c0d89e3bb62f4d8bdc4def6bf8452f69506dc59141e4b96
4/10/2014 2:00:00 PM,25.0,,0.04,2.3,,,75,2014-04-10T14:00:00.000000Z,MWC_ETP_MELBOURNE,final_effluent,DATASET_03_MELBOURNE_ETP_OUTLET,observed,SHA256:47948ae79b2e703e4c0d89e3bb62f4d8bdc4def6bf8452f69506dc59141e4b96
4/13/2014 2:00:00 PM,28.0,,0.09,3.4,,,76,2014-04-13T14:00:00.000000Z,MWC_ETP_MELBOURNE,final_effluent,DATASET_03_MELBOURNE_ETP_OUTLET,observed,SHA256:47948ae79b2e703e4c0d89e3bb62f4d8bdc4def6bf8452f69506dc59141e4b96
4/14/2014 2:00:00 PM,27.0,2.0,0.07,1.0,16.0,15.0,77,2014-04-14T14:00:00.000000Z,MWC_ETP_MELBOURNE,final_effluent,DATASET_03_MELBOURNE_ETP_OUTLET,observed,SHA256:47948ae79b2e703e4c0d89e3bb62f4d8bdc4def6bf8452f69506dc59141e4b96
4/15/2014 2:00:00 PM,28.0,,0.07,2.4,,,78,2014-04-15T14:00:00.000000Z,MWC_ETP_MELBOURNE,final_effluent,DATASET_03_MELBOURNE_ETP_OUTLET,observed,SHA256:47948ae79b2e703e4c0d89e3bb62f4d8bdc4def6bf8452f69506dc59141e4b96
4/16/2014 2:00:00 PM,29.0,,0.08,2.3,,,79,2014-04-16T14:00:00.000000Z,MWC_ETP_MELBOURNE,final_effluent,DATASET_03_MELBOURNE_ETP_OUTLET,observed,SHA256:47948ae79b2e703e4c0d89e3bb62f4d8bdc4def6bf8452f69506dc59141e4b96
4/18/2014 2:00:00 PM,23.0,,0.7,2.6,,,80,2014-04-18T14:00:00.000000Z,MWC_ETP_MELBOURNE,final_effluent,DATASET_03_MELBOURNE_ETP_OUTLET,observed,SHA256:47948ae79b2e703e4c0d89e3bb62f4d8bdc4def6bf8452f69506dc59141e4b96
4/21/2014 2:00:00 PM,14.0,2.0,0.1,2.0,,,81,2014-04-21T14:00:00.000000Z,MWC_ETP_MELBOURNE,final_effluent,DATASET_03_MELBOURNE_ETP_OUTLET,observed,SHA256:47948ae79b2e703e4c0d89e3bb62f4d8bdc4def6bf8452f69506dc59141e4b96
4/22/2014 2:00:00 PM,15.0,,0.09,2.4,,,82,2014-04-22T14:00:00.000000Z,MWC_ETP_MELBOURNE,final_effluent,DATASET_03_MELBOURNE_ETP_OUTLET,observed,SHA256:47948ae79b2e703e4c0d89e3bb62f4d8bdc4def6bf8452f69506dc59141e4b96
4/23/2014 2:00:00 PM,15.0,,0.08,2.0,,,83,2014-04-23T14:00:00.000000Z,MWC_ETP_MELBOURNE,final_effluent,DATASET_03_MELBOURNE_ETP_OUTLET,observed,SHA256:47948ae79b2e703e4c0d89e3bb62f4d8bdc4def6bf8452f69506dc59141e4b96
4/25/2014 2:00:00 PM,15.0,,0.07,2.1,,,84,2014-04-25T14:00:00.000000Z,MWC_ETP_MELBOURNE,final_effluent,DATASET_03_MELBOURNE_ETP_OUTLET,observed,SHA256:47948ae79b2e703e4c0d89e3bb62f4d8bdc4def6bf8452f69506dc59141e4b96
4/27/2014 2:00:00 PM,18.0,2.0,0.06,1.0,23.0,21.0,85,2014-04-27T14:00:00.000000Z,MWC_ETP_MELBOURNE,final_effluent,DATASET_03_MELBOURNE_ETP_OUTLET,observed,SHA256:47948ae79b2e703e4c0d89e3bb62f4d8bdc4def6bf8452f69506dc59141e4b96
4/28/2014 2:00:00 PM,17.0,,0.06,1.0,,,86,2014-04-28T14:00:00.000000Z,MWC_ETP_MELBOURNE,final_effluent,DATASET_03_MELBOURNE_ETP_OUTLET,observed,SHA256:47948ae79b2e703e4c0d89e3bb62f4d8bdc4def6bf8452f69506dc59141e4b96
4/29/2014 2:00:00 PM,13.0,,0.05,1.0,,,87,2014-04-29T14:00:00.000000Z,MWC_ETP_MELBOURNE,final_effluent,DATASET_03_MELBOURNE_ETP_OUTLET,observed,SHA256:47948ae79b2e703e4c0d89e3bb62f4d8bdc4def6bf8452f69506dc59141e4b96
4/30/2014 2:00:00 PM,10.0,,0.05,1.3,,,88,2014-04-30T14:00:00.000000Z,MWC_ETP_MELBOURNE,final_effluent,DATASET_03_MELBOURNE_ETP_OUTLET,observed,SHA256:47948ae79b2e703e4c0d89e3bb62f4d8bdc4def6bf8452f69506dc59141e4b96
5/1/2014 2:00:00 PM,17.0,,0.05,1.3,,,89,2014-05-01T14:00:00.000000Z,MWC_ETP_MELBOURNE,final_effluent,DATASET_03_MELBOURNE_ETP_OUTLET,observed,SHA256:47948ae79b2e703e4c0d89e3bb62f4d8bdc4def6bf8452f69506dc59141e4b96
5/4/2014 2:00:00 PM,18.0,,0.09,2.4,,,90,2014-05-04T14:00:00.000000Z,MWC_ETP_MELBOURNE,final_effluent,DATASET_03_MELBOURNE_ETP_OUTLET,observed,SHA256:47948ae79b2e703e4c0d89e3bb62f4d8bdc4def6bf8452f69506dc59141e4b96
5/5/2014 2:00:00 PM,16.0,2.0,0.1,2.7,,,91,2014-05-05T14:00:00.000000Z,MWC_ETP_MELBOURNE,final_effluent,DATASET_03_MELBOURNE_ETP_OUTLET,observed,SHA256:47948ae79b2e703e4c0d89e3bb62f4d8bdc4def6bf8452f69506dc59141e4b96
5/6/2014 2:00:00 PM,22.0,,0.09,1.0,,,92,2014-05-06T14:00:00.000000Z,MWC_ETP_MELBOURNE,final_effluent,DATASET_03_MELBOURNE_ETP_OUTLET,observed,SHA256:47948ae79b2e703e4c0d89e3bb62f4d8bdc4def6bf8452f69506dc59141e4b96
5/7/2014 2:00:00 PM,30.0,,0.11,2.6,,,93,2014-05-07T14:00:00.000000Z,MWC_ETP_MELBOURNE,final_effluent,DATASET_03_MELBOURNE_ETP_OUTLET,observed,SHA256:47948ae79b2e703e4c0d89e3bb62f4d8bdc4def6bf8452f69506dc59141e4b96
5/8/2014 2:00:00 PM,21.0,,0.08,1.0,,,94,2014-05-08T14:00:00.000000Z,MWC_ETP_MELBOURNE,final_effluent,DATASET_03_MELBOURNE_ETP_OUTLET,observed,SHA256:47948ae79b2e703e4c0d89e3bb62f4d8bdc4def6bf8452f69506dc59141e4b96
5/11/2014 2:00:00 PM,20.0,,0.07,2.0,,,95,2014-05-11T14:00:00.000000Z,MWC_ETP_MELBOURNE,final_effluent,DATASET_03_MELBOURNE_ETP_OUTLET,observed,SHA256:47948ae79b2e703e4c0d89e3bb62f4d8bdc4def6bf8452f69506dc59141e4b96
5/12/2014 2:00:00 PM,14.0,,0.05,2.0,,,96,2014-05-12T14:00:00.000000Z,MWC_ETP_MELBOURNE,final_effluent,DATASET_03_MELBOURNE_ETP_OUTLET,observed,SHA256:47948ae79b2e703e4c0d89e3bb62f4d8bdc4def6bf8452f69506dc59141e4b96
5/13/2014 2:00:00 PM,20.0,2.0,0.07,0.9,14.0,13.0,97,2014-05-13T14:00:00.000000Z,MWC_ETP_MELBOURNE,final_effluent,DATASET_03_MELBOURNE_ETP_OUTLET,observed,SHA256:47948ae79b2e703e4c0d89e3bb62f4d8bdc4def6bf8452f69506dc59141e4b96
5/14/2014 2:00:00 PM,19.0,,0.1,2.5,,,98,2014-05-14T14:00:00.000000Z,MWC_ETP_MELBOURNE,final_effluent,DATASET_03_MELBOURNE_ETP_OUTLET,observed,SHA256:47948ae79b2e703e4c0d89e3bb62f4d8bdc4def6bf8452f69506dc59141e4b96
5/15/2014 2:00:00 PM,25.0,,0.07,2.5,,,99,2014-05-15T14:00:00.000000Z,MWC_ETP_MELBOURNE,final_effluent,DATASET_03_MELBOURNE_ETP_OUTLET,observed,SHA256:47948ae79b2e703e4c0d89e3bb62f4d8bdc4def6bf8452f69506dc59141e4b96
5/18/2014 2:00:00 PM,21.0,,0.07,3.0,,,100,2014-05-18T14:00:00.000000Z,MWC_ETP_MELBOURNE,final_effluent,DATASET_03_MELBOURNE_ETP_OUTLET,observed,SHA256:47948ae79b2e703e4c0d89e3bb62f4d8bdc4def6bf8452f69506dc59141e4b96
9/30/2014 9:00:00 PM,,3.0,0.1,2.4,15.0,12.0,101,2014-09-30T21:00:00.000000Z,MWC_ETP_MELBOURNE,final_effluent,DATASET_03_MELBOURNE_ETP_OUTLET,observed,SHA256:47948ae79b2e703e4c0d89e3bb62f4d8bdc4def6bf8452f69506dc59141e4b96
10/6/2014 1:00:00 PM,24.0,,0.08,4.0,,,102,2014-10-06T13:00:00.000000Z,MWC_ETP_MELBOURNE,final_effluent,DATASET_03_MELBOURNE_ETP_OUTLET,observed,SHA256:47948ae79b2e703e4c0d89e3bb62f4d8bdc4def6bf8452f69506dc59141e4b96
10/6/2014 8:00:00 PM,,2.0,0.1,,,,103,2014-10-06T20:00:00.000000Z,MWC_ETP_MELBOURNE,final_effluent,DATASET_03_MELBOURNE_ETP_OUTLET,observed,SHA256:47948ae79b2e703e4c0d89e3bb62f4d8bdc4def6bf8452f69506dc59141e4b96
10/7/2014 1:00:00 PM,35.0,,0.07,2.6,,,104,2014-10-07T13:00:00.000000Z,MWC_ETP_MELBOURNE,final_effluent,DATASET_03_MELBOURNE_ETP_OUTLET,observed,SHA256:47948ae79b2e703e4c0d89e3bb62f4d8bdc4def6bf8452f69506dc59141e4b96
10/8/2014 1:00:00 PM,29.0,,0.08,4.0,,,105,2014-10-08T13:00:00.000000Z,MWC_ETP_MELBOURNE,final_effluent,DATASET_03_MELBOURNE_ETP_OUTLET,observed,SHA256:47948ae79b2e703e4c0d89e3bb62f4d8bdc4def6bf8452f69506dc59141e4b96
10/9/2014 1:00:00 PM,29.0,,0.1,3.3,,,106,2014-10-09T13:00:00.000000Z,MWC_ETP_MELBOURNE,final_effluent,DATASET_03_MELBOURNE_ETP_OUTLET,observed,SHA256:47948ae79b2e703e4c0d89e3bb62f4d8bdc4def6bf8452f69506dc59141e4b96
10/12/2014 1:00:00 PM,33.0,,0.09,3.5,,,107,2014-10-12T13:00:00.000000Z,MWC_ETP_MELBOURNE,final_effluent,DATASET_03_MELBOURNE_ETP_OUTLET,observed,SHA256:47948ae79b2e703e4c0d89e3bb62f4d8bdc4def6bf8452f69506dc59141e4b96
10/12/2014 8:00:00 PM,,3.0,0.1,2.9,19.0,16.0,108,2014-10-12T20:00:00.000000Z,MWC_ETP_MELBOURNE,final_effluent,DATASET_03_MELBOURNE_ETP_OUTLET,observed,SHA256:47948ae79b2e703e4c0d89e3bb62f4d8bdc4def6bf8452f69506dc59141e4b96
10/13/2014 1:00:00 PM,21.0,,0.1,3.0,,,109,2014-10-13T13:00:00.000000Z,MWC_ETP_MELBOURNE,final_effluent,DATASET_03_MELBOURNE_ETP_OUTLET,observed,SHA256:47948ae79b2e703e4c0d89e3bb62f4d8bdc4def6bf8452f69506dc59141e4b96
10/14/2014 1:00:00 PM,26.0,,0.09,1.1,,,110,2014-10-14T13:00:00.000000Z,MWC_ETP_MELBOURNE,final_effluent,DATASET_03_MELBOURNE_ETP_OUTLET,observed,SHA256:47948ae79b2e703e4c0d89e3bb62f4d8bdc4def6bf8452f69506dc59141e4b96
10/15/2014 1:00:00 PM,26.0,,0.08,3.4,,,111,2014-10-15T13:00:00.000000Z,MWC_ETP_MELBOURNE,final_effluent,DATASET_03_MELBOURNE_ETP_OUTLET,observed,SHA256:47948ae79b2e703e4c0d89e3bb62f4d8bdc4def6bf8452f69506dc59141e4b96
10/16/2014 1:00:00 PM,28.0,,0.06,2.2,,,112,2014-10-16T13:00:00.000000Z,MWC_ETP_MELBOURNE,final_effluent,DATASET_03_MELBOURNE_ETP_OUTLET,observed,SHA256:47948ae79b2e703e4c0d89e3bb62f4d8bdc4def6bf8452f69506dc59141e4b96
10/19/2014 1:00:00 PM,30.0,,0.1,4.0,,,113,2014-10-19T13:00:00.000000Z,MWC_ETP_MELBOURNE,final_effluent,DATASET_03_MELBOURNE_ETP_OUTLET,observed,SHA256:47948ae79b2e703e4c0d89e3bb62f4d8bdc4def6bf8452f69506dc59141e4b96
10/20/2014 1:00:00 PM,33.0,,0.08,2.4,,,114,2014-10-20T13:00:00.000000Z,MWC_ETP_MELBOURNE,final_effluent,DATASET_03_MELBOURNE_ETP_OUTLET,observed,SHA256:47948ae79b2e703e4c0d89e3bb62f4d8bdc4def6bf8452f69506dc59141e4b96
10/20/2014 8:00:00 PM,,2.0,0.1,,,,115,2014-10-20T20:00:00.000000Z,MWC_ETP_MELBOURNE,final_effluent,DATASET_03_MELBOURNE_ETP_OUTLET,observed,SHA256:47948ae79b2e703e4c0d89e3bb62f4d8bdc4def6bf8452f69506dc59141e4b96
10/21/2014 1:00:00 PM,26.0,,0.1,3.9,,,116,2014-10-21T13:00:00.000000Z,MWC_ETP_MELBOURNE,final_effluent,DATASET_03_MELBOURNE_ETP_OUTLET,observed,SHA256:47948ae79b2e703e4c0d89e3bb62f4d8bdc4def6bf8452f69506dc59141e4b96
10/22/2014 1:00:00 PM,29.0,,0.08,3.4,,,117,2014-10-22T13:00:00.000000Z,MWC_ETP_MELBOURNE,final_effluent,DATASET_03_MELBOURNE_ETP_OUTLET,observed,SHA256:47948ae79b2e703e4c0d89e3bb62f4d8bdc4def6bf8452f69506dc59141e4b96
10/23/2014 1:00:00 PM,33.0,,0.09,2.7,,,118,2014-10-23T13:00:00.000000Z,MWC_ETP_MELBOURNE,final_effluent,DATASET_03_MELBOURNE_ETP_OUTLET,observed,SHA256:47948ae79b2e703e4c0d89e3bb62f4d8bdc4def6bf8452f69506dc59141e4b96
10/26/2014 1:00:00 PM,31.0,,0.05,5.7,,,119,2014-10-26T13:00:00.000000Z,MWC_ETP_MELBOURNE,final_effluent,DATASET_03_MELBOURNE_ETP_OUTLET,observed,SHA256:47948ae79b2e703e4c0d89e3bb62f4d8bdc4def6bf8452f69506dc59141e4b96
10/27/2014 1:00:00 PM,24.0,,0.24,2.0,,,120,2014-10-27T13:00:00.000000Z,MWC_ETP_MELBOURNE,final_effluent,DATASET_03_MELBOURNE_ETP_OUTLET,observed,SHA256:47948ae79b2e703e4c0d89e3bb62f4d8bdc4def6bf8452f69506dc59141e4b96
10/28/2014 1:00:00 PM,28.0,,0.1,4.6,,,121,2014-10-28T13:00:00.000000Z,MWC_ETP_MELBOURNE,final_effluent,DATASET_03_MELBOURNE_ETP_OUTLET,observed,SHA256:47948ae79b2e703e4c0d89e3bb62f4d8bdc4def6bf8452f69506dc59141e4b96
10/28/2014 8:00:00 PM,,3.0,0.2,2.2,13.0,10.0,122,2014-10-28T20:00:00.000000Z,MWC_ETP_MELBOURNE,final_effluent,DATASET_03_MELBOURNE_ETP_OUTLET,observed,SHA256:47948ae79b2e703e4c0d89e3bb62f4d8bdc4def6bf8452f69506dc59141e4b96
10/29/2014 1:00:00 PM,25.0,,0.12,3.0,,,123,2014-10-29T13:00:00.000000Z,MWC_ETP_MELBOURNE,final_effluent,DATASET_03_MELBOURNE_ETP_OUTLET,observed,SHA256:47948ae79b2e703e4c0d89e3bb62f4d8bdc4def6bf8452f69506dc59141e4b96
10/30/2014 1:00:00 PM,24.0,,0.12,2.7,,,124,2014-10-30T13:00:00.000000Z,MWC_ETP_MELBOURNE,final_effluent,DATASET_03_MELBOURNE_ETP_OUTLET,observed,SHA256:47948ae79b2e703e4c0d89e3bb62f4d8bdc4def6bf8452f69506dc59141e4b96
11/2/2014 1:00:00 PM,27.0,,0.11,4.0,,,125,2014-11-02T13:00:00.000000Z,MWC_ETP_MELBOURNE,final_effluent,DATASET_03_MELBOURNE_ETP_OUTLET,observed,SHA256:47948ae79b2e703e4c0d89e3bb62f4d8bdc4def6bf8452f69506dc59141e4b96
11/4/2014 1:00:00 PM,19.0,,0.1,3.0,,,126,2014-11-04T13:00:00.000000Z,MWC_ETP_MELBOURNE,final_effluent,DATASET_03_MELBOURNE_ETP_OUTLET,observed,SHA256:47948ae79b2e703e4c0d89e3bb62f4d8bdc4def6bf8452f69506dc59141e4b96
11/5/2014 1:00:00 PM,26.0,,0.07,3.0,,,127,2014-11-05T13:00:00.000000Z,MWC_ETP_MELBOURNE,final_effluent,DATASET_03_MELBOURNE_ETP_OUTLET,observed,SHA256:47948ae79b2e703e4c0d89e3bb62f4d8bdc4def6bf8452f69506dc59141e4b96
11/5/2014 8:00:00 PM,,2.0,0.2,,,,128,2014-11-05T20:00:00.000000Z,MWC_ETP_MELBOURNE,final_effluent,DATASET_03_MELBOURNE_ETP_OUTLET,observed,SHA256:47948ae79b2e703e4c0d89e3bb62f4d8bdc4def6bf8452f69506dc59141e4b96
11/6/2014 1:00:00 PM,21.0,,0.15,1.9,,,129,2014-11-06T13:00:00.000000Z,MWC_ETP_MELBOURNE,final_effluent,DATASET_03_MELBOURNE_ETP_OUTLET,observed,SHA256:47948ae79b2e703e4c0d89e3bb62f4d8bdc4def6bf8452f69506dc59141e4b96
11/9/2014 1:00:00 PM,24.0,,0.11,1.4,,,130,2014-11-09T13:00:00.000000Z,MWC_ETP_MELBOURNE,final_effluent,DATASET_03_MELBOURNE_ETP_OUTLET,observed,SHA256:47948ae79b2e703e4c0d89e3bb62f4d8bdc4def6bf8452f69506dc59141e4b96
11/10/2014 1:00:00 PM,12.0,,0.09,1.6,,,131,2014-11-10T13:00:00.000000Z,MWC_ETP_MELBOURNE,final_effluent,DATASET_03_MELBOURNE_ETP_OUTLET,observed,SHA256:47948ae79b2e703e4c0d89e3bb62f4d8bdc4def6bf8452f69506dc59141e4b96
11/11/2014 1:00:00 PM,17.0,,0.1,2.0,,,132,2014-11-11T13:00:00.000000Z,MWC_ETP_MELBOURNE,final_effluent,DATASET_03_MELBOURNE_ETP_OUTLET,observed,SHA256:47948ae79b2e703e4c0d89e3bb62f4d8bdc4def6bf8452f69506dc59141e4b96
11/12/2014 1:00:00 PM,23.0,,0.11,2.8,,,133,2014-11-12T13:00:00.000000Z,MWC_ETP_MELBOURNE,final_effluent,DATASET_03_MELBOURNE_ETP_OUTLET,observed,SHA256:47948ae79b2e703e4c0d89e3bb62f4d8bdc4def6bf8452f69506dc59141e4b96
11/13/2014 1:00:00 PM,22.0,2.0,0.09,2.0,11.0,9.0,134,2014-11-13T13:00:00.000000Z,MWC_ETP_MELBOURNE,final_effluent,DATASET_03_MELBOURNE_ETP_OUTLET,observed,SHA256:47948ae79b2e703e4c0d89e3bb62f4d8bdc4def6bf8452f69506dc59141e4b96
11/16/2014 1:00:00 PM,18.0,,0.1,2.0,,,135,2014-11-16T13:00:00.000000Z,MWC_ETP_MELBOURNE,final_effluent,DATASET_03_MELBOURNE_ETP_OUTLET,observed,SHA256:47948ae79b2e703e4c0d89e3bb62f4d8bdc4def6bf8452f69506dc59141e4b96
11/17/2014 1:00:00 PM,15.0,,0.07,2.5,,,136,2014-11-17T13:00:00.000000Z,MWC_ETP_MELBOURNE,final_effluent,DATASET_03_MELBOURNE_ETP_OUTLET,observed,SHA256:47948ae79b2e703e4c0d89e3bb62f4d8bdc4def6bf8452f69506dc59141e4b96
11/18/2014 1:00:00 PM,21.0,,0.1,2.6,,,137,2014-11-18T13:00:00.000000Z,MWC_ETP_MELBOURNE,final_effluent,DATASET_03_MELBOURNE_ETP_OUTLET,observed,SHA256:47948ae79b2e703e4c0d89e3bb62f4d8bdc4def6bf8452f69506dc59141e4b96
11/19/2014 1:00:00 PM,27.0,,0.07,2.6,,,138,2014-11-19T13:00:00.000000Z,MWC_ETP_MELBOURNE,final_effluent,DATASET_03_MELBOURNE_ETP_OUTLET,observed,SHA256:47948ae79b2e703e4c0d89e3bb62f4d8bdc4def6bf8452f69506dc59141e4b96
11/19/2014 8:00:00 PM,,2.0,0.2,,,,139,2014-11-19T20:00:00.000000Z,MWC_ETP_MELBOURNE,final_effluent,DATASET_03_MELBOURNE_ETP_OUTLET,observed,SHA256:47948ae79b2e703e4c0d89e3bb62f4d8bdc4def6bf8452f69506dc59141e4b96
11/20/2014 1:00:00 PM,17.0,,0.05,3.9,,,140,2014-11-20T13:00:00.000000Z,MWC_ETP_MELBOURNE,final_effluent,DATASET_03_MELBOURNE_ETP_OUTLET,observed,SHA256:47948ae79b2e703e4c0d89e3bb62f4d8bdc4def6bf8452f69506dc59141e4b96
11/23/2014 1:00:00 PM,22.0,,0.06,3.7,,,141,2014-11-23T13:00:00.000000Z,MWC_ETP_MELBOURNE,final_effluent,DATASET_03_MELBOURNE_ETP_OUTLET,observed,SHA256:47948ae79b2e703e4c0d89e3bb62f4d8bdc4def6bf8452f69506dc59141e4b96
11/24/2014 1:00:00 PM,20.0,,0.09,4.0,,,142,2014-11-24T13:00:00.000000Z,MWC_ETP_MELBOURNE,final_effluent,DATASET_03_MELBOURNE_ETP_OUTLET,observed,SHA256:47948ae79b2e703e4c0d89e3bb62f4d8bdc4def6bf8452f69506dc59141e4b96
11/25/2014 1:00:00 PM,18.0,,0.04,2.2,,,143,2014-11-25T13:00:00.000000Z,MWC_ETP_MELBOURNE,final_effluent,DATASET_03_MELBOURNE_ETP_OUTLET,observed,SHA256:47948ae79b2e703e4c0d89e3bb62f4d8bdc4def6bf8452f69506dc59141e4b96
11/25/2014 8:00:00 PM,,2.0,0.1,1.2,14.0,13.0,144,2014-11-25T20:00:00.000000Z,MWC_ETP_MELBOURNE,final_effluent,DATASET_03_MELBOURNE_ETP_OUTLET,observed,SHA256:47948ae79b2e703e4c0d89e3bb62f4d8bdc4def6bf8452f69506dc59141e4b96
11/26/2014 1:00:00 PM,22.0,,0.05,2.2,,,145,2014-11-26T13:00:00.000000Z,MWC_ETP_MELBOURNE,final_effluent,DATASET_03_MELBOURNE_ETP_OUTLET,observed,SHA256:47948ae79b2e703e4c0d89e3bb62f4d8bdc4def6bf8452f69506dc59141e4b96
11/27/2014 1:00:00 PM,16.0,,0.06,1.8,,,146,2014-11-27T13:00:00.000000Z,MWC_ETP_MELBOURNE,final_effluent,DATASET_03_MELBOURNE_ETP_OUTLET,observed,SHA256:47948ae79b2e703e4c0d89e3bb62f4d8bdc4def6bf8452f69506dc59141e4b96
11/30/2014 1:00:00 PM,16.0,,0.09,1.5,,,147,2014-11-30T13:00:00.000000Z,MWC_ETP_MELBOURNE,final_effluent,DATASET_03_MELBOURNE_ETP_OUTLET,observed,SHA256:47948ae79b2e703e4c0d89e3bb62f4d8bdc4def6bf8452f69506dc59141e4b96
12/1/2014 1:00:00 PM,16.0,,0.07,3.7,,,148,2014-12-01T13:00:00.000000Z,MWC_ETP_MELBOURNE,final_effluent,DATASET_03_MELBOURNE_ETP_OUTLET,observed,SHA256:47948ae79b2e703e4c0d89e3bb62f4d8bdc4def6bf8452f69506dc59141e4b96
12/2/2014 1:00:00 PM,15.0,,0.08,2.5,,,149,2014-12-02T13:00:00.000000Z,MWC_ETP_MELBOURNE,final_effluent,DATASET_03_MELBOURNE_ETP_OUTLET,observed,SHA256:47948ae79b2e703e4c0d89e3bb62f4d8bdc4def6bf8452f69506dc59141e4b96
12/3/2014 1:00:00 PM,16.0,,0.08,3.0,,,150,2014-12-03T13:00:00.000000Z,MWC_ETP_MELBOURNE,final_effluent,DATASET_03_MELBOURNE_ETP_OUTLET,observed,SHA256:47948ae79b2e703e4c0d89e3bb62f4d8bdc4def6bf8452f69506dc59141e4b96
2/3/2015 1:00:00 PM,23.0,,0.09,1.7,,,151,2015-02-03T13:00:00.000000Z,MWC_ETP_MELBOURNE,final_effluent,DATASET_03_MELBOURNE_ETP_OUTLET,observed,SHA256:47948ae79b2e703e4c0d89e3bb62f4d8bdc4def6bf8452f69506dc59141e4b96
2/4/2015 1:00:00 PM,33.0,,0.07,3.0,,,152,2015-02-04T13:00:00.000000Z,MWC_ETP_MELBOURNE,final_effluent,DATASET_03_MELBOURNE_ETP_OUTLET,observed,SHA256:47948ae79b2e703e4c0d89e3bb62f4d8bdc4def6bf8452f69506dc59141e4b96
2/4/2015 8:00:00 PM,,2.0,0.1,2.3,14.0,12.0,153,2015-02-04T20:00:00.000000Z,MWC_ETP_MELBOURNE,final_effluent,DATASET_03_MELBOURNE_ETP_OUTLET,observed,SHA256:47948ae79b2e703e4c0d89e3bb62f4d8bdc4def6bf8452f69506dc59141e4b96
2/5/2015 1:00:00 PM,30.0,,0.07,2.3,,,154,2015-02-05T13:00:00.000000Z,MWC_ETP_MELBOURNE,final_effluent,DATASET_03_MELBOURNE_ETP_OUTLET,observed,SHA256:47948ae79b2e703e4c0d89e3bb62f4d8bdc4def6bf8452f69506dc59141e4b96
2/8/2015 1:00:00 PM,28.0,,0.07,2.3,,,155,2015-02-08T13:00:00.000000Z,MWC_ETP_MELBOURNE,final_effluent,DATASET_03_MELBOURNE_ETP_OUTLET,observed,SHA256:47948ae79b2e703e4c0d89e3bb62f4d8bdc4def6bf8452f69506dc59141e4b96
2/9/2015 1:00:00 PM,28.0,,0.05,1.8,,,156,2015-02-09T13:00:00.000000Z,MWC_ETP_MELBOURNE,final_effluent,DATASET_03_MELBOURNE_ETP_OUTLET,observed,SHA256:47948ae79b2e703e4c0d89e3bb62f4d8bdc4def6bf8452f69506dc59141e4b96
2/10/2015 1:00:00 PM,29.0,,0.07,2.0,,,157,2015-02-10T13:00:00.000000Z,MWC_ETP_MELBOURNE,final_effluent,DATASET_03_MELBOURNE_ETP_OUTLET,observed,SHA256:47948ae79b2e703e4c0d89e3bb62f4d8bdc4def6bf8452f69506dc59141e4b96
2/10/2015 8:00:00 PM,,2.0,0.1,,,,158,2015-02-10T20:00:00.000000Z,MWC_ETP_MELBOURNE,final_effluent,DATASET_03_MELBOURNE_ETP_OUTLET,observed,SHA256:47948ae79b2e703e4c0d89e3bb62f4d8bdc4def6bf8452f69506dc59141e4b96
2/11/2015 1:00:00 PM,25.0,,0.06,2.8,,,159,2015-02-11T13:00:00.000000Z,MWC_ETP_MELBOURNE,final_effluent,DATASET_03_MELBOURNE_ETP_OUTLET,observed,SHA256:47948ae79b2e703e4c0d89e3bb62f4d8bdc4def6bf8452f69506dc59141e4b96
2/12/2015 1:00:00 PM,26.0,,0.07,2.0,,,160,2015-02-12T13:00:00.000000Z,MWC_ETP_MELBOURNE,final_effluent,DATASET_03_MELBOURNE_ETP_OUTLET,observed,SHA256:47948ae79b2e703e4c0d89e3bb62f4d8bdc4def6bf8452f69506dc59141e4b96
2/14/2015 1:00:00 PM,23.0,,0.06,1.4,,,161,2015-02-14T13:00:00.000000Z,MWC_ETP_MELBOURNE,final_effluent,DATASET_03_MELBOURNE_ETP_OUTLET,observed,SHA256:47948ae79b2e703e4c0d89e3bb62f4d8bdc4def6bf8452f69506dc59141e4b96
2/15/2015 1:00:00 PM,21.0,,0.08,1.6,,,162,2015-02-15T13:00:00.000000Z,MWC_ETP_MELBOURNE,final_effluent,DATASET_03_MELBOURNE_ETP_OUTLET,observed,SHA256:47948ae79b2e703e4c0d89e3bb62f4d8bdc4def6bf8452f69506dc59141e4b96
2/16/2015 1:00:00 PM,27.0,,0.07,2.9,,,163,2015-02-16T13:00:00.000000Z,MWC_ETP_MELBOURNE,final_effluent,DATASET_03_MELBOURNE_ETP_OUTLET,observed,SHA256:47948ae79b2e703e4c0d89e3bb62f4d8bdc4def6bf8452f69506dc59141e4b96
2/16/2015 8:00:00 PM,,2.0,0.1,1.8,13.0,11.0,164,2015-02-16T20:00:00.000000Z,MWC_ETP_MELBOURNE,final_effluent,DATASET_03_MELBOURNE_ETP_OUTLET,observed,SHA256:47948ae79b2e703e4c0d89e3bb62f4d8bdc4def6bf8452f69506dc59141e4b96
2/17/2015 1:00:00 PM,28.0,,0.08,3.0,,,165,2015-02-17T13:00:00.000000Z,MWC_ETP_MELBOURNE,final_effluent,DATASET_03_MELBOURNE_ETP_OUTLET,observed,SHA256:47948ae79b2e703e4c0d89e3bb62f4d8bdc4def6bf8452f69506dc59141e4b96
2/18/2015 1:00:00 PM,29.0,,0.08,3.5,,,166,2015-02-18T13:00:00.000000Z,MWC_ETP_MELBOURNE,final_effluent,DATASET_03_MELBOURNE_ETP_OUTLET,observed,SHA256:47948ae79b2e703e4c0d89e3bb62f4d8bdc4def6bf8452f69506dc59141e4b96
2/19/2015 1:00:00 PM,32.0,,0.08,2.9,,,167,2015-02-19T13:00:00.000000Z,MWC_ETP_MELBOURNE,final_effluent,DATASET_03_MELBOURNE_ETP_OUTLET,observed,SHA256:47948ae79b2e703e4c0d89e3bb62f4d8bdc4def6bf8452f69506dc59141e4b96
2/22/2015 1:00:00 PM,32.0,,0.07,2.1,,,168,2015-02-22T13:00:00.000000Z,MWC_ETP_MELBOURNE,final_effluent,DATASET_03_MELBOURNE_ETP_OUTLET,observed,SHA256:47948ae79b2e703e4c0d89e3bb62f4d8bdc4def6bf8452f69506dc59141e4b96
2/22/2015 8:00:00 PM,,4.0,0.1,,,,169,2015-02-22T20:00:00.000000Z,MWC_ETP_MELBOURNE,final_effluent,DATASET_03_MELBOURNE_ETP_OUTLET,observed,SHA256:47948ae79b2e703e4c0d89e3bb62f4d8bdc4def6bf8452f69506dc59141e4b96
2/23/2015 1:00:00 PM,27.0,,0.08,2.1,,,170,2015-02-23T13:00:00.000000Z,MWC_ETP_MELBOURNE,final_effluent,DATASET_03_MELBOURNE_ETP_OUTLET,observed,SHA256:47948ae79b2e703e4c0d89e3bb62f4d8bdc4def6bf8452f69506dc59141e4b96
2/24/2015 1:00:00 PM,24.0,,0.07,2.8,,,171,2015-02-24T13:00:00.000000Z,MWC_ETP_MELBOURNE,final_effluent,DATASET_03_MELBOURNE_ETP_OUTLET,observed,SHA256:47948ae79b2e703e4c0d89e3bb62f4d8bdc4def6bf8452f69506dc59141e4b96
2/25/2015 1:00:00 PM,28.0,,0.07,2.0,,,172,2015-02-25T13:00:00.000000Z,MWC_ETP_MELBOURNE,final_effluent,DATASET_03_MELBOURNE_ETP_OUTLET,observed,SHA256:47948ae79b2e703e4c0d89e3bb62f4d8bdc4def6bf8452f69506dc59141e4b96
2/26/2015 1:00:00 PM,34.0,,0.09,3.9,,,173,2015-02-26T13:00:00.000000Z,MWC_ETP_MELBOURNE,final_effluent,DATASET_03_MELBOURNE_ETP_OUTLET,observed,SHA256:47948ae79b2e703e4c0d89e3bb62f4d8bdc4def6bf8452f69506dc59141e4b96
3/1/2015 1:00:00 PM,30.0,,0.08,1.7,,,174,2015-03-01T13:00:00.000000Z,MWC_ETP_MELBOURNE,final_effluent,DATASET_03_MELBOURNE_ETP_OUTLET,observed,SHA256:47948ae79b2e703e4c0d89e3bb62f4d8bdc4def6bf8452f69506dc59141e4b96
3/2/2015 1:00:00 PM,28.0,,0.06,1.9,,,175,2015-03-02T13:00:00.000000Z,MWC_ETP_MELBOURNE,final_effluent,DATASET_03_MELBOURNE_ETP_OUTLET,observed,SHA256:47948ae79b2e703e4c0d89e3bb62f4d8bdc4def6bf8452f69506dc59141e4b96
3/2/2015 8:00:00 PM,,2.0,0.1,1.3,17.0,15.0,176,2015-03-02T20:00:00.000000Z,MWC_ETP_MELBOURNE,final_effluent,DATASET_03_MELBOURNE_ETP_OUTLET,observed,SHA256:47948ae79b2e703e4c0d89e3bb62f4d8bdc4def6bf8452f69506dc59141e4b96
3/3/2015 1:00:00 PM,28.0,,0.07,24.0,,,177,2015-03-03T13:00:00.000000Z,MWC_ETP_MELBOURNE,final_effluent,DATASET_03_MELBOURNE_ETP_OUTLET,observed,SHA256:47948ae79b2e703e4c0d89e3bb62f4d8bdc4def6bf8452f69506dc59141e4b96
3/4/2015 1:00:00 PM,35.0,,0.09,1.7,,,178,2015-03-04T13:00:00.000000Z,MWC_ETP_MELBOURNE,final_effluent,DATASET_03_MELBOURNE_ETP_OUTLET,observed,SHA256:47948ae79b2e703e4c0d89e3bb62f4d8bdc4def6bf8452f69506dc59141e4b96
3/5/2015 1:00:00 PM,39.0,,0.09,1.7,,,179,2015-03-05T13:00:00.000000Z,MWC_ETP_MELBOURNE,final_effluent,DATASET_03_MELBOURNE_ETP_OUTLET,observed,SHA256:47948ae79b2e703e4c0d89e3bb62f4d8bdc4def6bf8452f69506dc59141e4b96
3/6/2015 1:00:00 PM,29.0,,0.09,2.3,,,180,2015-03-06T13:00:00.000000Z,MWC_ETP_MELBOURNE,final_effluent,DATASET_03_MELBOURNE_ETP_OUTLET,observed,SHA256:47948ae79b2e703e4c0d89e3bb62f4d8bdc4def6bf8452f69506dc59141e4b96
3/9/2015 1:00:00 PM,35.0,,0.09,3.2,,,181,2015-03-09T13:00:00.000000Z,MWC_ETP_MELBOURNE,final_effluent,DATASET_03_MELBOURNE_ETP_OUTLET,observed,SHA256:47948ae79b2e703e4c0d89e3bb62f4d8bdc4def6bf8452f69506dc59141e4b96
3/10/2015 1:00:00 PM,28.0,,0.09,2.0,,,182,2015-03-10T13:00:00.000000Z,MWC_ETP_MELBOURNE,final_effluent,DATASET_03_MELBOURNE_ETP_OUTLET,observed,SHA256:47948ae79b2e703e4c0d89e3bb62f4d8bdc4def6bf8452f69506dc59141e4b96
3/10/2015 8:00:00 PM,,4.0,0.1,,,,183,2015-03-10T20:00:00.000000Z,MWC_ETP_MELBOURNE,final_effluent,DATASET_03_MELBOURNE_ETP_OUTLET,observed,SHA256:47948ae79b2e703e4c0d89e3bb62f4d8bdc4def6bf8452f69506dc59141e4b96
3/11/2015 1:00:00 PM,35.0,,0.08,2.5,,,184,2015-03-11T13:00:00.000000Z,MWC_ETP_MELBOURNE,final_effluent,DATASET_03_MELBOURNE_ETP_OUTLET,observed,SHA256:47948ae79b2e703e4c0d89e3bb62f4d8bdc4def6bf8452f69506dc59141e4b96
3/12/2015 1:00:00 PM,38.0,,0.06,1.9,,,185,2015-03-12T13:00:00.000000Z,MWC_ETP_MELBOURNE,final_effluent,DATASET_03_MELBOURNE_ETP_OUTLET,observed,SHA256:47948ae79b2e703e4c0d89e3bb62f4d8bdc4def6bf8452f69506dc59141e4b96
3/15/2015 1:00:00 PM,28.0,,0.07,3.7,,,186,2015-03-15T13:00:00.000000Z,MWC_ETP_MELBOURNE,final_effluent,DATASET_03_MELBOURNE_ETP_OUTLET,observed,SHA256:47948ae79b2e703e4c0d89e3bb62f4d8bdc4def6bf8452f69506dc59141e4b96
3/16/2015 1:00:00 PM,28.0,,0.05,1.7,,,187,2015-03-16T13:00:00.000000Z,MWC_ETP_MELBOURNE,final_effluent,DATASET_03_MELBOURNE_ETP_OUTLET,observed,SHA256:47948ae79b2e703e4c0d89e3bb62f4d8bdc4def6bf8452f69506dc59141e4b96
3/17/2015 1:00:00 PM,27.0,,0.07,1.6,,,188,2015-03-17T13:00:00.000000Z,MWC_ETP_MELBOURNE,final_effluent,DATASET_03_MELBOURNE_ETP_OUTLET,observed,SHA256:47948ae79b2e703e4c0d89e3bb62f4d8bdc4def6bf8452f69506dc59141e4b96
3/18/2015 1:00:00 PM,33.0,,0.8,1.4,,,189,2015-03-18T13:00:00.000000Z,MWC_ETP_MELBOURNE,final_effluent,DATASET_03_MELBOURNE_ETP_OUTLET,observed,SHA256:47948ae79b2e703e4c0d89e3bb62f4d8bdc4def6bf8452f69506dc59141e4b96
3/18/2015 8:00:00 PM,,3.0,0.1,1.7,12.0,11.0,190,2015-03-18T20:00:00.000000Z,MWC_ETP_MELBOURNE,final_effluent,DATASET_03_MELBOURNE_ETP_OUTLET,observed,SHA256:47948ae79b2e703e4c0d89e3bb62f4d8bdc4def6bf8452f69506dc59141e4b96
3/19/2015 1:00:00 PM,30.0,,0.08,3.1,,,191,2015-03-19T13:00:00.000000Z,MWC_ETP_MELBOURNE,final_effluent,DATASET_03_MELBOURNE_ETP_OUTLET,observed,SHA256:47948ae79b2e703e4c0d89e3bb62f4d8bdc4def6bf8452f69506dc59141e4b96
3/22/2015 1:00:00 PM,33.0,,0.09,2.0,,,192,2015-03-22T13:00:00.000000Z,MWC_ETP_MELBOURNE,final_effluent,DATASET_03_MELBOURNE_ETP_OUTLET,observed,SHA256:47948ae79b2e703e4c0d89e3bb62f4d8bdc4def6bf8452f69506dc59141e4b96
3/23/2015 1:00:00 PM,35.0,,0.08,3.6,,,193,2015-03-23T13:00:00.000000Z,MWC_ETP_MELBOURNE,final_effluent,DATASET_03_MELBOURNE_ETP_OUTLET,observed,SHA256:47948ae79b2e703e4c0d89e3bb62f4d8bdc4def6bf8452f69506dc59141e4b96
3/24/2015 1:00:00 PM,31.0,,0.08,1.4,,,194,2015-03-24T13:00:00.000000Z,MWC_ETP_MELBOURNE,final_effluent,DATASET_03_MELBOURNE_ETP_OUTLET,observed,SHA256:47948ae79b2e703e4c0d89e3bb62f4d8bdc4def6bf8452f69506dc59141e4b96
3/25/2015 1:00:00 PM,34.0,,0.08,1.7,,,195,2015-03-25T13:00:00.000000Z,MWC_ETP_MELBOURNE,final_effluent,DATASET_03_MELBOURNE_ETP_OUTLET,observed,SHA256:47948ae79b2e703e4c0d89e3bb62f4d8bdc4def6bf8452f69506dc59141e4b96
3/26/2015 1:00:00 PM,33.0,,0.08,1.2,,,196,2015-03-26T13:00:00.000000Z,MWC_ETP_MELBOURNE,final_effluent,DATASET_03_MELBOURNE_ETP_OUTLET,observed,SHA256:47948ae79b2e703e4c0d89e3bb62f4d8bdc4def6bf8452f69506dc59141e4b96
3/26/2015 8:00:00 PM,,3.0,0.1,,,,197,2015-03-26T20:00:00.000000Z,MWC_ETP_MELBOURNE,final_effluent,DATASET_03_MELBOURNE_ETP_OUTLET,observed,SHA256:47948ae79b2e703e4c0d89e3bb62f4d8bdc4def6bf8452f69506dc59141e4b96
3/29/2015 1:00:00 PM,40.0,,0.08,1.1,,,198,2015-03-29T13:00:00.000000Z,MWC_ETP_MELBOURNE,final_effluent,DATASET_03_MELBOURNE_ETP_OUTLET,observed,SHA256:47948ae79b2e703e4c0d89e3bb62f4d8bdc4def6bf8452f69506dc59141e4b96
3/30/2015 1:00:00 PM,24.0,,0.08,1.8,,,199,2015-03-30T13:00:00.000000Z,MWC_ETP_MELBOURNE,final_effluent,DATASET_03_MELBOURNE_ETP_OUTLET,observed,SHA256:47948ae79b2e703e4c0d89e3bb62f4d8bdc4def6bf8452f69506dc59141e4b96
3/30/2015 8:00:00 PM,,3.0,0.1,1.6,16.0,15.0,200,2015-03-30T20:00:00.000000Z,MWC_ETP_MELBOURNE,final_effluent,DATASET_03_MELBOURNE_ETP_OUTLET,observed,SHA256:47948ae79b2e703e4c0d89e3bb62f4d8bdc4def6bf8452f69506dc59141e4b96
5/19/2014 2:00:00 PM,24.0,,0.1,4.3,,,201,2014-05-19T14:00:00.000000Z,MWC_ETP_MELBOURNE,final_effluent,DATASET_03_MELBOURNE_ETP_OUTLET,observed,SHA256:47948ae79b2e703e4c0d89e3bb62f4d8bdc4def6bf8452f69506dc59141e4b96
7/24/2014 2:00:00 PM,32.0,,0.07,2.4,,,202,2014-07-24T14:00:00.000000Z,MWC_ETP_MELBOURNE,final_effluent,DATASET_03_MELBOURNE_ETP_OUTLET,observed,SHA256:47948ae79b2e703e4c0d89e3bb62f4d8bdc4def6bf8452f69506dc59141e4b96
7/24/2014 9:00:00 PM,,2.0,0.1,1.1,13.0,12.0,203,2014-07-24T21:00:00.000000Z,MWC_ETP_MELBOURNE,final_effluent,DATASET_03_MELBOURNE_ETP_OUTLET,observed,SHA256:47948ae79b2e703e4c0d89e3bb62f4d8bdc4def6bf8452f69506dc59141e4b96
7/27/2014 2:00:00 PM,25.0,,0.06,1.7,,,204,2014-07-27T14:00:00.000000Z,MWC_ETP_MELBOURNE,final_effluent,DATASET_03_MELBOURNE_ETP_OUTLET,observed,SHA256:47948ae79b2e703e4c0d89e3bb62f4d8bdc4def6bf8452f69506dc59141e4b96
7/28/2014 2:00:00 PM,27.0,,0.05,1.4,,,205,2014-07-28T14:00:00.000000Z,MWC_ETP_MELBOURNE,final_effluent,DATASET_03_MELBOURNE_ETP_OUTLET,observed,SHA256:47948ae79b2e703e4c0d89e3bb62f4d8bdc4def6bf8452f69506dc59141e4b96
7/29/2014 2:00:00 PM,19.0,,0.05,1.6,,,206,2014-07-29T14:00:00.000000Z,MWC_ETP_MELBOURNE,final_effluent,DATASET_03_MELBOURNE_ETP_OUTLET,observed,SHA256:47948ae79b2e703e4c0d89e3bb62f4d8bdc4def6bf8452f69506dc59141e4b96
7/30/2014 2:00:00 PM,24.0,,0.04,1.6,,,207,2014-07-30T14:00:00.000000Z,MWC_ETP_MELBOURNE,final_effluent,DATASET_03_MELBOURNE_ETP_OUTLET,observed,SHA256:47948ae79b2e703e4c0d89e3bb62f4d8bdc4def6bf8452f69506dc59141e4b96
7/30/2014 9:00:00 PM,,2.0,0.6,,,,208,2014-07-30T21:00:00.000000Z,MWC_ETP_MELBOURNE,final_effluent,DATASET_03_MELBOURNE_ETP_OUTLET,observed,SHA256:47948ae79b2e703e4c0d89e3bb62f4d8bdc4def6bf8452f69506dc59141e4b96
7/31/2014 2:00:00 PM,25.0,,0.06,1.3,,,209,2014-07-31T14:00:00.000000Z,MWC_ETP_MELBOURNE,final_effluent,DATASET_03_MELBOURNE_ETP_OUTLET,observed,SHA256:47948ae79b2e703e4c0d89e3bb62f4d8bdc4def6bf8452f69506dc59141e4b96
8/3/2014 2:00:00 PM,20.0,,0.07,2.5,,,210,2014-08-03T14:00:00.000000Z,MWC_ETP_MELBOURNE,final_effluent,DATASET_03_MELBOURNE_ETP_OUTLET,observed,SHA256:47948ae79b2e703e4c0d89e3bb62f4d8bdc4def6bf8452f69506dc59141e4b96
8/4/2014 2:00:00 PM,20.0,,0.06,1.2,,,211,2014-08-04T14:00:00.000000Z,MWC_ETP_MELBOURNE,final_effluent,DATASET_03_MELBOURNE_ETP_OUTLET,observed,SHA256:47948ae79b2e703e4c0d89e3bb62f4d8bdc4def6bf8452f69506dc59141e4b96
8/5/2014 2:00:00 PM,20.0,,0.09,1.5,,,212,2014-08-05T14:00:00.000000Z,MWC_ETP_MELBOURNE,final_effluent,DATASET_03_MELBOURNE_ETP_OUTLET,observed,SHA256:47948ae79b2e703e4c0d89e3bb62f4d8bdc4def6bf8452f69506dc59141e4b96
8/5/2014 9:00:00 PM,,3.0,0.2,1.1,16.0,15.0,213,2014-08-05T21:00:00.000000Z,MWC_ETP_MELBOURNE,final_effluent,DATASET_03_MELBOURNE_ETP_OUTLET,observed,SHA256:47948ae79b2e703e4c0d89e3bb62f4d8bdc4def6bf8452f69506dc59141e4b96
8/6/2014 2:00:00 PM,28.0,,0.06,1.5,,,214,2014-08-06T14:00:00.000000Z,MWC_ETP_MELBOURNE,final_effluent,DATASET_03_MELBOURNE_ETP_OUTLET,observed,SHA256:47948ae79b2e703e4c0d89e3bb62f4d8bdc4def6bf8452f69506dc59141e4b96
8/7/2014 2:00:00 PM,28.0,,0.09,1.8,,,215,2014-08-07T14:00:00.000000Z,MWC_ETP_MELBOURNE,final_effluent,DATASET_03_MELBOURNE_ETP_OUTLET,observed,SHA256:47948ae79b2e703e4c0d89e3bb62f4d8bdc4def6bf8452f69506dc59141e4b96
8/8/2014 2:00:00 PM,22.0,,0.05,2.7,,,216,2014-08-08T14:00:00.000000Z,MWC_ETP_MELBOURNE,final_effluent,DATASET_03_MELBOURNE_ETP_OUTLET,observed,SHA256:47948ae79b2e703e4c0d89e3bb62f4d8bdc4def6bf8452f69506dc59141e4b96
8/10/2014 2:00:00 PM,22.0,,0.1,1.6,,,217,2014-08-10T14:00:00.000000Z,MWC_ETP_MELBOURNE,final_effluent,DATASET_03_MELBOURNE_ETP_OUTLET,observed,SHA256:47948ae79b2e703e4c0d89e3bb62f4d8bdc4def6bf8452f69506dc59141e4b96
8/11/2014 2:00:00 PM,21.0,,0.07,1.7,,,218,2014-08-11T14:00:00.000000Z,MWC_ETP_MELBOURNE,final_effluent,DATASET_03_MELBOURNE_ETP_OUTLET,observed,SHA256:47948ae79b2e703e4c0d89e3bb62f4d8bdc4def6bf8452f69506dc59141e4b96
8/11/2014 9:00:00 PM,,3.0,0.1,,,,219,2014-08-11T21:00:00.000000Z,MWC_ETP_MELBOURNE,final_effluent,DATASET_03_MELBOURNE_ETP_OUTLET,observed,SHA256:47948ae79b2e703e4c0d89e3bb62f4d8bdc4def6bf8452f69506dc59141e4b96
8/12/2014 2:00:00 PM,22.0,,0.09,1.2,,,220,2014-08-12T14:00:00.000000Z,MWC_ETP_MELBOURNE,final_effluent,DATASET_03_MELBOURNE_ETP_OUTLET,observed,SHA256:47948ae79b2e703e4c0d89e3bb62f4d8bdc4def6bf8452f69506dc59141e4b96
8/13/2014 2:00:00 PM,25.0,,0.06,1.7,,,221,2014-08-13T14:00:00.000000Z,MWC_ETP_MELBOURNE,final_effluent,DATASET_03_MELBOURNE_ETP_OUTLET,observed,SHA256:47948ae79b2e703e4c0d89e3bb62f4d8bdc4def6bf8452f69506dc59141e4b96
8/14/2014 2:00:00 PM,27.0,,0.09,1.8,,,222,2014-08-14T14:00:00.000000Z,MWC_ETP_MELBOURNE,final_effluent,DATASET_03_MELBOURNE_ETP_OUTLET,observed,SHA256:47948ae79b2e703e4c0d89e3bb62f4d8bdc4def6bf8452f69506dc59141e4b96
8/17/2014 2:00:00 PM,30.0,,0.1,2.0,,,223,2014-08-17T14:00:00.000000Z,MWC_ETP_MELBOURNE,final_effluent,DATASET_03_MELBOURNE_ETP_OUTLET,observed,SHA256:47948ae79b2e703e4c0d89e3bb62f4d8bdc4def6bf8452f69506dc59141e4b96
8/17/2014 9:00:00 PM,,2.0,0.2,1.3,17.0,16.0,224,2014-08-17T21:00:00.000000Z,MWC_ETP_MELBOURNE,final_effluent,DATASET_03_MELBOURNE_ETP_OUTLET,observed,SHA256:47948ae79b2e703e4c0d89e3bb62f4d8bdc4def6bf8452f69506dc59141e4b96
8/18/2014 2:00:00 PM,34.0,,0.2,1.3,,,225,2014-08-18T14:00:00.000000Z,MWC_ETP_MELBOURNE,final_effluent,DATASET_03_MELBOURNE_ETP_OUTLET,observed,SHA256:47948ae79b2e703e4c0d89e3bb62f4d8bdc4def6bf8452f69506dc59141e4b96
8/19/2014 2:00:00 PM,28.0,,0.15,3.0,,,226,2014-08-19T14:00:00.000000Z,MWC_ETP_MELBOURNE,final_effluent,DATASET_03_MELBOURNE_ETP_OUTLET,observed,SHA256:47948ae79b2e703e4c0d89e3bb62f4d8bdc4def6bf8452f69506dc59141e4b96
8/20/2014 2:00:00 PM,32.0,,0.18,4.0,,,227,2014-08-20T14:00:00.000000Z,MWC_ETP_MELBOURNE,final_effluent,DATASET_03_MELBOURNE_ETP_OUTLET,observed,SHA256:47948ae79b2e703e4c0d89e3bb62f4d8bdc4def6bf8452f69506dc59141e4b96
8/21/2014 2:00:00 PM,28.0,,0.1,1.8,,,228,2014-08-21T14:00:00.000000Z,MWC_ETP_MELBOURNE,final_effluent,DATASET_03_MELBOURNE_ETP_OUTLET,observed,SHA256:47948ae79b2e703e4c0d89e3bb62f4d8bdc4def6bf8452f69506dc59141e4b96
8/24/2014 2:00:00 PM,23.0,,0.13,2.5,,,229,2014-08-24T14:00:00.000000Z,MWC_ETP_MELBOURNE,final_effluent,DATASET_03_MELBOURNE_ETP_OUTLET,observed,SHA256:47948ae79b2e703e4c0d89e3bb62f4d8bdc4def6bf8452f69506dc59141e4b96
8/25/2014 2:00:00 PM,20.0,,0.09,1.4,,,230,2014-08-25T14:00:00.000000Z,MWC_ETP_MELBOURNE,final_effluent,DATASET_03_MELBOURNE_ETP_OUTLET,observed,SHA256:47948ae79b2e703e4c0d89e3bb62f4d8bdc4def6bf8452f69506dc59141e4b96
8/25/2014 9:00:00 PM,,2.0,0.1,,,,231,2014-08-25T21:00:00.000000Z,MWC_ETP_MELBOURNE,final_effluent,DATASET_03_MELBOURNE_ETP_OUTLET,observed,SHA256:47948ae79b2e703e4c0d89e3bb62f4d8bdc4def6bf8452f69506dc59141e4b96
8/26/2014 2:00:00 PM,24.0,,0.16,1.4,,,232,2014-08-26T14:00:00.000000Z,MWC_ETP_MELBOURNE,final_effluent,DATASET_03_MELBOURNE_ETP_OUTLET,observed,SHA256:47948ae79b2e703e4c0d89e3bb62f4d8bdc4def6bf8452f69506dc59141e4b96
8/27/2014 2:00:00 PM,30.0,,0.2,2.0,,,233,2014-08-27T14:00:00.000000Z,MWC_ETP_MELBOURNE,final_effluent,DATASET_03_MELBOURNE_ETP_OUTLET,observed,SHA256:47948ae79b2e703e4c0d89e3bb62f4d8bdc4def6bf8452f69506dc59141e4b96
8/28/2014 2:00:00 PM,32.0,,0.1,2.3,,,234,2014-08-28T14:00:00.000000Z,MWC_ETP_MELBOURNE,final_effluent,DATASET_03_MELBOURNE_ETP_OUTLET,observed,SHA256:47948ae79b2e703e4c0d89e3bb62f4d8bdc4def6bf8452f69506dc59141e4b96
8/31/2014 2:00:00 PM,24.0,,0.15,4.0,,,235,2014-08-31T14:00:00.000000Z,MWC_ETP_MELBOURNE,final_effluent,DATASET_03_MELBOURNE_ETP_OUTLET,observed,SHA256:47948ae79b2e703e4c0d89e3bb62f4d8bdc4def6bf8452f69506dc59141e4b96
9/1/2014 2:00:00 PM,24.0,,0.16,3.5,,,236,2014-09-01T14:00:00.000000Z,MWC_ETP_MELBOURNE,final_effluent,DATASET_03_MELBOURNE_ETP_OUTLET,observed,SHA256:47948ae79b2e703e4c0d89e3bb62f4d8bdc4def6bf8452f69506dc59141e4b96
9/2/2014 2:00:00 PM,25.0,,0.16,3.0,,,237,2014-09-02T14:00:00.000000Z,MWC_ETP_MELBOURNE,final_effluent,DATASET_03_MELBOURNE_ETP_OUTLET,observed,SHA256:47948ae79b2e703e4c0d89e3bb62f4d8bdc4def6bf8452f69506dc59141e4b96
9/2/2014 9:00:00 PM,,2.0,0.1,1.1,16.0,15.0,238,2014-09-02T21:00:00.000000Z,MWC_ETP_MELBOURNE,final_effluent,DATASET_03_MELBOURNE_ETP_OUTLET,observed,SHA256:47948ae79b2e703e4c0d89e3bb62f4d8bdc4def6bf8452f69506dc59141e4b96
9/3/2014 2:00:00 PM,33.0,,0.25,2.0,,,239,2014-09-03T14:00:00.000000Z,MWC_ETP_MELBOURNE,final_effluent,DATASET_03_MELBOURNE_ETP_OUTLET,observed,SHA256:47948ae79b2e703e4c0d89e3bb62f4d8bdc4def6bf8452f69506dc59141e4b96
9/4/2014 2:00:00 PM,27.0,,0.1,2.6,,,240,2014-09-04T14:00:00.000000Z,MWC_ETP_MELBOURNE,final_effluent,DATASET_03_MELBOURNE_ETP_OUTLET,observed,SHA256:47948ae79b2e703e4c0d89e3bb62f4d8bdc4def6bf8452f69506dc59141e4b96
9/7/2014 2:00:00 PM,20.0,,0.09,3.4,,,241,2014-09-07T14:00:00.000000Z,MWC_ETP_MELBOURNE,final_effluent,DATASET_03_MELBOURNE_ETP_OUTLET,observed,SHA256:47948ae79b2e703e4c0d89e3bb62f4d8bdc4def6bf8452f69506dc59141e4b96
9/8/2014 2:00:00 PM,21.0,,0.06,5.0,,,242,2014-09-08T14:00:00.000000Z,MWC_ETP_MELBOURNE,final_effluent,DATASET_03_MELBOURNE_ETP_OUTLET,observed,SHA256:47948ae79b2e703e4c0d89e3bb62f4d8bdc4def6bf8452f69506dc59141e4b96
9/9/2014 2:00:00 PM,21.0,,0.11,3.2,,,243,2014-09-09T14:00:00.000000Z,MWC_ETP_MELBOURNE,final_effluent,DATASET_03_MELBOURNE_ETP_OUTLET,observed,SHA256:47948ae79b2e703e4c0d89e3bb62f4d8bdc4def6bf8452f69506dc59141e4b96
9/10/2014 2:00:00 PM,30.0,,0.3,5.3,,,244,2014-09-10T14:00:00.000000Z,MWC_ETP_MELBOURNE,final_effluent,DATASET_03_MELBOURNE_ETP_OUTLET,observed,SHA256:47948ae79b2e703e4c0d89e3bb62f4d8bdc4def6bf8452f69506dc59141e4b96
9/10/2014 9:00:00 PM,,2.0,0.3,,,,245,2014-09-10T21:00:00.000000Z,MWC_ETP_MELBOURNE,final_effluent,DATASET_03_MELBOURNE_ETP_OUTLET,observed,SHA256:47948ae79b2e703e4c0d89e3bb62f4d8bdc4def6bf8452f69506dc59141e4b96
9/11/2014 2:00:00 PM,21.0,,0.28,5.7,,,246,2014-09-11T14:00:00.000000Z,MWC_ETP_MELBOURNE,final_effluent,DATASET_03_MELBOURNE_ETP_OUTLET,observed,SHA256:47948ae79b2e703e4c0d89e3bb62f4d8bdc4def6bf8452f69506dc59141e4b96
9/14/2014 2:00:00 PM,18.0,,0.06,2.3,,,247,2014-09-14T14:00:00.000000Z,MWC_ETP_MELBOURNE,final_effluent,DATASET_03_MELBOURNE_ETP_OUTLET,observed,SHA256:47948ae79b2e703e4c0d89e3bb62f4d8bdc4def6bf8452f69506dc59141e4b96
9/15/2014 2:00:00 PM,21.0,,0.07,2.6,,,248,2014-09-15T14:00:00.000000Z,MWC_ETP_MELBOURNE,final_effluent,DATASET_03_MELBOURNE_ETP_OUTLET,observed,SHA256:47948ae79b2e703e4c0d89e3bb62f4d8bdc4def6bf8452f69506dc59141e4b96
9/16/2014 2:00:00 PM,27.0,,0.08,1.8,,,249,2014-09-16T14:00:00.000000Z,MWC_ETP_MELBOURNE,final_effluent,DATASET_03_MELBOURNE_ETP_OUTLET,observed,SHA256:47948ae79b2e703e4c0d89e3bb62f4d8bdc4def6bf8452f69506dc59141e4b96
9/18/2014 9:00:00 PM,,2.0,0.1,2.3,13.0,11.0,250,2014-09-18T21:00:00.000000Z,MWC_ETP_MELBOURNE,final_effluent,DATASET_03_MELBOURNE_ETP_OUTLET,observed,SHA256:47948ae79b2e703e4c0d89e3bb62f4d8bdc4def6bf8452f69506dc59141e4b96
9/24/2014 9:00:00 PM,,5.0,0.7,,,,251,2014-09-24T21:00:00.000000Z,MWC_ETP_MELBOURNE,final_effluent,DATASET_03_MELBOURNE_ETP_OUTLET,observed,SHA256:47948ae79b2e703e4c0d89e3bb62f4d8bdc4def6bf8452f69506dc59141e4b96
5/20/2014 2:00:00 PM,21.0,,0.07,3.3,,,252,2014-05-20T14:00:00.000000Z,MWC_ETP_MELBOURNE,final_effluent,DATASET_03_MELBOURNE_ETP_OUTLET,observed,SHA256:47948ae79b2e703e4c0d89e3bb62f4d8bdc4def6bf8452f69506dc59141e4b96
5/21/2014 2:00:00 PM,28.0,2.0,0.06,1.5,,,253,2014-05-21T14:00:00.000000Z,MWC_ETP_MELBOURNE,final_effluent,DATASET_03_MELBOURNE_ETP_OUTLET,observed,SHA256:47948ae79b2e703e4c0d89e3bb62f4d8bdc4def6bf8452f69506dc59141e4b96
5/22/2014 2:00:00 PM,25.0,,0.06,1.4,,,254,2014-05-22T14:00:00.000000Z,MWC_ETP_MELBOURNE,final_effluent,DATASET_03_MELBOURNE_ETP_OUTLET,observed,SHA256:47948ae79b2e703e4c0d89e3bb62f4d8bdc4def6bf8452f69506dc59141e4b96
5/25/2014 2:00:00 PM,23.0,,0.22,2.3,,,255,2014-05-25T14:00:00.000000Z,MWC_ETP_MELBOURNE,final_effluent,DATASET_03_MELBOURNE_ETP_OUTLET,observed,SHA256:47948ae79b2e703e4c0d89e3bb62f4d8bdc4def6bf8452f69506dc59141e4b96
5/26/2014 2:00:00 PM,21.0,,0.09,2.2,,,256,2014-05-26T14:00:00.000000Z,MWC_ETP_MELBOURNE,final_effluent,DATASET_03_MELBOURNE_ETP_OUTLET,observed,SHA256:47948ae79b2e703e4c0d89e3bb62f4d8bdc4def6bf8452f69506dc59141e4b96
5/27/2014 2:00:00 PM,16.0,,0.05,1.4,,,257,2014-05-27T14:00:00.000000Z,MWC_ETP_MELBOURNE,final_effluent,DATASET_03_MELBOURNE_ETP_OUTLET,observed,SHA256:47948ae79b2e703e4c0d89e3bb62f4d8bdc4def6bf8452f69506dc59141e4b96
5/28/2014 2:00:00 PM,26.0,,0.05,2.0,,,258,2014-05-28T14:00:00.000000Z,MWC_ETP_MELBOURNE,final_effluent,DATASET_03_MELBOURNE_ETP_OUTLET,observed,SHA256:47948ae79b2e703e4c0d89e3bb62f4d8bdc4def6bf8452f69506dc59141e4b96
5/29/2014 2:00:00 PM,24.0,2.0,0.04,1.3,12.0,11.0,259,2014-05-29T14:00:00.000000Z,MWC_ETP_MELBOURNE,final_effluent,DATASET_03_MELBOURNE_ETP_OUTLET,observed,SHA256:47948ae79b2e703e4c0d89e3bb62f4d8bdc4def6bf8452f69506dc59141e4b96
6/1/2014 2:00:00 PM,22.0,,0.07,3.9,,,260,2014-06-01T14:00:00.000000Z,MWC_ETP_MELBOURNE,final_effluent,DATASET_03_MELBOURNE_ETP_OUTLET,observed,SHA256:47948ae79b2e703e4c0d89e3bb62f4d8bdc4def6bf8452f69506dc59141e4b96
6/2/2014 2:00:00 PM,29.0,,0.08,1.0,,,261,2014-06-02T14:00:00.000000Z,MWC_ETP_MELBOURNE,final_effluent,DATASET_03_MELBOURNE_ETP_OUTLET,observed,SHA256:47948ae79b2e703e4c0d89e3bb62f4d8bdc4def6bf8452f69506dc59141e4b96
6/3/2014 2:00:00 PM,17.0,,0.08,1.4,,,262,2014-06-03T14:00:00.000000Z,MWC_ETP_MELBOURNE,final_effluent,DATASET_03_MELBOURNE_ETP_OUTLET,observed,SHA256:47948ae79b2e703e4c0d89e3bb62f4d8bdc4def6bf8452f69506dc59141e4b96
6/4/2014 2:00:00 PM,35.0,2.0,0.05,1.5,,,263,2014-06-04T14:00:00.000000Z,MWC_ETP_MELBOURNE,final_effluent,DATASET_03_MELBOURNE_ETP_OUTLET,observed,SHA256:47948ae79b2e703e4c0d89e3bb62f4d8bdc4def6bf8452f69506dc59141e4b96
6/5/2014 2:00:00 PM,24.0,,0.15,1.5,,,264,2014-06-05T14:00:00.000000Z,MWC_ETP_MELBOURNE,final_effluent,DATASET_03_MELBOURNE_ETP_OUTLET,observed,SHA256:47948ae79b2e703e4c0d89e3bb62f4d8bdc4def6bf8452f69506dc59141e4b96
6/6/2014 2:00:00 PM,26.0,,0.12,2.2,,,265,2014-06-06T14:00:00.000000Z,MWC_ETP_MELBOURNE,final_effluent,DATASET_03_MELBOURNE_ETP_OUTLET,observed,SHA256:47948ae79b2e703e4c0d89e3bb62f4d8bdc4def6bf8452f69506dc59141e4b96
6/9/2014 2:00:00 PM,20.0,,0.06,2.5,,,266,2014-06-09T14:00:00.000000Z,MWC_ETP_MELBOURNE,final_effluent,DATASET_03_MELBOURNE_ETP_OUTLET,observed,SHA256:47948ae79b2e703e4c0d89e3bb62f4d8bdc4def6bf8452f69506dc59141e4b96
6/10/2014 2:00:00 PM,15.0,2.0,0.07,0.8,22.0,21.0,267,2014-06-10T14:00:00.000000Z,MWC_ETP_MELBOURNE,final_effluent,DATASET_03_MELBOURNE_ETP_OUTLET,observed,SHA256:47948ae79b2e703e4c0d89e3bb62f4d8bdc4def6bf8452f69506dc59141e4b96
6/11/2014 2:00:00 PM,21.0,,0.07,2.0,,,268,2014-06-11T14:00:00.000000Z,MWC_ETP_MELBOURNE,final_effluent,DATASET_03_MELBOURNE_ETP_OUTLET,observed,SHA256:47948ae79b2e703e4c0d89e3bb62f4d8bdc4def6bf8452f69506dc59141e4b96
6/12/2014 2:00:00 PM,24.0,,0.06,2.1,,,269,2014-06-12T14:00:00.000000Z,MWC_ETP_MELBOURNE,final_effluent,DATASET_03_MELBOURNE_ETP_OUTLET,observed,SHA256:47948ae79b2e703e4c0d89e3bb62f4d8bdc4def6bf8452f69506dc59141e4b96
6/15/2014 2:00:00 PM,31.0,,0.14,2.5,,,270,2014-06-15T14:00:00.000000Z,MWC_ETP_MELBOURNE,final_effluent,DATASET_03_MELBOURNE_ETP_OUTLET,observed,SHA256:47948ae79b2e703e4c0d89e3bb62f4d8bdc4def6bf8452f69506dc59141e4b96
6/16/2014 2:00:00 PM,22.0,2.0,0.1,2.9,,,271,2014-06-16T14:00:00.000000Z,MWC_ETP_MELBOURNE,final_effluent,DATASET_03_MELBOURNE_ETP_OUTLET,observed,SHA256:47948ae79b2e703e4c0d89e3bb62f4d8bdc4def6bf8452f69506dc59141e4b96
6/17/2014 2:00:00 PM,28.0,,0.09,2.9,,,272,2014-06-17T14:00:00.000000Z,MWC_ETP_MELBOURNE,final_effluent,DATASET_03_MELBOURNE_ETP_OUTLET,observed,SHA256:47948ae79b2e703e4c0d89e3bb62f4d8bdc4def6bf8452f69506dc59141e4b96
6/18/2014 2:00:00 PM,21.0,,0.1,2.1,,,273,2014-06-18T14:00:00.000000Z,MWC_ETP_MELBOURNE,final_effluent,DATASET_03_MELBOURNE_ETP_OUTLET,observed,SHA256:47948ae79b2e703e4c0d89e3bb62f4d8bdc4def6bf8452f69506dc59141e4b96
6/19/2014 2:00:00 PM,26.0,,0.07,2.6,,,274,2014-06-19T14:00:00.000000Z,MWC_ETP_MELBOURNE,final_effluent,DATASET_03_MELBOURNE_ETP_OUTLET,observed,SHA256:47948ae79b2e703e4c0d89e3bb62f4d8bdc4def6bf8452f69506dc59141e4b96
6/22/2014 2:00:00 PM,26.0,2.0,0.06,1.1,17.0,16.0,275,2014-06-22T14:00:00.000000Z,MWC_ETP_MELBOURNE,final_effluent,DATASET_03_MELBOURNE_ETP_OUTLET,observed,SHA256:47948ae79b2e703e4c0d89e3bb62f4d8bdc4def6bf8452f69506dc59141e4b96
6/23/2014 2:00:00 PM,24.0,,0.07,1.7,,,276,2014-06-23T14:00:00.000000Z,MWC_ETP_MELBOURNE,final_effluent,DATASET_03_MELBOURNE_ETP_OUTLET,observed,SHA256:47948ae79b2e703e4c0d89e3bb62f4d8bdc4def6bf8452f69506dc59141e4b96
6/24/2014 2:00:00 PM,20.0,,0.12,2.6,,,277,2014-06-24T14:00:00.000000Z,MWC_ETP_MELBOURNE,final_effluent,DATASET_03_MELBOURNE_ETP_OUTLET,observed,SHA256:47948ae79b2e703e4c0d89e3bb62f4d8bdc4def6bf8452f69506dc59141e4b96
6/25/2014 2:00:00 PM,20.0,,0.06,2.6,,,278,2014-06-25T14:00:00.000000Z,MWC_ETP_MELBOURNE,final_effluent,DATASET_03_MELBOURNE_ETP_OUTLET,observed,SHA256:47948ae79b2e703e4c0d89e3bb62f4d8bdc4def6bf8452f69506dc59141e4b96
6/26/2014 2:00:00 PM,21.0,,0.05,1.0,,,279,2014-06-26T14:00:00.000000Z,MWC_ETP_MELBOURNE,final_effluent,DATASET_03_MELBOURNE_ETP_OUTLET,observed,SHA256:47948ae79b2e703e4c0d89e3bb62f4d8bdc4def6bf8452f69506dc59141e4b96
6/29/2014 2:00:00 PM,25.0,,0.08,1.7,,,280,2014-06-29T14:00:00.000000Z,MWC_ETP_MELBOURNE,final_effluent,DATASET_03_MELBOURNE_ETP_OUTLET,observed,SHA256:47948ae79b2e703e4c0d89e3bb62f4d8bdc4def6bf8452f69506dc59141e4b96
6/30/2014 2:00:00 PM,20.0,,0.09,1.7,,,281,2014-06-30T14:00:00.000000Z,MWC_ETP_MELBOURNE,final_effluent,DATASET_03_MELBOURNE_ETP_OUTLET,observed,SHA256:47948ae79b2e703e4c0d89e3bb62f4d8bdc4def6bf8452f69506dc59141e4b96
6/30/2014 9:00:00 PM,,2.0,0.1,,,,282,2014-06-30T21:00:00.000000Z,MWC_ETP_MELBOURNE,final_effluent,DATASET_03_MELBOURNE_ETP_OUTLET,observed,SHA256:47948ae79b2e703e4c0d89e3bb62f4d8bdc4def6bf8452f69506dc59141e4b96
7/1/2014 2:00:00 PM,19.0,,0.09,3.0,,,283,2014-07-01T14:00:00.000000Z,MWC_ETP_MELBOURNE,final_effluent,DATASET_03_MELBOURNE_ETP_OUTLET,observed,SHA256:47948ae79b2e703e4c0d89e3bb62f4d8bdc4def6bf8452f69506dc59141e4b96
7/2/2014 2:00:00 PM,23.0,,0.08,1.6,,,284,2014-07-02T14:00:00.000000Z,MWC_ETP_MELBOURNE,final_effluent,DATASET_03_MELBOURNE_ETP_OUTLET,observed,SHA256:47948ae79b2e703e4c0d89e3bb62f4d8bdc4def6bf8452f69506dc59141e4b96
7/3/2014 2:00:00 PM,31.0,,0.08,2.3,,,285,2014-07-03T14:00:00.000000Z,MWC_ETP_MELBOURNE,final_effluent,DATASET_03_MELBOURNE_ETP_OUTLET,observed,SHA256:47948ae79b2e703e4c0d89e3bb62f4d8bdc4def6bf8452f69506dc59141e4b96
7/6/2014 2:00:00 PM,29.0,,0.07,1.6,,,286,2014-07-06T14:00:00.000000Z,MWC_ETP_MELBOURNE,final_effluent,DATASET_03_MELBOURNE_ETP_OUTLET,observed,SHA256:47948ae79b2e703e4c0d89e3bb62f4d8bdc4def6bf8452f69506dc59141e4b96
7/7/2014 2:00:00 PM,23.0,,0.05,1.8,,,287,2014-07-07T14:00:00.000000Z,MWC_ETP_MELBOURNE,final_effluent,DATASET_03_MELBOURNE_ETP_OUTLET,observed,SHA256:47948ae79b2e703e4c0d89e3bb62f4d8bdc4def6bf8452f69506dc59141e4b96
7/8/2014 2:00:00 PM,22.0,3.0,0.05,1.0,16.0,15.0,288,2014-07-08T14:00:00.000000Z,MWC_ETP_MELBOURNE,final_effluent,DATASET_03_MELBOURNE_ETP_OUTLET,observed,SHA256:47948ae79b2e703e4c0d89e3bb62f4d8bdc4def6bf8452f69506dc59141e4b96
7/9/2014 2:00:00 PM,25.0,,0.06,1.5,,,289,2014-07-09T14:00:00.000000Z,MWC_ETP_MELBOURNE,final_effluent,DATASET_03_MELBOURNE_ETP_OUTLET,observed,SHA256:47948ae79b2e703e4c0d89e3bb62f4d8bdc4def6bf8452f69506dc59141e4b96
7/10/2014 2:00:00 PM,21.0,,0.07,1.9,,,290,2014-07-10T14:00:00.000000Z,MWC_ETP_MELBOURNE,final_effluent,DATASET_03_MELBOURNE_ETP_OUTLET,observed,SHA256:47948ae79b2e703e4c0d89e3bb62f4d8bdc4def6bf8452f69506dc59141e4b96
7/13/2014 2:00:00 PM,21.0,,0.05,2.8,,,291,2014-07-13T14:00:00.000000Z,MWC_ETP_MELBOURNE,final_effluent,DATASET_03_MELBOURNE_ETP_OUTLET,observed,SHA256:47948ae79b2e703e4c0d89e3bb62f4d8bdc4def6bf8452f69506dc59141e4b96
7/14/2014 2:00:00 PM,21.0,,0.06,2.5,,,292,2014-07-14T14:00:00.000000Z,MWC_ETP_MELBOURNE,final_effluent,DATASET_03_MELBOURNE_ETP_OUTLET,observed,SHA256:47948ae79b2e703e4c0d89e3bb62f4d8bdc4def6bf8452f69506dc59141e4b96
7/15/2014 2:00:00 PM,19.0,,0.06,2.5,,,293,2014-07-15T14:00:00.000000Z,MWC_ETP_MELBOURNE,final_effluent,DATASET_03_MELBOURNE_ETP_OUTLET,observed,SHA256:47948ae79b2e703e4c0d89e3bb62f4d8bdc4def6bf8452f69506dc59141e4b96
7/16/2014 2:00:00 PM,27.0,,0.07,2.9,,,294,2014-07-16T14:00:00.000000Z,MWC_ETP_MELBOURNE,final_effluent,DATASET_03_MELBOURNE_ETP_OUTLET,observed,SHA256:47948ae79b2e703e4c0d89e3bb62f4d8bdc4def6bf8452f69506dc59141e4b96
7/16/2014 9:00:00 PM,,3.0,0.1,,,,295,2014-07-16T21:00:00.000000Z,MWC_ETP_MELBOURNE,final_effluent,DATASET_03_MELBOURNE_ETP_OUTLET,observed,SHA256:47948ae79b2e703e4c0d89e3bb62f4d8bdc4def6bf8452f69506dc59141e4b96
7/17/2014 2:00:00 PM,23.0,,0.1,3.2,,,296,2014-07-17T14:00:00.000000Z,MWC_ETP_MELBOURNE,final_effluent,DATASET_03_MELBOURNE_ETP_OUTLET,observed,SHA256:47948ae79b2e703e4c0d89e3bb62f4d8bdc4def6bf8452f69506dc59141e4b96
7/20/2014 2:00:00 PM,27.0,,0.09,2.2,,,297,2014-07-20T14:00:00.000000Z,MWC_ETP_MELBOURNE,final_effluent,DATASET_03_MELBOURNE_ETP_OUTLET,observed,SHA256:47948ae79b2e703e4c0d89e3bb62f4d8bdc4def6bf8452f69506dc59141e4b96
7/21/2014 2:00:00 PM,30.0,,0.07,2.0,,,298,2014-07-21T14:00:00.000000Z,MWC_ETP_MELBOURNE,final_effluent,DATASET_03_MELBOURNE_ETP_OUTLET,observed,SHA256:47948ae79b2e703e4c0d89e3bb62f4d8bdc4def6bf8452f69506dc59141e4b96
7/22/2014 2:00:00 PM,29.0,,0.06,2.7,,,299,2014-07-22T14:00:00.000000Z,MWC_ETP_MELBOURNE,final_effluent,DATASET_03_MELBOURNE_ETP_OUTLET,observed,SHA256:47948ae79b2e703e4c0d89e3bb62f4d8bdc4def6bf8452f69506dc59141e4b96
7/23/2014 2:00:00 PM,27.0,,0.05,1.5,,,300,2014-07-23T14:00:00.000000Z,MWC_ETP_MELBOURNE,final_effluent,DATASET_03_MELBOURNE_ETP_OUTLET,observed,SHA256:47948ae79b2e703e4c0d89e3bb62f4d8bdc4def6bf8452f69506dc59141e4b96
3/31/2015 1:00:00 PM,30.0,,0.11,1.4,,,301,2015-03-31T13:00:00.000000Z,MWC_ETP_MELBOURNE,final_effluent,DATASET_03_MELBOURNE_ETP_OUTLET,observed,SHA256:47948ae79b2e703e4c0d89e3bb62f4d8bdc4def6bf8452f69506dc59141e4b96
4/1/2015 1:00:00 PM,33.0,,0.12,2.5,,,302,2015-04-01T13:00:00.000000Z,MWC_ETP_MELBOURNE,final_effluent,DATASET_03_MELBOURNE_ETP_OUTLET,observed,SHA256:47948ae79b2e703e4c0d89e3bb62f4d8bdc4def6bf8452f69506dc59141e4b96
4/3/2015 1:00:00 PM,31.0,,0.1,2.1,,,303,2015-04-03T13:00:00.000000Z,MWC_ETP_MELBOURNE,final_effluent,DATASET_03_MELBOURNE_ETP_OUTLET,observed,SHA256:47948ae79b2e703e4c0d89e3bb62f4d8bdc4def6bf8452f69506dc59141e4b96
4/6/2015 2:00:00 PM,25.0,,0.11,1.4,,,304,2015-04-06T14:00:00.000000Z,MWC_ETP_MELBOURNE,final_effluent,DATASET_03_MELBOURNE_ETP_OUTLET,observed,SHA256:47948ae79b2e703e4c0d89e3bb62f4d8bdc4def6bf8452f69506dc59141e4b96
4/7/2015 2:00:00 PM,24.0,,0.07,4.0,,,305,2015-04-07T14:00:00.000000Z,MWC_ETP_MELBOURNE,final_effluent,DATASET_03_MELBOURNE_ETP_OUTLET,observed,SHA256:47948ae79b2e703e4c0d89e3bb62f4d8bdc4def6bf8452f69506dc59141e4b96
4/7/2015 9:00:00 PM,,2.0,0.1,,,,306,2015-04-07T21:00:00.000000Z,MWC_ETP_MELBOURNE,final_effluent,DATASET_03_MELBOURNE_ETP_OUTLET,observed,SHA256:47948ae79b2e703e4c0d89e3bb62f4d8bdc4def6bf8452f69506dc59141e4b96
4/8/2015 2:00:00 PM,31.0,,0.08,1.2,,,307,2015-04-08T14:00:00.000000Z,MWC_ETP_MELBOURNE,final_effluent,DATASET_03_MELBOURNE_ETP_OUTLET,observed,SHA256:47948ae79b2e703e4c0d89e3bb62f4d8bdc4def6bf8452f69506dc59141e4b96
4/9/2015 2:00:00 PM,32.0,,0.08,1.4,,,308,2015-04-09T14:00:00.000000Z,MWC_ETP_MELBOURNE,final_effluent,DATASET_03_MELBOURNE_ETP_OUTLET,observed,SHA256:47948ae79b2e703e4c0d89e3bb62f4d8bdc4def6bf8452f69506dc59141e4b96
4/12/2015 2:00:00 PM,37.0,,0.08,1.8,,,309,2015-04-12T14:00:00.000000Z,MWC_ETP_MELBOURNE,final_effluent,DATASET_03_MELBOURNE_ETP_OUTLET,observed,SHA256:47948ae79b2e703e4c0d89e3bb62f4d8bdc4def6bf8452f69506dc59141e4b96
4/13/2015 2:00:00 PM,24.0,,0.08,1.2,,,310,2015-04-13T14:00:00.000000Z,MWC_ETP_MELBOURNE,final_effluent,DATASET_03_MELBOURNE_ETP_OUTLET,observed,SHA256:47948ae79b2e703e4c0d89e3bb62f4d8bdc4def6bf8452f69506dc59141e4b96
4/14/2015 2:00:00 PM,30.0,,0.09,1.8,,,311,2015-04-14T14:00:00.000000Z,MWC_ETP_MELBOURNE,final_effluent,DATASET_03_MELBOURNE_ETP_OUTLET,observed,SHA256:47948ae79b2e703e4c0d89e3bb62f4d8bdc4def6bf8452f69506dc59141e4b96
4/15/2015 2:00:00 PM,34.0,,0.07,1.8,,,312,2015-04-15T14:00:00.000000Z,MWC_ETP_MELBOURNE,final_effluent,DATASET_03_MELBOURNE_ETP_OUTLET,observed,SHA256:47948ae79b2e703e4c0d89e3bb62f4d8bdc4def6bf8452f69506dc59141e4b96
4/15/2015 9:00:00 PM,,3.0,0.1,1.6,20.0,19.0,313,2015-04-15T21:00:00.000000Z,MWC_ETP_MELBOURNE,final_effluent,DATASET_03_MELBOURNE_ETP_OUTLET,observed,SHA256:47948ae79b2e703e4c0d89e3bb62f4d8bdc4def6bf8452f69506dc59141e4b96
4/16/2015 2:00:00 PM,30.0,,0.1,2.2,,,314,2015-04-16T14:00:00.000000Z,MWC_ETP_MELBOURNE,final_effluent,DATASET_03_MELBOURNE_ETP_OUTLET,observed,SHA256:47948ae79b2e703e4c0d89e3bb62f4d8bdc4def6bf8452f69506dc59141e4b96
4/19/2015 2:00:00 PM,32.0,,0.1,0.7,,,315,2015-04-19T14:00:00.000000Z,MWC_ETP_MELBOURNE,final_effluent,DATASET_03_MELBOURNE_ETP_OUTLET,observed,SHA256:47948ae79b2e703e4c0d89e3bb62f4d8bdc4def6bf8452f69506dc59141e4b96
4/20/2015 2:00:00 PM,22.0,,0.15,2.3,,,316,2015-04-20T14:00:00.000000Z,MWC_ETP_MELBOURNE,final_effluent,DATASET_03_MELBOURNE_ETP_OUTLET,observed,SHA256:47948ae79b2e703e4c0d89e3bb62f4d8bdc4def6bf8452f69506dc59141e4b96
4/21/2015 2:00:00 PM,31.0,,0.07,1.7,,,317,2015-04-21T14:00:00.000000Z,MWC_ETP_MELBOURNE,final_effluent,DATASET_03_MELBOURNE_ETP_OUTLET,observed,SHA256:47948ae79b2e703e4c0d89e3bb62f4d8bdc4def6bf8452f69506dc59141e4b96
4/22/2015 2:00:00 PM,22.0,,0.09,2.4,,,318,2015-04-22T14:00:00.000000Z,MWC_ETP_MELBOURNE,final_effluent,DATASET_03_MELBOURNE_ETP_OUTLET,observed,SHA256:47948ae79b2e703e4c0d89e3bb62f4d8bdc4def6bf8452f69506dc59141e4b96
4/23/2015 2:00:00 PM,32.0,,0.05,2.7,,,319,2015-04-23T14:00:00.000000Z,MWC_ETP_MELBOURNE,final_effluent,DATASET_03_MELBOURNE_ETP_OUTLET,observed,SHA256:47948ae79b2e703e4c0d89e3bb62f4d8bdc4def6bf8452f69506dc59141e4b96
4/23/2015 9:00:00 PM,,3.0,0.1,,,,320,2015-04-23T21:00:00.000000Z,MWC_ETP_MELBOURNE,final_effluent,DATASET_03_MELBOURNE_ETP_OUTLET,observed,SHA256:47948ae79b2e703e4c0d89e3bb62f4d8bdc4def6bf8452f69506dc59141e4b96
4/26/2015 2:00:00 PM,34.0,,0.12,3.0,,,321,2015-04-26T14:00:00.000000Z,MWC_ETP_MELBOURNE,final_effluent,DATASET_03_MELBOURNE_ETP_OUTLET,observed,SHA256:47948ae79b2e703e4c0d89e3bb62f4d8bdc4def6bf8452f69506dc59141e4b96
4/27/2015 2:00:00 PM,36.0,,0.1,1.9,,,322,2015-04-27T14:00:00.000000Z,MWC_ETP_MELBOURNE,final_effluent,DATASET_03_MELBOURNE_ETP_OUTLET,observed,SHA256:47948ae79b2e703e4c0d89e3bb62f4d8bdc4def6bf8452f69506dc59141e4b96
4/28/2015 2:00:00 PM,32.0,,0.1,2.9,,,323,2015-04-28T14:00:00.000000Z,MWC_ETP_MELBOURNE,final_effluent,DATASET_03_MELBOURNE_ETP_OUTLET,observed,SHA256:47948ae79b2e703e4c0d89e3bb62f4d8bdc4def6bf8452f69506dc59141e4b96
4/29/2015 2:00:00 PM,32.0,,0.08,1.1,,,324,2015-04-29T14:00:00.000000Z,MWC_ETP_MELBOURNE,final_effluent,DATASET_03_MELBOURNE_ETP_OUTLET,observed,SHA256:47948ae79b2e703e4c0d89e3bb62f4d8bdc4def6bf8452f69506dc59141e4b96
4/29/2015 9:00:00 PM,,3.0,0.1,1.7,16.0,15.0,325,2015-04-29T21:00:00.000000Z,MWC_ETP_MELBOURNE,final_effluent,DATASET_03_MELBOURNE_ETP_OUTLET,observed,SHA256:47948ae79b2e703e4c0d89e3bb62f4d8bdc4def6bf8452f69506dc59141e4b96
4/30/2015 2:00:00 PM,40.0,,0.1,1.6,,,326,2015-04-30T14:00:00.000000Z,MWC_ETP_MELBOURNE,final_effluent,DATASET_03_MELBOURNE_ETP_OUTLET,observed,SHA256:47948ae79b2e703e4c0d89e3bb62f4d8bdc4def6bf8452f69506dc59141e4b96
5/3/2015 2:00:00 PM,31.0,,0.09,1.2,,,327,2015-05-03T14:00:00.000000Z,MWC_ETP_MELBOURNE,final_effluent,DATASET_03_MELBOURNE_ETP_OUTLET,observed,SHA256:47948ae79b2e703e4c0d89e3bb62f4d8bdc4def6bf8452f69506dc59141e4b96
5/4/2015 2:00:00 PM,40.0,,0.09,2.0,,,328,2015-05-04T14:00:00.000000Z,MWC_ETP_MELBOURNE,final_effluent,DATASET_03_MELBOURNE_ETP_OUTLET,observed,SHA256:47948ae79b2e703e4c0d89e3bb62f4d8bdc4def6bf8452f69506dc59141e4b96
5/5/2015 2:00:00 PM,34.0,,0.07,1.0,,,329,2015-05-05T14:00:00.000000Z,MWC_ETP_MELBOURNE,final_effluent,DATASET_03_MELBOURNE_ETP_OUTLET,observed,SHA256:47948ae79b2e703e4c0d89e3bb62f4d8bdc4def6bf8452f69506dc59141e4b96
5/6/2015 2:00:00 PM,29.0,,0.07,4.0,,,330,2015-05-06T14:00:00.000000Z,MWC_ETP_MELBOURNE,final_effluent,DATASET_03_MELBOURNE_ETP_OUTLET,observed,SHA256:47948ae79b2e703e4c0d89e3bb62f4d8bdc4def6bf8452f69506dc59141e4b96
5/7/2015 2:00:00 PM,33.0,,0.07,2.3,,,331,2015-05-07T14:00:00.000000Z,MWC_ETP_MELBOURNE,final_effluent,DATASET_03_MELBOURNE_ETP_OUTLET,observed,SHA256:47948ae79b2e703e4c0d89e3bb62f4d8bdc4def6bf8452f69506dc59141e4b96
5/7/2015 9:00:00 PM,,3.0,0.1,,,,332,2015-05-07T21:00:00.000000Z,MWC_ETP_MELBOURNE,final_effluent,DATASET_03_MELBOURNE_ETP_OUTLET,observed,SHA256:47948ae79b2e703e4c0d89e3bb62f4d8bdc4def6bf8452f69506dc59141e4b96
5/10/2015 2:00:00 PM,32.0,,0.11,1.4,,,333,2015-05-10T14:00:00.000000Z,MWC_ETP_MELBOURNE,final_effluent,DATASET_03_MELBOURNE_ETP_OUTLET,observed,SHA256:47948ae79b2e703e4c0d89e3bb62f4d8bdc4def6bf8452f69506dc59141e4b96
5/11/2015 2:00:00 PM,30.0,,0.1,1.2,,,334,2015-05-11T14:00:00.000000Z,MWC_ETP_MELBOURNE,final_effluent,DATASET_03_MELBOURNE_ETP_OUTLET,observed,SHA256:47948ae79b2e703e4c0d89e3bb62f4d8bdc4def6bf8452f69506dc59141e4b96
5/12/2015 2:00:00 PM,31.0,,0.07,2.2,,,335,2015-05-12T14:00:00.000000Z,MWC_ETP_MELBOURNE,final_effluent,DATASET_03_MELBOURNE_ETP_OUTLET,observed,SHA256:47948ae79b2e703e4c0d89e3bb62f4d8bdc4def6bf8452f69506dc59141e4b96
5/13/2015 2:00:00 PM,33.0,,0.04,1.8,,,336,2015-05-13T14:00:00.000000Z,MWC_ETP_MELBOURNE,final_effluent,DATASET_03_MELBOURNE_ETP_OUTLET,observed,SHA256:47948ae79b2e703e4c0d89e3bb62f4d8bdc4def6bf8452f69506dc59141e4b96
5/13/2015 9:00:00 PM,,2.0,0.1,2.2,14.0,11.0,337,2015-05-13T21:00:00.000000Z,MWC_ETP_MELBOURNE,final_effluent,DATASET_03_MELBOURNE_ETP_OUTLET,observed,SHA256:47948ae79b2e703e4c0d89e3bb62f4d8bdc4def6bf8452f69506dc59141e4b96
5/14/2015 2:00:00 PM,29.0,,0.05,1.6,,,338,2015-05-14T14:00:00.000000Z,MWC_ETP_MELBOURNE,final_effluent,DATASET_03_MELBOURNE_ETP_OUTLET,observed,SHA256:47948ae79b2e703e4c0d89e3bb62f4d8bdc4def6bf8452f69506dc59141e4b96
5/17/2015 2:00:00 PM,29.0,,0.1,1.3,,,339,2015-05-17T14:00:00.000000Z,MWC_ETP_MELBOURNE,final_effluent,DATASET_03_MELBOURNE_ETP_OUTLET,observed,SHA256:47948ae79b2e703e4c0d89e3bb62f4d8bdc4def6bf8452f69506dc59141e4b96
5/18/2015 2:00:00 PM,34.0,,0.09,2.8,,,340,2015-05-18T14:00:00.000000Z,MWC_ETP_MELBOURNE,final_effluent,DATASET_03_MELBOURNE_ETP_OUTLET,observed,SHA256:47948ae79b2e703e4c0d89e3bb62f4d8bdc4def6bf8452f69506dc59141e4b96
5/19/2015 2:00:00 PM,33.0,,0.12,1.1,,,341,2015-05-19T14:00:00.000000Z,MWC_ETP_MELBOURNE,final_effluent,DATASET_03_MELBOURNE_ETP_OUTLET,observed,SHA256:47948ae79b2e703e4c0d89e3bb62f4d8bdc4def6bf8452f69506dc59141e4b96
5/19/2015 9:00:00 PM,,4.0,0.1,,,,342,2015-05-19T21:00:00.000000Z,MWC_ETP_MELBOURNE,final_effluent,DATASET_03_MELBOURNE_ETP_OUTLET,observed,SHA256:47948ae79b2e703e4c0d89e3bb62f4d8bdc4def6bf8452f69506dc59141e4b96
5/20/2015 2:00:00 PM,32.0,,0.16,2.0,,,343,2015-05-20T14:00:00.000000Z,MWC_ETP_MELBOURNE,final_effluent,DATASET_03_MELBOURNE_ETP_OUTLET,observed,SHA256:47948ae79b2e703e4c0d89e3bb62f4d8bdc4def6bf8452f69506dc59141e4b96
5/21/2015 2:00:00 PM,36.0,,0.13,1.1,,,344,2015-05-21T14:00:00.000000Z,MWC_ETP_MELBOURNE,final_effluent,DATASET_03_MELBOURNE_ETP_OUTLET,observed,SHA256:47948ae79b2e703e4c0d89e3bb62f4d8bdc4def6bf8452f69506dc59141e4b96
5/24/2015 2:00:00 PM,32.0,,0.12,1.7,,,345,2015-05-24T14:00:00.000000Z,MWC_ETP_MELBOURNE,final_effluent,DATASET_03_MELBOURNE_ETP_OUTLET,observed,SHA256:47948ae79b2e703e4c0d89e3bb62f4d8bdc4def6bf8452f69506dc59141e4b96
5/25/2015 2:00:00 PM,36.0,,0.1,1.2,,,346,2015-05-25T14:00:00.000000Z,MWC_ETP_MELBOURNE,final_effluent,DATASET_03_MELBOURNE_ETP_OUTLET,observed,SHA256:47948ae79b2e703e4c0d89e3bb62f4d8bdc4def6bf8452f69506dc59141e4b96
5/25/2015 9:00:00 PM,,3.0,0.1,2.2,20.0,17.0,347,2015-05-25T21:00:00.000000Z,MWC_ETP_MELBOURNE,final_effluent,DATASET_03_MELBOURNE_ETP_OUTLET,observed,SHA256:47948ae79b2e703e4c0d89e3bb62f4d8bdc4def6bf8452f69506dc59141e4b96
5/26/2015 2:00:00 PM,27.0,,0.09,3.4,,,348,2015-05-26T14:00:00.000000Z,MWC_ETP_MELBOURNE,final_effluent,DATASET_03_MELBOURNE_ETP_OUTLET,observed,SHA256:47948ae79b2e703e4c0d89e3bb62f4d8bdc4def6bf8452f69506dc59141e4b96
5/27/2015 2:00:00 PM,35.0,,0.11,1.8,,,349,2015-05-27T14:00:00.000000Z,MWC_ETP_MELBOURNE,final_effluent,DATASET_03_MELBOURNE_ETP_OUTLET,observed,SHA256:47948ae79b2e703e4c0d89e3bb62f4d8bdc4def6bf8452f69506dc59141e4b96
5/28/2015 2:00:00 PM,37.0,,0.09,2.3,,,350,2015-05-28T14:00:00.000000Z,MWC_ETP_MELBOURNE,final_effluent,DATASET_03_MELBOURNE_ETP_OUTLET,observed,SHA256:47948ae79b2e703e4c0d89e3bb62f4d8bdc4def6bf8452f69506dc59141e4b96
1/1/2014 1:00:00 PM,30.0,,0.1,1.5,,,351,2014-01-01T13:00:00.000000Z,MWC_ETP_MELBOURNE,final_effluent,DATASET_03_MELBOURNE_ETP_OUTLET,observed,SHA256:47948ae79b2e703e4c0d89e3bb62f4d8bdc4def6bf8452f69506dc59141e4b96
1/2/2014 1:00:00 PM,31.0,,0.06,2.0,,,352,2014-01-02T13:00:00.000000Z,MWC_ETP_MELBOURNE,final_effluent,DATASET_03_MELBOURNE_ETP_OUTLET,observed,SHA256:47948ae79b2e703e4c0d89e3bb62f4d8bdc4def6bf8452f69506dc59141e4b96
1/5/2014 1:00:00 PM,33.0,,0.05,4.0,,,353,2014-01-05T13:00:00.000000Z,MWC_ETP_MELBOURNE,final_effluent,DATASET_03_MELBOURNE_ETP_OUTLET,observed,SHA256:47948ae79b2e703e4c0d89e3bb62f4d8bdc4def6bf8452f69506dc59141e4b96
1/6/2014 1:00:00 PM,25.0,,0.03,5.0,,,354,2014-01-06T13:00:00.000000Z,MWC_ETP_MELBOURNE,final_effluent,DATASET_03_MELBOURNE_ETP_OUTLET,observed,SHA256:47948ae79b2e703e4c0d89e3bb62f4d8bdc4def6bf8452f69506dc59141e4b96
1/6/2014 8:30:00 PM,,2.0,0.1,1.3,20.0,19.0,355,2014-01-06T20:30:00.000000Z,MWC_ETP_MELBOURNE,final_effluent,DATASET_03_MELBOURNE_ETP_OUTLET,observed,SHA256:47948ae79b2e703e4c0d89e3bb62f4d8bdc4def6bf8452f69506dc59141e4b96
1/7/2014 1:00:00 PM,30.0,,0.05,1.8,,,356,2014-01-07T13:00:00.000000Z,MWC_ETP_MELBOURNE,final_effluent,DATASET_03_MELBOURNE_ETP_OUTLET,observed,SHA256:47948ae79b2e703e4c0d89e3bb62f4d8bdc4def6bf8452f69506dc59141e4b96
1/8/2014 1:00:00 PM,35.0,,0.05,2.0,,,357,2014-01-08T13:00:00.000000Z,MWC_ETP_MELBOURNE,final_effluent,DATASET_03_MELBOURNE_ETP_OUTLET,observed,SHA256:47948ae79b2e703e4c0d89e3bb62f4d8bdc4def6bf8452f69506dc59141e4b96
1/9/2014 1:00:00 PM,27.0,,0.05,1.9,,,358,2014-01-09T13:00:00.000000Z,MWC_ETP_MELBOURNE,final_effluent,DATASET_03_MELBOURNE_ETP_OUTLET,observed,SHA256:47948ae79b2e703e4c0d89e3bb62f4d8bdc4def6bf8452f69506dc59141e4b96
1/12/2014 1:00:00 PM,26.0,,0.05,3.2,,,359,2014-01-12T13:00:00.000000Z,MWC_ETP_MELBOURNE,final_effluent,DATASET_03_MELBOURNE_ETP_OUTLET,observed,SHA256:47948ae79b2e703e4c0d89e3bb62f4d8bdc4def6bf8452f69506dc59141e4b96
1/13/2014 1:00:00 PM,30.0,,0.05,1.5,,,360,2014-01-13T13:00:00.000000Z,MWC_ETP_MELBOURNE,final_effluent,DATASET_03_MELBOURNE_ETP_OUTLET,observed,SHA256:47948ae79b2e703e4c0d89e3bb62f4d8bdc4def6bf8452f69506dc59141e4b96
1/14/2014 1:00:00 PM,35.0,2.0,0.6,4.3,,,361,2014-01-14T13:00:00.000000Z,MWC_ETP_MELBOURNE,final_effluent,DATASET_03_MELBOURNE_ETP_OUTLET,observed,SHA256:47948ae79b2e703e4c0d89e3bb62f4d8bdc4def6bf8452f69506dc59141e4b96
1/15/2014 1:00:00 PM,29.0,,0.1,4.0,,,362,2014-01-15T13:00:00.000000Z,MWC_ETP_MELBOURNE,final_effluent,DATASET_03_MELBOURNE_ETP_OUTLET,observed,SHA256:47948ae79b2e703e4c0d89e3bb62f4d8bdc4def6bf8452f69506dc59141e4b96
1/16/2014 1:00:00 PM,30.0,,0.02,2.2,,,363,2014-01-16T13:00:00.000000Z,MWC_ETP_MELBOURNE,final_effluent,DATASET_03_MELBOURNE_ETP_OUTLET,observed,SHA256:47948ae79b2e703e4c0d89e3bb62f4d8bdc4def6bf8452f69506dc59141e4b96
1/19/2014 1:00:00 PM,31.0,,0.04,5.0,,,364,2014-01-19T13:00:00.000000Z,MWC_ETP_MELBOURNE,final_effluent,DATASET_03_MELBOURNE_ETP_OUTLET,observed,SHA256:47948ae79b2e703e4c0d89e3bb62f4d8bdc4def6bf8452f69506dc59141e4b96
1/20/2014 1:00:00 PM,20.0,,0.03,2.1,,,365,2014-01-20T13:00:00.000000Z,MWC_ETP_MELBOURNE,final_effluent,DATASET_03_MELBOURNE_ETP_OUTLET,observed,SHA256:47948ae79b2e703e4c0d89e3bb62f4d8bdc4def6bf8452f69506dc59141e4b96
1/21/2014 1:00:00 PM,20.0,,0.03,2.1,,,366,2014-01-21T13:00:00.000000Z,MWC_ETP_MELBOURNE,final_effluent,DATASET_03_MELBOURNE_ETP_OUTLET,observed,SHA256:47948ae79b2e703e4c0d89e3bb62f4d8bdc4def6bf8452f69506dc59141e4b96
1/22/2014 1:00:00 PM,26.0,2.0,0.03,1.6,12.0,10.0,367,2014-01-22T13:00:00.000000Z,MWC_ETP_MELBOURNE,final_effluent,DATASET_03_MELBOURNE_ETP_OUTLET,observed,SHA256:47948ae79b2e703e4c0d89e3bb62f4d8bdc4def6bf8452f69506dc59141e4b96
1/23/2014 1:00:00 PM,27.0,,0.04,3.3,,,368,2014-01-23T13:00:00.000000Z,MWC_ETP_MELBOURNE,final_effluent,DATASET_03_MELBOURNE_ETP_OUTLET,observed,SHA256:47948ae79b2e703e4c0d89e3bb62f4d8bdc4def6bf8452f69506dc59141e4b96
1/24/2014 1:00:00 PM,25.0,,0.06,3.5,,,369,2014-01-24T13:00:00.000000Z,MWC_ETP_MELBOURNE,final_effluent,DATASET_03_MELBOURNE_ETP_OUTLET,observed,SHA256:47948ae79b2e703e4c0d89e3bb62f4d8bdc4def6bf8452f69506dc59141e4b96
1/27/2014 1:00:00 PM,26.0,,0.08,3.3,,,370,2014-01-27T13:00:00.000000Z,MWC_ETP_MELBOURNE,final_effluent,DATASET_03_MELBOURNE_ETP_OUTLET,observed,SHA256:47948ae79b2e703e4c0d89e3bb62f4d8bdc4def6bf8452f69506dc59141e4b96
1/28/2014 1:00:00 PM,27.0,,0.07,4.4,,,371,2014-01-28T13:00:00.000000Z,MWC_ETP_MELBOURNE,final_effluent,DATASET_03_MELBOURNE_ETP_OUTLET,observed,SHA256:47948ae79b2e703e4c0d89e3bb62f4d8bdc4def6bf8452f69506dc59141e4b96
1/29/2014 1:00:00 PM,20.0,,0.04,1.7,,,372,2014-01-29T13:00:00.000000Z,MWC_ETP_MELBOURNE,final_effluent,DATASET_03_MELBOURNE_ETP_OUTLET,observed,SHA256:47948ae79b2e703e4c0d89e3bb62f4d8bdc4def6bf8452f69506dc59141e4b96
1/30/2014 1:00:00 PM,28.0,3.0,0.05,1.0,,,373,2014-01-30T13:00:00.000000Z,MWC_ETP_MELBOURNE,final_effluent,DATASET_03_MELBOURNE_ETP_OUTLET,observed,SHA256:47948ae79b2e703e4c0d89e3bb62f4d8bdc4def6bf8452f69506dc59141e4b96
2/2/2014 1:00:00 PM,19.0,,0.06,2.0,,,374,2014-02-02T13:00:00.000000Z,MWC_ETP_MELBOURNE,final_effluent,DATASET_03_MELBOURNE_ETP_OUTLET,observed,SHA256:47948ae79b2e703e4c0d89e3bb62f4d8bdc4def6bf8452f69506dc59141e4b96
2/3/2014 1:00:00 PM,14.0,,0.03,3.8,,,375,2014-02-03T13:00:00.000000Z,MWC_ETP_MELBOURNE,final_effluent,DATASET_03_MELBOURNE_ETP_OUTLET,observed,SHA256:47948ae79b2e703e4c0d89e3bb62f4d8bdc4def6bf8452f69506dc59141e4b96
2/4/2014 1:00:00 PM,22.0,,0.04,2.0,,,376,2014-02-04T13:00:00.000000Z,MWC_ETP_MELBOURNE,final_effluent,DATASET_03_MELBOURNE_ETP_OUTLET,observed,SHA256:47948ae79b2e703e4c0d89e3bb62f4d8bdc4def6bf8452f69506dc59141e4b96
2/5/2014 1:00:00 PM,29.0,4.0,0.05,1.7,14.0,12.0,377,2014-02-05T13:00:00.000000Z,MWC_ETP_MELBOURNE,final_effluent,DATASET_03_MELBOURNE_ETP_OUTLET,observed,SHA256:47948ae79b2e703e4c0d89e3bb62f4d8bdc4def6bf8452f69506dc59141e4b96
2/6/2014 1:00:00 PM,20.0,,0.04,3.0,,,378,2014-02-06T13:00:00.000000Z,MWC_ETP_MELBOURNE,final_effluent,DATASET_03_MELBOURNE_ETP_OUTLET,observed,SHA256:47948ae79b2e703e4c0d89e3bb62f4d8bdc4def6bf8452f69506dc59141e4b96
2/9/2014 1:00:00 PM,21.0,,0.05,4.2,,,379,2014-02-09T13:00:00.000000Z,MWC_ETP_MELBOURNE,final_effluent,DATASET_03_MELBOURNE_ETP_OUTLET,observed,SHA256:47948ae79b2e703e4c0d89e3bb62f4d8bdc4def6bf8452f69506dc59141e4b96
2/10/2014 1:00:00 PM,16.0,,0.05,1.8,,,380,2014-02-10T13:00:00.000000Z,MWC_ETP_MELBOURNE,final_effluent,DATASET_03_MELBOURNE_ETP_OUTLET,observed,SHA256:47948ae79b2e703e4c0d89e3bb62f4d8bdc4def6bf8452f69506dc59141e4b96
2/11/2014 1:00:00 PM,14.0,,0.05,1.3,,,381,2014-02-11T13:00:00.000000Z,MWC_ETP_MELBOURNE,final_effluent,DATASET_03_MELBOURNE_ETP_OUTLET,observed,SHA256:47948ae79b2e703e4c0d89e3bb62f4d8bdc4def6bf8452f69506dc59141e4b96
2/11/2014 8:00:00 PM,,2.0,0.1,,,,382,2014-02-11T20:00:00.000000Z,MWC_ETP_MELBOURNE,final_effluent,DATASET_03_MELBOURNE_ETP_OUTLET,observed,SHA256:47948ae79b2e703e4c0d89e3bb62f4d8bdc4def6bf8452f69506dc59141e4b96
2/12/2014 1:00:00 PM,24.0,,0.05,3.3,,,383,2014-02-12T13:00:00.000000Z,MWC_ETP_MELBOURNE,final_effluent,DATASET_03_MELBOURNE_ETP_OUTLET,observed,SHA256:47948ae79b2e703e4c0d89e3bb62f4d8bdc4def6bf8452f69506dc59141e4b96
2/13/2014 1:00:00 PM,16.0,,0.06,3.3,,,384,2014-02-13T13:00:00.000000Z,MWC_ETP_MELBOURNE,final_effluent,DATASET_03_MELBOURNE_ETP_OUTLET,observed,SHA256:47948ae79b2e703e4c0d89e3bb62f4d8bdc4def6bf8452f69506dc59141e4b96
2/16/2014 1:00:00 PM,22.0,,0.05,1.2,,,385,2014-02-16T13:00:00.000000Z,MWC_ETP_MELBOURNE,final_effluent,DATASET_03_MELBOURNE_ETP_OUTLET,observed,SHA256:47948ae79b2e703e4c0d89e3bb62f4d8bdc4def6bf8452f69506dc59141e4b96
2/17/2014 1:00:00 PM,20.0,5.0,0.05,1.4,16.0,15.0,386,2014-02-17T13:00:00.000000Z,MWC_ETP_MELBOURNE,final_effluent,DATASET_03_MELBOURNE_ETP_OUTLET,observed,SHA256:47948ae79b2e703e4c0d89e3bb62f4d8bdc4def6bf8452f69506dc59141e4b96
2/18/2014 1:00:00 PM,16.0,,0.06,2.6,,,387,2014-02-18T13:00:00.000000Z,MWC_ETP_MELBOURNE,final_effluent,DATASET_03_MELBOURNE_ETP_OUTLET,observed,SHA256:47948ae79b2e703e4c0d89e3bb62f4d8bdc4def6bf8452f69506dc59141e4b96
2/19/2014 1:00:00 PM,19.0,,0.05,2.3,,,388,2014-02-19T13:00:00.000000Z,MWC_ETP_MELBOURNE,final_effluent,DATASET_03_MELBOURNE_ETP_OUTLET,observed,SHA256:47948ae79b2e703e4c0d89e3bb62f4d8bdc4def6bf8452f69506dc59141e4b96
2/20/2014 1:00:00 PM,23.0,,0.05,1.9,,,389,2014-02-20T13:00:00.000000Z,MWC_ETP_MELBOURNE,final_effluent,DATASET_03_MELBOURNE_ETP_OUTLET,observed,SHA256:47948ae79b2e703e4c0d89e3bb62f4d8bdc4def6bf8452f69506dc59141e4b96
2/23/2014 1:00:00 PM,17.0,,0.05,1.5,,,390,2014-02-23T13:00:00.000000Z,MWC_ETP_MELBOURNE,final_effluent,DATASET_03_MELBOURNE_ETP_OUTLET,observed,SHA256:47948ae79b2e703e4c0d89e3bb62f4d8bdc4def6bf8452f69506dc59141e4b96
2/23/2014 8:00:00 PM,,2.0,0.1,,,,391,2014-02-23T20:00:00.000000Z,MWC_ETP_MELBOURNE,final_effluent,DATASET_03_MELBOURNE_ETP_OUTLET,observed,SHA256:47948ae79b2e703e4c0d89e3bb62f4d8bdc4def6bf8452f69506dc59141e4b96
2/24/2014 1:00:00 PM,11.0,,0.03,2.1,,,392,2014-02-24T13:00:00.000000Z,MWC_ETP_MELBOURNE,final_effluent,DATASET_03_MELBOURNE_ETP_OUTLET,observed,SHA256:47948ae79b2e703e4c0d89e3bb62f4d8bdc4def6bf8452f69506dc59141e4b96
2/25/2014 1:00:00 PM,16.0,,0.04,1.6,,,393,2014-02-25T13:00:00.000000Z,MWC_ETP_MELBOURNE,final_effluent,DATASET_03_MELBOURNE_ETP_OUTLET,observed,SHA256:47948ae79b2e703e4c0d89e3bb62f4d8bdc4def6bf8452f69506dc59141e4b96
2/26/2014 1:00:00 PM,22.0,,0.04,2.3,,,394,2014-02-26T13:00:00.000000Z,MWC_ETP_MELBOURNE,final_effluent,DATASET_03_MELBOURNE_ETP_OUTLET,observed,SHA256:47948ae79b2e703e4c0d89e3bb62f4d8bdc4def6bf8452f69506dc59141e4b96
2/27/2014 1:00:00 PM,16.0,,0.04,1.2,,,395,2014-02-27T13:00:00.000000Z,MWC_ETP_MELBOURNE,final_effluent,DATASET_03_MELBOURNE_ETP_OUTLET,observed,SHA256:47948ae79b2e703e4c0d89e3bb62f4d8bdc4def6bf8452f69506dc59141e4b96
3/2/2014 1:00:00 PM,16.0,,0.04,1.2,,,396,2014-03-02T13:00:00.000000Z,MWC_ETP_MELBOURNE,final_effluent,DATASET_03_MELBOURNE_ETP_OUTLET,observed,SHA256:47948ae79b2e703e4c0d89e3bb62f4d8bdc4def6bf8452f69506dc59141e4b96
3/3/2014 1:00:00 PM,18.0,3.0,0.03,1.2,12.0,10.0,397,2014-03-03T13:00:00.000000Z,MWC_ETP_MELBOURNE,final_effluent,DATASET_03_MELBOURNE_ETP_OUTLET,observed,SHA256:47948ae79b2e703e4c0d89e3bb62f4d8bdc4def6bf8452f69506dc59141e4b96
3/4/2014 1:00:00 PM,19.0,,0.03,1.4,,,398,2014-03-04T13:00:00.000000Z,MWC_ETP_MELBOURNE,final_effluent,DATASET_03_MELBOURNE_ETP_OUTLET,observed,SHA256:47948ae79b2e703e4c0d89e3bb62f4d8bdc4def6bf8452f69506dc59141e4b96
3/5/2014 1:00:00 PM,16.0,,0.03,1.3,,,399,2014-03-05T13:00:00.000000Z,MWC_ETP_MELBOURNE,final_effluent,DATASET_03_MELBOURNE_ETP_OUTLET,observed,SHA256:47948ae79b2e703e4c0d89e3bb62f4d8bdc4def6bf8452f69506dc59141e4b96
3/6/2014 1:00:00 PM,20.0,,0.04,1.6,,,400,2014-03-06T13:00:00.000000Z,MWC_ETP_MELBOURNE,final_effluent,DATASET_03_MELBOURNE_ETP_OUTLET,observed,SHA256:47948ae79b2e703e4c0d89e3bb62f4d8bdc4def6bf8452f69506dc59141e4b96
5/31/2015 2:00:00 PM,33.0,,0.09,1.6,,,401,2015-05-31T14:00:00.000000Z,MWC_ETP_MELBOURNE,final_effluent,DATASET_03_MELBOURNE_ETP_OUTLET,observed,SHA256:47948ae79b2e703e4c0d89e3bb62f4d8bdc4def6bf8452f69506dc59141e4b96
5/31/2015 9:00:00 PM,,2.0,0.1,,,,402,2015-05-31T21:00:00.000000Z,MWC_ETP_MELBOURNE,final_effluent,DATASET_03_MELBOURNE_ETP_OUTLET,observed,SHA256:47948ae79b2e703e4c0d89e3bb62f4d8bdc4def6bf8452f69506dc59141e4b96
6/1/2015 2:00:00 PM,28.0,,0.14,1.3,,,403,2015-06-01T14:00:00.000000Z,MWC_ETP_MELBOURNE,final_effluent,DATASET_03_MELBOURNE_ETP_OUTLET,observed,SHA256:47948ae79b2e703e4c0d89e3bb62f4d8bdc4def6bf8452f69506dc59141e4b96
6/2/2015 2:00:00 PM,32.0,,0.08,1.6,,,404,2015-06-02T14:00:00.000000Z,MWC_ETP_MELBOURNE,final_effluent,DATASET_03_MELBOURNE_ETP_OUTLET,observed,SHA256:47948ae79b2e703e4c0d89e3bb62f4d8bdc4def6bf8452f69506dc59141e4b96
6/3/2015 2:00:00 PM,62.0,,0.1,1.5,,,405,2015-06-03T14:00:00.000000Z,MWC_ETP_MELBOURNE,final_effluent,DATASET_03_MELBOURNE_ETP_OUTLET,observed,SHA256:47948ae79b2e703e4c0d89e3bb62f4d8bdc4def6bf8452f69506dc59141e4b96
6/4/2015 2:00:00 PM,34.0,,0.1,3.0,,,406,2015-06-04T14:00:00.000000Z,MWC_ETP_MELBOURNE,final_effluent,DATASET_03_MELBOURNE_ETP_OUTLET,observed,SHA256:47948ae79b2e703e4c0d89e3bb62f4d8bdc4def6bf8452f69506dc59141e4b96
6/5/2015 2:00:00 PM,35.0,,0.11,2.3,,,407,2015-06-05T14:00:00.000000Z,MWC_ETP_MELBOURNE,final_effluent,DATASET_03_MELBOURNE_ETP_OUTLET,observed,SHA256:47948ae79b2e703e4c0d89e3bb62f4d8bdc4def6bf8452f69506dc59141e4b96
6/8/2015 2:00:00 PM,44.0,,0.07,1.2,,,408,2015-06-08T14:00:00.000000Z,MWC_ETP_MELBOURNE,final_effluent,DATASET_03_MELBOURNE_ETP_OUTLET,observed,SHA256:47948ae79b2e703e4c0d89e3bb62f4d8bdc4def6bf8452f69506dc59141e4b96
6/8/2015 9:00:00 PM,,4.0,0.1,1.6,17.0,16.0,409,2015-06-08T21:00:00.000000Z,MWC_ETP_MELBOURNE,final_effluent,DATASET_03_MELBOURNE_ETP_OUTLET,observed,SHA256:47948ae79b2e703e4c0d89e3bb62f4d8bdc4def6bf8452f69506dc59141e4b96
6/9/2015 2:00:00 PM,40.0,,0.09,2.0,,,410,2015-06-09T14:00:00.000000Z,MWC_ETP_MELBOURNE,final_effluent,DATASET_03_MELBOURNE_ETP_OUTLET,observed,SHA256:47948ae79b2e703e4c0d89e3bb62f4d8bdc4def6bf8452f69506dc59141e4b96
6/10/2015 2:00:00 PM,33.0,,0.07,3.0,,,411,2015-06-10T14:00:00.000000Z,MWC_ETP_MELBOURNE,final_effluent,DATASET_03_MELBOURNE_ETP_OUTLET,observed,SHA256:47948ae79b2e703e4c0d89e3bb62f4d8bdc4def6bf8452f69506dc59141e4b96
6/11/2015 2:00:00 PM,29.0,,0.07,2.0,,,412,2015-06-11T14:00:00.000000Z,MWC_ETP_MELBOURNE,final_effluent,DATASET_03_MELBOURNE_ETP_OUTLET,observed,SHA256:47948ae79b2e703e4c0d89e3bb62f4d8bdc4def6bf8452f69506dc59141e4b96
6/14/2015 2:00:00 PM,35.0,,0.07,1.2,,,413,2015-06-14T14:00:00.000000Z,MWC_ETP_MELBOURNE,final_effluent,DATASET_03_MELBOURNE_ETP_OUTLET,observed,SHA256:47948ae79b2e703e4c0d89e3bb62f4d8bdc4def6bf8452f69506dc59141e4b96
6/15/2015 2:00:00 PM,32.0,,0.06,1.6,,,414,2015-06-15T14:00:00.000000Z,MWC_ETP_MELBOURNE,final_effluent,DATASET_03_MELBOURNE_ETP_OUTLET,observed,SHA256:47948ae79b2e703e4c0d89e3bb62f4d8bdc4def6bf8452f69506dc59141e4b96
6/16/2015 2:00:00 PM,27.0,,0.06,2.3,,,415,2015-06-16T14:00:00.000000Z,MWC_ETP_MELBOURNE,final_effluent,DATASET_03_MELBOURNE_ETP_OUTLET,observed,SHA256:47948ae79b2e703e4c0d89e3bb62f4d8bdc4def6bf8452f69506dc59141e4b96
6/16/2015 9:00:00 PM,,2.0,0.1,,,,416,2015-06-16T21:00:00.000000Z,MWC_ETP_MELBOURNE,final_effluent,DATASET_03_MELBOURNE_ETP_OUTLET,observed,SHA256:47948ae79b2e703e4c0d89e3bb62f4d8bdc4def6bf8452f69506dc59141e4b96
6/17/2015 2:00:00 PM,20.0,,0.14,2.2,,,417,2015-06-17T14:00:00.000000Z,MWC_ETP_MELBOURNE,final_effluent,DATASET_03_MELBOURNE_ETP_OUTLET,observed,SHA256:47948ae79b2e703e4c0d89e3bb62f4d8bdc4def6bf8452f69506dc59141e4b96
6/18/2015 2:00:00 PM,19.0,,0.07,2.0,,,418,2015-06-18T14:00:00.000000Z,MWC_ETP_MELBOURNE,final_effluent,DATASET_03_MELBOURNE_ETP_OUTLET,observed,SHA256:47948ae79b2e703e4c0d89e3bb62f4d8bdc4def6bf8452f69506dc59141e4b96
6/21/2015 2:00:00 PM,19.0,,0.14,2.0,,,419,2015-06-21T14:00:00.000000Z,MWC_ETP_MELBOURNE,final_effluent,DATASET_03_MELBOURNE_ETP_OUTLET,observed,SHA256:47948ae79b2e703e4c0d89e3bb62f4d8bdc4def6bf8452f69506dc59141e4b96
6/22/2015 2:00:00 PM,16.0,,0.1,4.0,,,420,2015-06-22T14:00:00.000000Z,MWC_ETP_MELBOURNE,final_effluent,DATASET_03_MELBOURNE_ETP_OUTLET,observed,SHA256:47948ae79b2e703e4c0d89e3bb62f4d8bdc4def6bf8452f69506dc59141e4b96
6/23/2015 2:00:00 PM,15.0,,0.09,2.3,,,421,2015-06-23T14:00:00.000000Z,MWC_ETP_MELBOURNE,final_effluent,DATASET_03_MELBOURNE_ETP_OUTLET,observed,SHA256:47948ae79b2e703e4c0d89e3bb62f4d8bdc4def6bf8452f69506dc59141e4b96
6/24/2015 2:00:00 PM,22.0,,0.06,2.0,,,422,2015-06-24T14:00:00.000000Z,MWC_ETP_MELBOURNE,final_effluent,DATASET_03_MELBOURNE_ETP_OUTLET,observed,SHA256:47948ae79b2e703e4c0d89e3bb62f4d8bdc4def6bf8452f69506dc59141e4b96
6/24/2015 9:00:00 PM,,6.0,0.1,2.2,12.0,10.0,423,2015-06-24T21:00:00.000000Z,MWC_ETP_MELBOURNE,final_effluent,DATASET_03_MELBOURNE_ETP_OUTLET,observed,SHA256:47948ae79b2e703e4c0d89e3bb62f4d8bdc4def6bf8452f69506dc59141e4b96
6/25/2015 2:00:00 PM,29.0,,0.07,2.1,,,424,2015-06-25T14:00:00.000000Z,MWC_ETP_MELBOURNE,final_effluent,DATASET_03_MELBOURNE_ETP_OUTLET,observed,SHA256:47948ae79b2e703e4c0d89e3bb62f4d8bdc4def6bf8452f69506dc59141e4b96
6/28/2015 2:00:00 PM,27.0,,0.12,3.4,,,425,2015-06-28T14:00:00.000000Z,MWC_ETP_MELBOURNE,final_effluent,DATASET_03_MELBOURNE_ETP_OUTLET,observed,SHA256:47948ae79b2e703e4c0d89e3bb62f4d8bdc4def6bf8452f69506dc59141e4b96
6/29/2015 2:00:00 PM,18.0,,0.08,2.7,,,426,2015-06-29T14:00:00.000000Z,MWC_ETP_MELBOURNE,final_effluent,DATASET_03_MELBOURNE_ETP_OUTLET,observed,SHA256:47948ae79b2e703e4c0d89e3bb62f4d8bdc4def6bf8452f69506dc59141e4b96
6/30/2015 2:00:00 PM,18.0,,0.08,2.7,,,427,2015-06-30T14:00:00.000000Z,MWC_ETP_MELBOURNE,final_effluent,DATASET_03_MELBOURNE_ETP_OUTLET,observed,SHA256:47948ae79b2e703e4c0d89e3bb62f4d8bdc4def6bf8452f69506dc59141e4b96
7/1/2015 2:00:00 PM,17.0,,0.08,2.4,,,428,2015-07-01T14:00:00.000000Z,MWC_ETP_MELBOURNE,final_effluent,DATASET_03_MELBOURNE_ETP_OUTLET,observed,SHA256:47948ae79b2e703e4c0d89e3bb62f4d8bdc4def6bf8452f69506dc59141e4b96
7/2/2015 2:00:00 PM,19.0,,0.08,3.1,,,429,2015-07-02T14:00:00.000000Z,MWC_ETP_MELBOURNE,final_effluent,DATASET_03_MELBOURNE_ETP_OUTLET,observed,SHA256:47948ae79b2e703e4c0d89e3bb62f4d8bdc4def6bf8452f69506dc59141e4b96
7/2/2015 9:00:00 PM,,4.0,0.1,,,,430,2015-07-02T21:00:00.000000Z,MWC_ETP_MELBOURNE,final_effluent,DATASET_03_MELBOURNE_ETP_OUTLET,observed,SHA256:47948ae79b2e703e4c0d89e3bb62f4d8bdc4def6bf8452f69506dc59141e4b96
7/5/2015 2:00:00 PM,15.0,,0.1,2.7,,,431,2015-07-05T14:00:00.000000Z,MWC_ETP_MELBOURNE,final_effluent,DATASET_03_MELBOURNE_ETP_OUTLET,observed,SHA256:47948ae79b2e703e4c0d89e3bb62f4d8bdc4def6bf8452f69506dc59141e4b96
7/6/2015 2:00:00 PM,18.0,,0.08,2.8,,,432,2015-07-06T14:00:00.000000Z,MWC_ETP_MELBOURNE,final_effluent,DATASET_03_MELBOURNE_ETP_OUTLET,observed,SHA256:47948ae79b2e703e4c0d89e3bb62f4d8bdc4def6bf8452f69506dc59141e4b96
7/7/2015 2:00:00 PM,15.0,,0.11,2.0,,,433,2015-07-07T14:00:00.000000Z,MWC_ETP_MELBOURNE,final_effluent,DATASET_03_MELBOURNE_ETP_OUTLET,observed,SHA256:47948ae79b2e703e4c0d89e3bb62f4d8bdc4def6bf8452f69506dc59141e4b96
7/8/2015 2:00:00 PM,23.0,,0.11,2.0,,,434,2015-07-08T14:00:00.000000Z,MWC_ETP_MELBOURNE,final_effluent,DATASET_03_MELBOURNE_ETP_OUTLET,observed,SHA256:47948ae79b2e703e4c0d89e3bb62f4d8bdc4def6bf8452f69506dc59141e4b96
7/8/2015 9:00:00 PM,,3.0,0.1,2.0,15.0,13.0,435,2015-07-08T21:00:00.000000Z,MWC_ETP_MELBOURNE,final_effluent,DATASET_03_MELBOURNE_ETP_OUTLET,observed,SHA256:47948ae79b2e703e4c0d89e3bb62f4d8bdc4def6bf8452f69506dc59141e4b96
7/9/2015 2:00:00 PM,25.0,,0.1,2.9,,,436,2015-07-09T14:00:00.000000Z,MWC_ETP_MELBOURNE,final_effluent,DATASET_03_MELBOURNE_ETP_OUTLET,observed,SHA256:47948ae79b2e703e4c0d89e3bb62f4d8bdc4def6bf8452f69506dc59141e4b96
7/12/2015 2:00:00 PM,16.0,,0.23,3.3,,,437,2015-07-12T14:00:00.000000Z,MWC_ETP_MELBOURNE,final_effluent,DATASET_03_MELBOURNE_ETP_OUTLET,observed,SHA256:47948ae79b2e703e4c0d89e3bb62f4d8bdc4def6bf8452f69506dc59141e4b96
7/13/2015 2:00:00 PM,15.0,,0.1,4.0,,,438,2015-07-13T14:00:00.000000Z,MWC_ETP_MELBOURNE,final_effluent,DATASET_03_MELBOURNE_ETP_OUTLET,observed,SHA256:47948ae79b2e703e4c0d89e3bb62f4d8bdc4def6bf8452f69506dc59141e4b96
7/14/2015 2:00:00 PM,14.0,,0.09,3.0,,,439,2015-07-14T14:00:00.000000Z,MWC_ETP_MELBOURNE,final_effluent,DATASET_03_MELBOURNE_ETP_OUTLET,observed,SHA256:47948ae79b2e703e4c0d89e3bb62f4d8bdc4def6bf8452f69506dc59141e4b96
7/14/2015 9:00:00 PM,,3.0,0.1,,,,440,2015-07-14T21:00:00.000000Z,MWC_ETP_MELBOURNE,final_effluent,DATASET_03_MELBOURNE_ETP_OUTLET,observed,SHA256:47948ae79b2e703e4c0d89e3bb62f4d8bdc4def6bf8452f69506dc59141e4b96
7/15/2015 2:00:00 PM,17.0,,0.09,2.3,,,441,2015-07-15T14:00:00.000000Z,MWC_ETP_MELBOURNE,final_effluent,DATASET_03_MELBOURNE_ETP_OUTLET,observed,SHA256:47948ae79b2e703e4c0d89e3bb62f4d8bdc4def6bf8452f69506dc59141e4b96
7/16/2015 2:00:00 PM,17.0,,0.09,2.3,,,442,2015-07-16T14:00:00.000000Z,MWC_ETP_MELBOURNE,final_effluent,DATASET_03_MELBOURNE_ETP_OUTLET,observed,SHA256:47948ae79b2e703e4c0d89e3bb62f4d8bdc4def6bf8452f69506dc59141e4b96
7/19/2015 2:00:00 PM,16.0,,0.1,1.4,,,443,2015-07-19T14:00:00.000000Z,MWC_ETP_MELBOURNE,final_effluent,DATASET_03_MELBOURNE_ETP_OUTLET,observed,SHA256:47948ae79b2e703e4c0d89e3bb62f4d8bdc4def6bf8452f69506dc59141e4b96
7/20/2015 2:00:00 PM,16.0,,0.1,2.0,,,444,2015-07-20T14:00:00.000000Z,MWC_ETP_MELBOURNE,final_effluent,DATASET_03_MELBOURNE_ETP_OUTLET,observed,SHA256:47948ae79b2e703e4c0d89e3bb62f4d8bdc4def6bf8452f69506dc59141e4b96
7/20/2015 9:00:00 PM,,2.0,0.1,1.2,20.0,18.0,445,2015-07-20T21:00:00.000000Z,MWC_ETP_MELBOURNE,final_effluent,DATASET_03_MELBOURNE_ETP_OUTLET,observed,SHA256:47948ae79b2e703e4c0d89e3bb62f4d8bdc4def6bf8452f69506dc59141e4b96
7/21/2015 2:00:00 PM,24.0,,0.11,3.7,,,446,2015-07-21T14:00:00.000000Z,MWC_ETP_MELBOURNE,final_effluent,DATASET_03_MELBOURNE_ETP_OUTLET,observed,SHA256:47948ae79b2e703e4c0d89e3bb62f4d8bdc4def6bf8452f69506dc59141e4b96
7/22/2015 2:00:00 PM,20.0,,0.11,2.7,,,447,2015-07-22T14:00:00.000000Z,MWC_ETP_MELBOURNE,final_effluent,DATASET_03_MELBOURNE_ETP_OUTLET,observed,SHA256:47948ae79b2e703e4c0d89e3bb62f4d8bdc4def6bf8452f69506dc59141e4b96
7/23/2015 2:00:00 PM,23.0,,0.09,2.0,,,448,2015-07-23T14:00:00.000000Z,MWC_ETP_MELBOURNE,final_effluent,DATASET_03_MELBOURNE_ETP_OUTLET,observed,SHA256:47948ae79b2e703e4c0d89e3bb62f4d8bdc4def6bf8452f69506dc59141e4b96
7/26/2015 2:00:00 PM,16.0,,0.12,2.4,,,449,2015-07-26T14:00:00.000000Z,MWC_ETP_MELBOURNE,final_effluent,DATASET_03_MELBOURNE_ETP_OUTLET,observed,SHA256:47948ae79b2e703e4c0d89e3bb62f4d8bdc4def6bf8452f69506dc59141e4b96
7/26/2015 9:00:00 PM,,2.0,0.1,,,,450,2015-07-26T21:00:00.000000Z,MWC_ETP_MELBOURNE,final_effluent,DATASET_03_MELBOURNE_ETP_OUTLET,observed,SHA256:47948ae79b2e703e4c0d89e3bb62f4d8bdc4def6bf8452f69506dc59141e4b96
9/23/2015 2:00:00 PM,18.0,,0.04,1.4,,,451,2015-09-23T14:00:00.000000Z,MWC_ETP_MELBOURNE,final_effluent,DATASET_03_MELBOURNE_ETP_OUTLET,observed,SHA256:47948ae79b2e703e4c0d89e3bb62f4d8bdc4def6bf8452f69506dc59141e4b96
7/27/2015 2:00:00 PM,11.0,,0.12,3.4,,,452,2015-07-27T14:00:00.000000Z,MWC_ETP_MELBOURNE,final_effluent,DATASET_03_MELBOURNE_ETP_OUTLET,observed,SHA256:47948ae79b2e703e4c0d89e3bb62f4d8bdc4def6bf8452f69506dc59141e4b96
1/21/2016 8:00:00 PM,,3.0,0.1,1.4,7.0,6.0,453,2016-01-21T20:00:00.000000Z,MWC_ETP_MELBOURNE,final_effluent,DATASET_03_MELBOURNE_ETP_OUTLET,observed,SHA256:47948ae79b2e703e4c0d89e3bb62f4d8bdc4def6bf8452f69506dc59141e4b96
3/21/2016 8:00:00 PM,,2.0,0.1,,,,454,2016-03-21T20:00:00.000000Z,MWC_ETP_MELBOURNE,final_effluent,DATASET_03_MELBOURNE_ETP_OUTLET,observed,SHA256:47948ae79b2e703e4c0d89e3bb62f4d8bdc4def6bf8452f69506dc59141e4b96
3/22/2016 1:00:00 PM,24.0,,0.06,2.3,,,455,2016-03-22T13:00:00.000000Z,MWC_ETP_MELBOURNE,final_effluent,DATASET_03_MELBOURNE_ETP_OUTLET,observed,SHA256:47948ae79b2e703e4c0d89e3bb62f4d8bdc4def6bf8452f69506dc59141e4b96
3/23/2016 1:00:00 PM,25.0,,0.1,1.6,,,456,2016-03-23T13:00:00.000000Z,MWC_ETP_MELBOURNE,final_effluent,DATASET_03_MELBOURNE_ETP_OUTLET,observed,SHA256:47948ae79b2e703e4c0d89e3bb62f4d8bdc4def6bf8452f69506dc59141e4b96
3/25/2016 1:00:00 PM,26.0,,0.07,2.3,,,457,2016-03-25T13:00:00.000000Z,MWC_ETP_MELBOURNE,final_effluent,DATASET_03_MELBOURNE_ETP_OUTLET,observed,SHA256:47948ae79b2e703e4c0d89e3bb62f4d8bdc4def6bf8452f69506dc59141e4b96
3/28/2016 1:00:00 PM,24.0,,0.08,1.6,,,458,2016-03-28T13:00:00.000000Z,MWC_ETP_MELBOURNE,final_effluent,DATASET_03_MELBOURNE_ETP_OUTLET,observed,SHA256:47948ae79b2e703e4c0d89e3bb62f4d8bdc4def6bf8452f69506dc59141e4b96
3/29/2016 1:00:00 PM,20.0,,0.06,1.2,,,459,2016-03-29T13:00:00.000000Z,MWC_ETP_MELBOURNE,final_effluent,DATASET_03_MELBOURNE_ETP_OUTLET,observed,SHA256:47948ae79b2e703e4c0d89e3bb62f4d8bdc4def6bf8452f69506dc59141e4b96
3/29/2016 8:00:00 PM,,2.0,0.1,1.1,22.0,21.0,460,2016-03-29T20:00:00.000000Z,MWC_ETP_MELBOURNE,final_effluent,DATASET_03_MELBOURNE_ETP_OUTLET,observed,SHA256:47948ae79b2e703e4c0d89e3bb62f4d8bdc4def6bf8452f69506dc59141e4b96
3/30/2016 1:00:00 PM,27.0,,0.07,1.6,,,461,2016-03-30T13:00:00.000000Z,MWC_ETP_MELBOURNE,final_effluent,DATASET_03_MELBOURNE_ETP_OUTLET,observed,SHA256:47948ae79b2e703e4c0d89e3bb62f4d8bdc4def6bf8452f69506dc59141e4b96
3/31/2016 1:00:00 PM,28.0,,0.08,2.2,,,462,2016-03-31T13:00:00.000000Z,MWC_ETP_MELBOURNE,final_effluent,DATASET_03_MELBOURNE_ETP_OUTLET,observed,SHA256:47948ae79b2e703e4c0d89e3bb62f4d8bdc4def6bf8452f69506dc59141e4b96
4/3/2016 2:00:00 PM,25.0,,0.07,2.0,,,463,2016-04-03T14:00:00.000000Z,MWC_ETP_MELBOURNE,final_effluent,DATASET_03_MELBOURNE_ETP_OUTLET,observed,SHA256:47948ae79b2e703e4c0d89e3bb62f4d8bdc4def6bf8452f69506dc59141e4b96
4/3/2016 9:00:00 PM,,2.0,0.1,,,,464,2016-04-03T21:00:00.000000Z,MWC_ETP_MELBOURNE,final_effluent,DATASET_03_MELBOURNE_ETP_OUTLET,observed,SHA256:47948ae79b2e703e4c0d89e3bb62f4d8bdc4def6bf8452f69506dc59141e4b96
4/4/2016 2:00:00 PM,5.0,,0.05,2.9,,,465,2016-04-04T14:00:00.000000Z,MWC_ETP_MELBOURNE,final_effluent,DATASET_03_MELBOURNE_ETP_OUTLET,observed,SHA256:47948ae79b2e703e4c0d89e3bb62f4d8bdc4def6bf8452f69506dc59141e4b96
4/6/2016 2:00:00 PM,25.0,,0.2,3.0,,,466,2016-04-06T14:00:00.000000Z,MWC_ETP_MELBOURNE,final_effluent,DATASET_03_MELBOURNE_ETP_OUTLET,observed,SHA256:47948ae79b2e703e4c0d89e3bb62f4d8bdc4def6bf8452f69506dc59141e4b96
4/7/2016 2:00:00 PM,15.0,,0.1,3.0,,,467,2016-04-07T14:00:00.000000Z,MWC_ETP_MELBOURNE,final_effluent,DATASET_03_MELBOURNE_ETP_OUTLET,observed,SHA256:47948ae79b2e703e4c0d89e3bb62f4d8bdc4def6bf8452f69506dc59141e4b96
4/10/2016 2:00:00 PM,25.0,,0.04,2.3,,,468,2016-04-10T14:00:00.000000Z,MWC_ETP_MELBOURNE,final_effluent,DATASET_03_MELBOURNE_ETP_OUTLET,observed,SHA256:47948ae79b2e703e4c0d89e3bb62f4d8bdc4def6bf8452f69506dc59141e4b96
4/11/2016 2:00:00 PM,26.0,,0.02,1.8,,,469,2016-04-11T14:00:00.000000Z,MWC_ETP_MELBOURNE,final_effluent,DATASET_03_MELBOURNE_ETP_OUTLET,observed,SHA256:47948ae79b2e703e4c0d89e3bb62f4d8bdc4def6bf8452f69506dc59141e4b96
4/11/2016 9:00:00 PM,,2.0,0.1,1.6,19.0,18.0,470,2016-04-11T21:00:00.000000Z,MWC_ETP_MELBOURNE,final_effluent,DATASET_03_MELBOURNE_ETP_OUTLET,observed,SHA256:47948ae79b2e703e4c0d89e3bb62f4d8bdc4def6bf8452f69506dc59141e4b96
4/12/2016 2:00:00 PM,20.0,,0.07,3.0,,,471,2016-04-12T14:00:00.000000Z,MWC_ETP_MELBOURNE,final_effluent,DATASET_03_MELBOURNE_ETP_OUTLET,observed,SHA256:47948ae79b2e703e4c0d89e3bb62f4d8bdc4def6bf8452f69506dc59141e4b96
4/13/2016 2:00:00 PM,30.0,,0.08,1.8,,,472,2016-04-13T14:00:00.000000Z,MWC_ETP_MELBOURNE,final_effluent,DATASET_03_MELBOURNE_ETP_OUTLET,observed,SHA256:47948ae79b2e703e4c0d89e3bb62f4d8bdc4def6bf8452f69506dc59141e4b96
4/14/2016 2:00:00 PM,35.0,,0.07,2.0,,,473,2016-04-14T14:00:00.000000Z,MWC_ETP_MELBOURNE,final_effluent,DATASET_03_MELBOURNE_ETP_OUTLET,observed,SHA256:47948ae79b2e703e4c0d89e3bb62f4d8bdc4def6bf8452f69506dc59141e4b96
4/17/2016 2:00:00 PM,20.0,,0.09,2.0,,,474,2016-04-17T14:00:00.000000Z,MWC_ETP_MELBOURNE,final_effluent,DATASET_03_MELBOURNE_ETP_OUTLET,observed,SHA256:47948ae79b2e703e4c0d89e3bb62f4d8bdc4def6bf8452f69506dc59141e4b96
4/18/2016 2:00:00 PM,25.0,,0.09,3.0,,,475,2016-04-18T14:00:00.000000Z,MWC_ETP_MELBOURNE,final_effluent,DATASET_03_MELBOURNE_ETP_OUTLET,observed,SHA256:47948ae79b2e703e4c0d89e3bb62f4d8bdc4def6bf8452f69506dc59141e4b96
4/19/2016 2:00:00 PM,26.0,,0.09,2.5,,,476,2016-04-19T14:00:00.000000Z,MWC_ETP_MELBOURNE,final_effluent,DATASET_03_MELBOURNE_ETP_OUTLET,observed,SHA256:47948ae79b2e703e4c0d89e3bb62f4d8bdc4def6bf8452f69506dc59141e4b96
4/19/2016 9:00:00 PM,,4.0,0.1,,,,477,2016-04-19T21:00:00.000000Z,MWC_ETP_MELBOURNE,final_effluent,DATASET_03_MELBOURNE_ETP_OUTLET,observed,SHA256:47948ae79b2e703e4c0d89e3bb62f4d8bdc4def6bf8452f69506dc59141e4b96
4/20/2016 2:00:00 PM,31.0,,0.06,3.9,,,478,2016-04-20T14:00:00.000000Z,MWC_ETP_MELBOURNE,final_effluent,DATASET_03_MELBOURNE_ETP_OUTLET,observed,SHA256:47948ae79b2e703e4c0d89e3bb62f4d8bdc4def6bf8452f69506dc59141e4b96
4/21/2016 2:00:00 PM,26.0,,0.09,2.1,,,479,2016-04-21T14:00:00.000000Z,MWC_ETP_MELBOURNE,final_effluent,DATASET_03_MELBOURNE_ETP_OUTLET,observed,SHA256:47948ae79b2e703e4c0d89e3bb62f4d8bdc4def6bf8452f69506dc59141e4b96
4/22/2016 2:00:00 PM,30.0,,0.09,2.3,,,480,2016-04-22T14:00:00.000000Z,MWC_ETP_MELBOURNE,final_effluent,DATASET_03_MELBOURNE_ETP_OUTLET,observed,SHA256:47948ae79b2e703e4c0d89e3bb62f4d8bdc4def6bf8452f69506dc59141e4b96
4/25/2016 2:00:00 PM,20.0,,0.1,3.3,,,481,2016-04-25T14:00:00.000000Z,MWC_ETP_MELBOURNE,final_effluent,DATASET_03_MELBOURNE_ETP_OUTLET,observed,SHA256:47948ae79b2e703e4c0d89e3bb62f4d8bdc4def6bf8452f69506dc59141e4b96
4/26/2016 2:00:00 PM,21.0,,0.1,1.9,,,482,2016-04-26T14:00:00.000000Z,MWC_ETP_MELBOURNE,final_effluent,DATASET_03_MELBOURNE_ETP_OUTLET,observed,SHA256:47948ae79b2e703e4c0d89e3bb62f4d8bdc4def6bf8452f69506dc59141e4b96
4/27/2016 2:00:00 PM,34.0,,0.09,2.7,,,483,2016-04-27T14:00:00.000000Z,MWC_ETP_MELBOURNE,final_effluent,DATASET_03_MELBOURNE_ETP_OUTLET,observed,SHA256:47948ae79b2e703e4c0d89e3bb62f4d8bdc4def6bf8452f69506dc59141e4b96
4/27/2016 9:00:00 PM,,4.0,0.1,0.3,13.0,13.0,484,2016-04-27T21:00:00.000000Z,MWC_ETP_MELBOURNE,final_effluent,DATASET_03_MELBOURNE_ETP_OUTLET,observed,SHA256:47948ae79b2e703e4c0d89e3bb62f4d8bdc4def6bf8452f69506dc59141e4b96
4/28/2016 2:00:00 PM,30.0,,0.09,2.8,,,485,2016-04-28T14:00:00.000000Z,MWC_ETP_MELBOURNE,final_effluent,DATASET_03_MELBOURNE_ETP_OUTLET,observed,SHA256:47948ae79b2e703e4c0d89e3bb62f4d8bdc4def6bf8452f69506dc59141e4b96
5/1/2016 2:00:00 PM,27.0,,0.1,2.0,,,486,2016-05-01T14:00:00.000000Z,MWC_ETP_MELBOURNE,final_effluent,DATASET_03_MELBOURNE_ETP_OUTLET,observed,SHA256:47948ae79b2e703e4c0d89e3bb62f4d8bdc4def6bf8452f69506dc59141e4b96
5/2/2016 2:00:00 PM,25.0,,0.06,1.5,,,487,2016-05-02T14:00:00.000000Z,MWC_ETP_MELBOURNE,final_effluent,DATASET_03_MELBOURNE_ETP_OUTLET,observed,SHA256:47948ae79b2e703e4c0d89e3bb62f4d8bdc4def6bf8452f69506dc59141e4b96
5/3/2016 2:00:00 PM,26.0,,0.06,3.7,,,488,2016-05-03T14:00:00.000000Z,MWC_ETP_MELBOURNE,final_effluent,DATASET_03_MELBOURNE_ETP_OUTLET,observed,SHA256:47948ae79b2e703e4c0d89e3bb62f4d8bdc4def6bf8452f69506dc59141e4b96
5/4/2016 2:00:00 PM,30.0,,0.06,1.0,,,489,2016-05-04T14:00:00.000000Z,MWC_ETP_MELBOURNE,final_effluent,DATASET_03_MELBOURNE_ETP_OUTLET,observed,SHA256:47948ae79b2e703e4c0d89e3bb62f4d8bdc4def6bf8452f69506dc59141e4b96
5/5/2016 2:00:00 PM,20.0,,0.06,3.0,,,490,2016-05-05T14:00:00.000000Z,MWC_ETP_MELBOURNE,final_effluent,DATASET_03_MELBOURNE_ETP_OUTLET,observed,SHA256:47948ae79b2e703e4c0d89e3bb62f4d8bdc4def6bf8452f69506dc59141e4b96
5/5/2016 9:00:00 PM,,3.0,0.1,,,,491,2016-05-05T21:00:00.000000Z,MWC_ETP_MELBOURNE,final_effluent,DATASET_03_MELBOURNE_ETP_OUTLET,observed,SHA256:47948ae79b2e703e4c0d89e3bb62f4d8bdc4def6bf8452f69506dc59141e4b96
5/8/2016 2:00:00 PM,24.0,,0.09,1.6,,,492,2016-05-08T14:00:00.000000Z,MWC_ETP_MELBOURNE,final_effluent,DATASET_03_MELBOURNE_ETP_OUTLET,observed,SHA256:47948ae79b2e703e4c0d89e3bb62f4d8bdc4def6bf8452f69506dc59141e4b96
5/9/2016 2:00:00 PM,15.0,,0.08,2.7,,,493,2016-05-09T14:00:00.000000Z,MWC_ETP_MELBOURNE,final_effluent,DATASET_03_MELBOURNE_ETP_OUTLET,observed,SHA256:47948ae79b2e703e4c0d89e3bb62f4d8bdc4def6bf8452f69506dc59141e4b96
5/10/2016 2:00:00 PM,24.0,,0.08,2.0,,,494,2016-05-10T14:00:00.000000Z,MWC_ETP_MELBOURNE,final_effluent,DATASET_03_MELBOURNE_ETP_OUTLET,observed,SHA256:47948ae79b2e703e4c0d89e3bb62f4d8bdc4def6bf8452f69506dc59141e4b96
5/11/2016 2:00:00 PM,23.0,,0.08,1.7,,,495,2016-05-11T14:00:00.000000Z,MWC_ETP_MELBOURNE,final_effluent,DATASET_03_MELBOURNE_ETP_OUTLET,observed,SHA256:47948ae79b2e703e4c0d89e3bb62f4d8bdc4def6bf8452f69506dc59141e4b96
5/11/2016 9:00:00 PM,,3.0,0.1,1.9,14.0,12.0,496,2016-05-11T21:00:00.000000Z,MWC_ETP_MELBOURNE,final_effluent,DATASET_03_MELBOURNE_ETP_OUTLET,observed,SHA256:47948ae79b2e703e4c0d89e3bb62f4d8bdc4def6bf8452f69506dc59141e4b96
5/12/2016 2:00:00 PM,30.0,,0.07,3.5,,,497,2016-05-12T14:00:00.000000Z,MWC_ETP_MELBOURNE,final_effluent,DATASET_03_MELBOURNE_ETP_OUTLET,observed,SHA256:47948ae79b2e703e4c0d89e3bb62f4d8bdc4def6bf8452f69506dc59141e4b96
5/15/2016 2:00:00 PM,26.0,,0.09,2.7,,,498,2016-05-15T14:00:00.000000Z,MWC_ETP_MELBOURNE,final_effluent,DATASET_03_MELBOURNE_ETP_OUTLET,observed,SHA256:47948ae79b2e703e4c0d89e3bb62f4d8bdc4def6bf8452f69506dc59141e4b96
5/16/2016 2:00:00 PM,21.0,,0.06,1.9,,,499,2016-05-16T14:00:00.000000Z,MWC_ETP_MELBOURNE,final_effluent,DATASET_03_MELBOURNE_ETP_OUTLET,observed,SHA256:47948ae79b2e703e4c0d89e3bb62f4d8bdc4def6bf8452f69506dc59141e4b96
5/17/2016 2:00:00 PM,20.0,,0.09,1.7,,,500,2016-05-17T14:00:00.000000Z,MWC_ETP_MELBOURNE,final_effluent,DATASET_03_MELBOURNE_ETP_OUTLET,observed,SHA256:47948ae79b2e703e4c0d89e3bb62f4d8bdc4def6bf8452f69506dc59141e4b96
5/17/2016 9:00:00 PM,,3.0,0.1,,,,501,2016-05-17T21:00:00.000000Z,MWC_ETP_MELBOURNE,final_effluent,DATASET_03_MELBOURNE_ETP_OUTLET,observed,SHA256:47948ae79b2e703e4c0d89e3bb62f4d8bdc4def6bf8452f69506dc59141e4b96
5/18/2016 2:00:00 PM,30.0,,0.08,3.0,,,502,2016-05-18T14:00:00.000000Z,MWC_ETP_MELBOURNE,final_effluent,DATASET_03_MELBOURNE_ETP_OUTLET,observed,SHA256:47948ae79b2e703e4c0d89e3bb62f4d8bdc4def6bf8452f69506dc59141e4b96
5/19/2016 2:00:00 PM,30.0,,0.07,2.4,,,503,2016-05-19T14:00:00.000000Z,MWC_ETP_MELBOURNE,final_effluent,DATASET_03_MELBOURNE_ETP_OUTLET,observed,SHA256:47948ae79b2e703e4c0d89e3bb62f4d8bdc4def6bf8452f69506dc59141e4b96
1/24/2016 1:00:00 PM,16.0,,0.07,1.1,,,504,2016-01-24T13:00:00.000000Z,MWC_ETP_MELBOURNE,final_effluent,DATASET_03_MELBOURNE_ETP_OUTLET,observed,SHA256:47948ae79b2e703e4c0d89e3bb62f4d8bdc4def6bf8452f69506dc59141e4b96
1/26/2016 1:00:00 PM,15.0,,0.1,1.4,,,505,2016-01-26T13:00:00.000000Z,MWC_ETP_MELBOURNE,final_effluent,DATASET_03_MELBOURNE_ETP_OUTLET,observed,SHA256:47948ae79b2e703e4c0d89e3bb62f4d8bdc4def6bf8452f69506dc59141e4b96
1/27/2016 1:00:00 PM,20.0,,0.06,1.0,,,506,2016-01-27T13:00:00.000000Z,MWC_ETP_MELBOURNE,final_effluent,DATASET_03_MELBOURNE_ETP_OUTLET,observed,SHA256:47948ae79b2e703e4c0d89e3bb62f4d8bdc4def6bf8452f69506dc59141e4b96
1/27/2016 8:00:00 PM,,4.0,0.1,,,,507,2016-01-27T20:00:00.000000Z,MWC_ETP_MELBOURNE,final_effluent,DATASET_03_MELBOURNE_ETP_OUTLET,observed,SHA256:47948ae79b2e703e4c0d89e3bb62f4d8bdc4def6bf8452f69506dc59141e4b96
1/28/2016 1:00:00 PM,20.0,,0.06,3.0,,,508,2016-01-28T13:00:00.000000Z,MWC_ETP_MELBOURNE,final_effluent,DATASET_03_MELBOURNE_ETP_OUTLET,observed,SHA256:47948ae79b2e703e4c0d89e3bb62f4d8bdc4def6bf8452f69506dc59141e4b96
1/31/2016 1:00:00 PM,20.0,,0.08,3.0,,,509,2016-01-31T13:00:00.000000Z,MWC_ETP_MELBOURNE,final_effluent,DATASET_03_MELBOURNE_ETP_OUTLET,observed,SHA256:47948ae79b2e703e4c0d89e3bb62f4d8bdc4def6bf8452f69506dc59141e4b96
2/1/2016 1:00:00 PM,16.0,,0.05,2.0,,,510,2016-02-01T13:00:00.000000Z,MWC_ETP_MELBOURNE,final_effluent,DATASET_03_MELBOURNE_ETP_OUTLET,observed,SHA256:47948ae79b2e703e4c0d89e3bb62f4d8bdc4def6bf8452f69506dc59141e4b96
2/2/2016 1:00:00 PM,16.0,,0.05,2.9,,,511,2016-02-02T13:00:00.000000Z,MWC_ETP_MELBOURNE,final_effluent,DATASET_03_MELBOURNE_ETP_OUTLET,observed,SHA256:47948ae79b2e703e4c0d89e3bb62f4d8bdc4def6bf8452f69506dc59141e4b96
2/2/2016 8:00:00 PM,,2.0,0.1,0.9,12.0,11.0,512,2016-02-02T20:00:00.000000Z,MWC_ETP_MELBOURNE,final_effluent,DATASET_03_MELBOURNE_ETP_OUTLET,observed,SHA256:47948ae79b2e703e4c0d89e3bb62f4d8bdc4def6bf8452f69506dc59141e4b96
2/3/2016 1:00:00 PM,20.0,,0.09,2.0,,,513,2016-02-03T13:00:00.000000Z,MWC_ETP_MELBOURNE,final_effluent,DATASET_03_MELBOURNE_ETP_OUTLET,observed,SHA256:47948ae79b2e703e4c0d89e3bb62f4d8bdc4def6bf8452f69506dc59141e4b96
2/4/2016 1:00:00 PM,20.0,,0.1,1.6,,,514,2016-02-04T13:00:00.000000Z,MWC_ETP_MELBOURNE,final_effluent,DATASET_03_MELBOURNE_ETP_OUTLET,observed,SHA256:47948ae79b2e703e4c0d89e3bb62f4d8bdc4def6bf8452f69506dc59141e4b96
2/7/2016 1:00:00 PM,19.0,,0.07,1.4,,,515,2016-02-07T13:00:00.000000Z,MWC_ETP_MELBOURNE,final_effluent,DATASET_03_MELBOURNE_ETP_OUTLET,observed,SHA256:47948ae79b2e703e4c0d89e3bb62f4d8bdc4def6bf8452f69506dc59141e4b96
2/8/2016 1:00:00 PM,16.0,,0.06,2.7,,,516,2016-02-08T13:00:00.000000Z,MWC_ETP_MELBOURNE,final_effluent,DATASET_03_MELBOURNE_ETP_OUTLET,observed,SHA256:47948ae79b2e703e4c0d89e3bb62f4d8bdc4def6bf8452f69506dc59141e4b96
2/8/2016 8:00:00 PM,,2.0,0.1,,,,517,2016-02-08T20:00:00.000000Z,MWC_ETP_MELBOURNE,final_effluent,DATASET_03_MELBOURNE_ETP_OUTLET,observed,SHA256:47948ae79b2e703e4c0d89e3bb62f4d8bdc4def6bf8452f69506dc59141e4b96
2/9/2016 1:00:00 PM,16.0,,0.05,1.5,,,518,2016-02-09T13:00:00.000000Z,MWC_ETP_MELBOURNE,final_effluent,DATASET_03_MELBOURNE_ETP_OUTLET,observed,SHA256:47948ae79b2e703e4c0d89e3bb62f4d8bdc4def6bf8452f69506dc59141e4b96
2/10/2016 1:00:00 PM,15.0,,0.07,2.0,,,519,2016-02-10T13:00:00.000000Z,MWC_ETP_MELBOURNE,final_effluent,DATASET_03_MELBOURNE_ETP_OUTLET,observed,SHA256:47948ae79b2e703e4c0d89e3bb62f4d8bdc4def6bf8452f69506dc59141e4b96
2/11/2016 1:00:00 PM,14.0,,0.07,1.8,,,520,2016-02-11T13:00:00.000000Z,MWC_ETP_MELBOURNE,final_effluent,DATASET_03_MELBOURNE_ETP_OUTLET,observed,SHA256:47948ae79b2e703e4c0d89e3bb62f4d8bdc4def6bf8452f69506dc59141e4b96
2/14/2016 1:00:00 PM,23.0,,0.06,1.4,,,521,2016-02-14T13:00:00.000000Z,MWC_ETP_MELBOURNE,final_effluent,DATASET_03_MELBOURNE_ETP_OUTLET,observed,SHA256:47948ae79b2e703e4c0d89e3bb62f4d8bdc4def6bf8452f69506dc59141e4b96
2/14/2016 8:00:00 PM,,2.0,0.1,1.3,13.0,11.0,522,2016-02-14T20:00:00.000000Z,MWC_ETP_MELBOURNE,final_effluent,DATASET_03_MELBOURNE_ETP_OUTLET,observed,SHA256:47948ae79b2e703e4c0d89e3bb62f4d8bdc4def6bf8452f69506dc59141e4b96
2/15/2016 1:00:00 PM,17.0,,0.09,7.0,,,523,2016-02-15T13:00:00.000000Z,MWC_ETP_MELBOURNE,final_effluent,DATASET_03_MELBOURNE_ETP_OUTLET,observed,SHA256:47948ae79b2e703e4c0d89e3bb62f4d8bdc4def6bf8452f69506dc59141e4b96
2/16/2016 1:00:00 PM,14.0,,0.07,4.0,,,524,2016-02-16T13:00:00.000000Z,MWC_ETP_MELBOURNE,final_effluent,DATASET_03_MELBOURNE_ETP_OUTLET,observed,SHA256:47948ae79b2e703e4c0d89e3bb62f4d8bdc4def6bf8452f69506dc59141e4b96
2/17/2016 1:00:00 PM,19.0,,0.06,4.0,,,525,2016-02-17T13:00:00.000000Z,MWC_ETP_MELBOURNE,final_effluent,DATASET_03_MELBOURNE_ETP_OUTLET,observed,SHA256:47948ae79b2e703e4c0d89e3bb62f4d8bdc4def6bf8452f69506dc59141e4b96
2/18/2016 1:00:00 PM,20.0,,0.08,1.8,,,526,2016-02-18T13:00:00.000000Z,MWC_ETP_MELBOURNE,final_effluent,DATASET_03_MELBOURNE_ETP_OUTLET,observed,SHA256:47948ae79b2e703e4c0d89e3bb62f4d8bdc4def6bf8452f69506dc59141e4b96
2/21/2016 1:00:00 PM,24.0,,0.08,1.8,,,527,2016-02-21T13:00:00.000000Z,MWC_ETP_MELBOURNE,final_effluent,DATASET_03_MELBOURNE_ETP_OUTLET,observed,SHA256:47948ae79b2e703e4c0d89e3bb62f4d8bdc4def6bf8452f69506dc59141e4b96
2/22/2016 1:00:00 PM,20.0,,0.07,1.4,,,528,2016-02-22T13:00:00.000000Z,MWC_ETP_MELBOURNE,final_effluent,DATASET_03_MELBOURNE_ETP_OUTLET,observed,SHA256:47948ae79b2e703e4c0d89e3bb62f4d8bdc4def6bf8452f69506dc59141e4b96
2/22/2016 8:00:00 PM,,2.0,0.1,,,,529,2016-02-22T20:00:00.000000Z,MWC_ETP_MELBOURNE,final_effluent,DATASET_03_MELBOURNE_ETP_OUTLET,observed,SHA256:47948ae79b2e703e4c0d89e3bb62f4d8bdc4def6bf8452f69506dc59141e4b96
2/23/2016 1:00:00 PM,18.0,,0.1,1.5,,,530,2016-02-23T13:00:00.000000Z,MWC_ETP_MELBOURNE,final_effluent,DATASET_03_MELBOURNE_ETP_OUTLET,observed,SHA256:47948ae79b2e703e4c0d89e3bb62f4d8bdc4def6bf8452f69506dc59141e4b96
2/24/2016 1:00:00 PM,23.0,,0.1,3.0,,,531,2016-02-24T13:00:00.000000Z,MWC_ETP_MELBOURNE,final_effluent,DATASET_03_MELBOURNE_ETP_OUTLET,observed,SHA256:47948ae79b2e703e4c0d89e3bb62f4d8bdc4def6bf8452f69506dc59141e4b96
2/25/2016 1:00:00 PM,20.0,,0.1,3.2,,,532,2016-02-25T13:00:00.000000Z,MWC_ETP_MELBOURNE,final_effluent,DATASET_03_MELBOURNE_ETP_OUTLET,observed,SHA256:47948ae79b2e703e4c0d89e3bb62f4d8bdc4def6bf8452f69506dc59141e4b96
2/28/2016 1:00:00 PM,15.0,,0.08,2.1,,,533,2016-02-28T13:00:00.000000Z,MWC_ETP_MELBOURNE,final_effluent,DATASET_03_MELBOURNE_ETP_OUTLET,observed,SHA256:47948ae79b2e703e4c0d89e3bb62f4d8bdc4def6bf8452f69506dc59141e4b96
2/29/2016 1:00:00 PM,16.0,,0.08,1.5,,,534,2016-02-29T13:00:00.000000Z,MWC_ETP_MELBOURNE,final_effluent,DATASET_03_MELBOURNE_ETP_OUTLET,observed,SHA256:47948ae79b2e703e4c0d89e3bb62f4d8bdc4def6bf8452f69506dc59141e4b96
3/1/2016 1:00:00 PM,20.0,,0.07,2.0,,,535,2016-03-01T13:00:00.000000Z,MWC_ETP_MELBOURNE,final_effluent,DATASET_03_MELBOURNE_ETP_OUTLET,observed,SHA256:47948ae79b2e703e4c0d89e3bb62f4d8bdc4def6bf8452f69506dc59141e4b96
3/2/2016 1:00:00 PM,28.0,,0.06,2.1,,,536,2016-03-02T13:00:00.000000Z,MWC_ETP_MELBOURNE,final_effluent,DATASET_03_MELBOURNE_ETP_OUTLET,observed,SHA256:47948ae79b2e703e4c0d89e3bb62f4d8bdc4def6bf8452f69506dc59141e4b96
3/2/2016 8:00:00 PM,,3.0,0.1,1.0,12.0,11.0,537,2016-03-02T20:00:00.000000Z,MWC_ETP_MELBOURNE,final_effluent,DATASET_03_MELBOURNE_ETP_OUTLET,observed,SHA256:47948ae79b2e703e4c0d89e3bb62f4d8bdc4def6bf8452f69506dc59141e4b96
3/3/2016 1:00:00 PM,25.0,,0.06,2.4,,,538,2016-03-03T13:00:00.000000Z,MWC_ETP_MELBOURNE,final_effluent,DATASET_03_MELBOURNE_ETP_OUTLET,observed,SHA256:47948ae79b2e703e4c0d89e3bb62f4d8bdc4def6bf8452f69506dc59141e4b96
3/6/2016 1:00:00 PM,25.0,,0.09,1.3,,,539,2016-03-06T13:00:00.000000Z,MWC_ETP_MELBOURNE,final_effluent,DATASET_03_MELBOURNE_ETP_OUTLET,observed,SHA256:47948ae79b2e703e4c0d89e3bb62f4d8bdc4def6bf8452f69506dc59141e4b96
3/7/2016 1:00:00 PM,30.0,,0.06,2.0,,,540,2016-03-07T13:00:00.000000Z,MWC_ETP_MELBOURNE,final_effluent,DATASET_03_MELBOURNE_ETP_OUTLET,observed,SHA256:47948ae79b2e703e4c0d89e3bb62f4d8bdc4def6bf8452f69506dc59141e4b96
3/8/2016 1:00:00 PM,19.0,,0.07,1.2,,,541,2016-03-08T13:00:00.000000Z,MWC_ETP_MELBOURNE,final_effluent,DATASET_03_MELBOURNE_ETP_OUTLET,observed,SHA256:47948ae79b2e703e4c0d89e3bb62f4d8bdc4def6bf8452f69506dc59141e4b96
3/9/2016 1:00:00 PM,25.0,,0.07,3.6,,,542,2016-03-09T13:00:00.000000Z,MWC_ETP_MELBOURNE,final_effluent,DATASET_03_MELBOURNE_ETP_OUTLET,observed,SHA256:47948ae79b2e703e4c0d89e3bb62f4d8bdc4def6bf8452f69506dc59141e4b96
3/10/2016 1:00:00 PM,25.0,,0.06,1.8,,,543,2016-03-10T13:00:00.000000Z,MWC_ETP_MELBOURNE,final_effluent,DATASET_03_MELBOURNE_ETP_OUTLET,observed,SHA256:47948ae79b2e703e4c0d89e3bb62f4d8bdc4def6bf8452f69506dc59141e4b96
3/10/2016 8:00:00 PM,,2.0,0.1,,,,544,2016-03-10T20:00:00.000000Z,MWC_ETP_MELBOURNE,final_effluent,DATASET_03_MELBOURNE_ETP_OUTLET,observed,SHA256:47948ae79b2e703e4c0d89e3bb62f4d8bdc4def6bf8452f69506dc59141e4b96
3/11/2016 1:00:00 PM,28.0,,0.06,2.0,,,545,2016-03-11T13:00:00.000000Z,MWC_ETP_MELBOURNE,final_effluent,DATASET_03_MELBOURNE_ETP_OUTLET,observed,SHA256:47948ae79b2e703e4c0d89e3bb62f4d8bdc4def6bf8452f69506dc59141e4b96
3/14/2016 1:00:00 PM,25.0,,0.08,1.8,,,546,2016-03-14T13:00:00.000000Z,MWC_ETP_MELBOURNE,final_effluent,DATASET_03_MELBOURNE_ETP_OUTLET,observed,SHA256:47948ae79b2e703e4c0d89e3bb62f4d8bdc4def6bf8452f69506dc59141e4b96
3/15/2016 1:00:00 PM,20.0,,0.06,1.5,,,547,2016-03-15T13:00:00.000000Z,MWC_ETP_MELBOURNE,final_effluent,DATASET_03_MELBOURNE_ETP_OUTLET,observed,SHA256:47948ae79b2e703e4c0d89e3bb62f4d8bdc4def6bf8452f69506dc59141e4b96
3/16/2016 1:00:00 PM,27.0,,0.05,1.8,,,548,2016-03-16T13:00:00.000000Z,MWC_ETP_MELBOURNE,final_effluent,DATASET_03_MELBOURNE_ETP_OUTLET,observed,SHA256:47948ae79b2e703e4c0d89e3bb62f4d8bdc4def6bf8452f69506dc59141e4b96
3/16/2016 8:00:00 PM,,2.0,0.1,1.2,16.0,15.0,549,2016-03-16T20:00:00.000000Z,MWC_ETP_MELBOURNE,final_effluent,DATASET_03_MELBOURNE_ETP_OUTLET,observed,SHA256:47948ae79b2e703e4c0d89e3bb62f4d8bdc4def6bf8452f69506dc59141e4b96
3/17/2016 1:00:00 PM,29.0,,0.06,2.3,,,550,2016-03-17T13:00:00.000000Z,MWC_ETP_MELBOURNE,final_effluent,DATASET_03_MELBOURNE_ETP_OUTLET,observed,SHA256:47948ae79b2e703e4c0d89e3bb62f4d8bdc4def6bf8452f69506dc59141e4b96
3/20/2016 1:00:00 PM,30.0,,0.1,3.0,,,551,2016-03-20T13:00:00.000000Z,MWC_ETP_MELBOURNE,final_effluent,DATASET_03_MELBOURNE_ETP_OUTLET,observed,SHA256:47948ae79b2e703e4c0d89e3bb62f4d8bdc4def6bf8452f69506dc59141e4b96
3/21/2016 1:00:00 PM,20.0,,0.06,2.4,,,552,2016-03-21T13:00:00.000000Z,MWC_ETP_MELBOURNE,final_effluent,DATASET_03_MELBOURNE_ETP_OUTLET,observed,SHA256:47948ae79b2e703e4c0d89e3bb62f4d8bdc4def6bf8452f69506dc59141e4b96
7/28/2015 2:00:00 PM,10.0,,0.07,4.0,,,553,2015-07-28T14:00:00.000000Z,MWC_ETP_MELBOURNE,final_effluent,DATASET_03_MELBOURNE_ETP_OUTLET,observed,SHA256:47948ae79b2e703e4c0d89e3bb62f4d8bdc4def6bf8452f69506dc59141e4b96
9/24/2015 2:00:00 PM,12.0,,0.09,3.2,,,554,2015-09-24T14:00:00.000000Z,MWC_ETP_MELBOURNE,final_effluent,DATASET_03_MELBOURNE_ETP_OUTLET,observed,SHA256:47948ae79b2e703e4c0d89e3bb62f4d8bdc4def6bf8452f69506dc59141e4b96
9/27/2015 2:00:00 PM,13.0,,0.1,2.2,,,555,2015-09-27T14:00:00.000000Z,MWC_ETP_MELBOURNE,final_effluent,DATASET_03_MELBOURNE_ETP_OUTLET,observed,SHA256:47948ae79b2e703e4c0d89e3bb62f4d8bdc4def6bf8452f69506dc59141e4b96
9/28/2015 2:00:00 PM,13.0,,0.04,2.2,,,556,2015-09-28T14:00:00.000000Z,MWC_ETP_MELBOURNE,final_effluent,DATASET_03_MELBOURNE_ETP_OUTLET,observed,SHA256:47948ae79b2e703e4c0d89e3bb62f4d8bdc4def6bf8452f69506dc59141e4b96
9/29/2015 2:00:00 PM,13.0,,0.03,1.9,,,557,2015-09-29T14:00:00.000000Z,MWC_ETP_MELBOURNE,final_effluent,DATASET_03_MELBOURNE_ETP_OUTLET,observed,SHA256:47948ae79b2e703e4c0d89e3bb62f4d8bdc4def6bf8452f69506dc59141e4b96
9/30/2015 2:00:00 PM,19.0,,0.05,2.5,,,558,2015-09-30T14:00:00.000000Z,MWC_ETP_MELBOURNE,final_effluent,DATASET_03_MELBOURNE_ETP_OUTLET,observed,SHA256:47948ae79b2e703e4c0d89e3bb62f4d8bdc4def6bf8452f69506dc59141e4b96
9/30/2015 9:00:00 PM,,3.0,0.1,2.0,13.0,11.0,559,2015-09-30T21:00:00.000000Z,MWC_ETP_MELBOURNE,final_effluent,DATASET_03_MELBOURNE_ETP_OUTLET,observed,SHA256:47948ae79b2e703e4c0d89e3bb62f4d8bdc4def6bf8452f69506dc59141e4b96
10/2/2015 2:00:00 PM,19.0,,0.04,2.4,,,560,2015-10-02T14:00:00.000000Z,MWC_ETP_MELBOURNE,final_effluent,DATASET_03_MELBOURNE_ETP_OUTLET,observed,SHA256:47948ae79b2e703e4c0d89e3bb62f4d8bdc4def6bf8452f69506dc59141e4b96
10/4/2015 1:00:00 PM,15.0,,0.11,2.4,,,561,2015-10-04T13:00:00.000000Z,MWC_ETP_MELBOURNE,final_effluent,DATASET_03_MELBOURNE_ETP_OUTLET,observed,SHA256:47948ae79b2e703e4c0d89e3bb62f4d8bdc4def6bf8452f69506dc59141e4b96
10/5/2015 1:00:00 PM,12.0,,0.05,2.1,,,562,2015-10-05T13:00:00.000000Z,MWC_ETP_MELBOURNE,final_effluent,DATASET_03_MELBOURNE_ETP_OUTLET,observed,SHA256:47948ae79b2e703e4c0d89e3bb62f4d8bdc4def6bf8452f69506dc59141e4b96
10/6/2015 1:00:00 PM,9.0,,0.06,2.1,,,563,2015-10-06T13:00:00.000000Z,MWC_ETP_MELBOURNE,final_effluent,DATASET_03_MELBOURNE_ETP_OUTLET,observed,SHA256:47948ae79b2e703e4c0d89e3bb62f4d8bdc4def6bf8452f69506dc59141e4b96
10/7/2015 1:00:00 PM,18.0,,0.05,1.9,,,564,2015-10-07T13:00:00.000000Z,MWC_ETP_MELBOURNE,final_effluent,DATASET_03_MELBOURNE_ETP_OUTLET,observed,SHA256:47948ae79b2e703e4c0d89e3bb62f4d8bdc4def6bf8452f69506dc59141e4b96
10/8/2015 1:00:00 PM,22.0,,0.06,2.1,,,565,2015-10-08T13:00:00.000000Z,MWC_ETP_MELBOURNE,final_effluent,DATASET_03_MELBOURNE_ETP_OUTLET,observed,SHA256:47948ae79b2e703e4c0d89e3bb62f4d8bdc4def6bf8452f69506dc59141e4b96
10/8/2015 8:00:00 PM,,3.0,0.1,,,,566,2015-10-08T20:00:00.000000Z,MWC_ETP_MELBOURNE,final_effluent,DATASET_03_MELBOURNE_ETP_OUTLET,observed,SHA256:47948ae79b2e703e4c0d89e3bb62f4d8bdc4def6bf8452f69506dc59141e4b96
10/11/2015 1:00:00 PM,12.0,,0.08,2.9,,,567,2015-10-11T13:00:00.000000Z,MWC_ETP_MELBOURNE,final_effluent,DATASET_03_MELBOURNE_ETP_OUTLET,observed,SHA256:47948ae79b2e703e4c0d89e3bb62f4d8bdc4def6bf8452f69506dc59141e4b96
10/12/2015 1:00:00 PM,12.0,,0.06,2.2,,,568,2015-10-12T13:00:00.000000Z,MWC_ETP_MELBOURNE,final_effluent,DATASET_03_MELBOURNE_ETP_OUTLET,observed,SHA256:47948ae79b2e703e4c0d89e3bb62f4d8bdc4def6bf8452f69506dc59141e4b96
10/13/2015 1:00:00 PM,12.0,,0.04,2.5,,,569,2015-10-13T13:00:00.000000Z,MWC_ETP_MELBOURNE,final_effluent,DATASET_03_MELBOURNE_ETP_OUTLET,observed,SHA256:47948ae79b2e703e4c0d89e3bb62f4d8bdc4def6bf8452f69506dc59141e4b96
10/14/2015 1:00:00 PM,14.0,,0.06,2.4,,,570,2015-10-14T13:00:00.000000Z,MWC_ETP_MELBOURNE,final_effluent,DATASET_03_MELBOURNE_ETP_OUTLET,observed,SHA256:47948ae79b2e703e4c0d89e3bb62f4d8bdc4def6bf8452f69506dc59141e4b96
10/14/2015 8:00:00 PM,,2.0,0.1,1.3,12.0,10.0,571,2015-10-14T20:00:00.000000Z,MWC_ETP_MELBOURNE,final_effluent,DATASET_03_MELBOURNE_ETP_OUTLET,observed,SHA256:47948ae79b2e703e4c0d89e3bb62f4d8bdc4def6bf8452f69506dc59141e4b96
10/15/2015 1:00:00 PM,14.0,,0.09,2.5,,,572,2015-10-15T13:00:00.000000Z,MWC_ETP_MELBOURNE,final_effluent,DATASET_03_MELBOURNE_ETP_OUTLET,observed,SHA256:47948ae79b2e703e4c0d89e3bb62f4d8bdc4def6bf8452f69506dc59141e4b96
10/18/2015 1:00:00 PM,15.0,,0.08,2.9,,,573,2015-10-18T13:00:00.000000Z,MWC_ETP_MELBOURNE,final_effluent,DATASET_03_MELBOURNE_ETP_OUTLET,observed,SHA256:47948ae79b2e703e4c0d89e3bb62f4d8bdc4def6bf8452f69506dc59141e4b96
10/19/2015 1:00:00 PM,18.0,,0.08,2.7,,,574,2015-10-19T13:00:00.000000Z,MWC_ETP_MELBOURNE,final_effluent,DATASET_03_MELBOURNE_ETP_OUTLET,observed,SHA256:47948ae79b2e703e4c0d89e3bb62f4d8bdc4def6bf8452f69506dc59141e4b96
10/20/2015 1:00:00 PM,16.0,,0.09,1.8,,,575,2015-10-20T13:00:00.000000Z,MWC_ETP_MELBOURNE,final_effluent,DATASET_03_MELBOURNE_ETP_OUTLET,observed,SHA256:47948ae79b2e703e4c0d89e3bb62f4d8bdc4def6bf8452f69506dc59141e4b96
10/20/2015 8:00:00 PM,,4.0,0.1,,,,576,2015-10-20T20:00:00.000000Z,MWC_ETP_MELBOURNE,final_effluent,DATASET_03_MELBOURNE_ETP_OUTLET,observed,SHA256:47948ae79b2e703e4c0d89e3bb62f4d8bdc4def6bf8452f69506dc59141e4b96
10/21/2015 1:00:00 PM,16.0,,0.09,3.6,,,577,2015-10-21T13:00:00.000000Z,MWC_ETP_MELBOURNE,final_effluent,DATASET_03_MELBOURNE_ETP_OUTLET,observed,SHA256:47948ae79b2e703e4c0d89e3bb62f4d8bdc4def6bf8452f69506dc59141e4b96
10/22/2015 1:00:00 PM,15.0,,0.09,2.6,,,578,2015-10-22T13:00:00.000000Z,MWC_ETP_MELBOURNE,final_effluent,DATASET_03_MELBOURNE_ETP_OUTLET,observed,SHA256:47948ae79b2e703e4c0d89e3bb62f4d8bdc4def6bf8452f69506dc59141e4b96
10/25/2015 1:00:00 PM,17.0,,0.08,1.5,,,579,2015-10-25T13:00:00.000000Z,MWC_ETP_MELBOURNE,final_effluent,DATASET_03_MELBOURNE_ETP_OUTLET,observed,SHA256:47948ae79b2e703e4c0d89e3bb62f4d8bdc4def6bf8452f69506dc59141e4b96
10/26/2015 1:00:00 PM,20.0,,0.08,1.3,,,580,2015-10-26T13:00:00.000000Z,MWC_ETP_MELBOURNE,final_effluent,DATASET_03_MELBOURNE_ETP_OUTLET,observed,SHA256:47948ae79b2e703e4c0d89e3bb62f4d8bdc4def6bf8452f69506dc59141e4b96
10/26/2015 8:00:00 PM,,2.0,0.1,1.6,15.0,13.0,581,2015-10-26T20:00:00.000000Z,MWC_ETP_MELBOURNE,final_effluent,DATASET_03_MELBOURNE_ETP_OUTLET,observed,SHA256:47948ae79b2e703e4c0d89e3bb62f4d8bdc4def6bf8452f69506dc59141e4b96
10/27/2015 1:00:00 PM,22.0,,0.08,2.3,,,582,2015-10-27T13:00:00.000000Z,MWC_ETP_MELBOURNE,final_effluent,DATASET_03_MELBOURNE_ETP_OUTLET,observed,SHA256:47948ae79b2e703e4c0d89e3bb62f4d8bdc4def6bf8452f69506dc59141e4b96
10/28/2015 1:00:00 PM,20.0,,0.1,2.6,,,583,2015-10-28T13:00:00.000000Z,MWC_ETP_MELBOURNE,final_effluent,DATASET_03_MELBOURNE_ETP_OUTLET,observed,SHA256:47948ae79b2e703e4c0d89e3bb62f4d8bdc4def6bf8452f69506dc59141e4b96
10/29/2015 1:00:00 PM,21.0,,0.1,1.6,,,584,2015-10-29T13:00:00.000000Z,MWC_ETP_MELBOURNE,final_effluent,DATASET_03_MELBOURNE_ETP_OUTLET,observed,SHA256:47948ae79b2e703e4c0d89e3bb62f4d8bdc4def6bf8452f69506dc59141e4b96
11/1/2015 1:00:00 PM,10.0,,0.08,1.7,,,585,2015-11-01T13:00:00.000000Z,MWC_ETP_MELBOURNE,final_effluent,DATASET_03_MELBOURNE_ETP_OUTLET,observed,SHA256:47948ae79b2e703e4c0d89e3bb62f4d8bdc4def6bf8452f69506dc59141e4b96
11/3/2015 1:00:00 PM,10.0,,0.08,1.9,,,586,2015-11-03T13:00:00.000000Z,MWC_ETP_MELBOURNE,final_effluent,DATASET_03_MELBOURNE_ETP_OUTLET,observed,SHA256:47948ae79b2e703e4c0d89e3bb62f4d8bdc4def6bf8452f69506dc59141e4b96
11/3/2015 8:00:00 PM,,3.0,0.1,,,,587,2015-11-03T20:00:00.000000Z,MWC_ETP_MELBOURNE,final_effluent,DATASET_03_MELBOURNE_ETP_OUTLET,observed,SHA256:47948ae79b2e703e4c0d89e3bb62f4d8bdc4def6bf8452f69506dc59141e4b96
11/4/2015 1:00:00 PM,20.0,,0.09,3.6,,,588,2015-11-04T13:00:00.000000Z,MWC_ETP_MELBOURNE,final_effluent,DATASET_03_MELBOURNE_ETP_OUTLET,observed,SHA256:47948ae79b2e703e4c0d89e3bb62f4d8bdc4def6bf8452f69506dc59141e4b96
11/5/2015 1:00:00 PM,15.0,,0.07,3.2,,,589,2015-11-05T13:00:00.000000Z,MWC_ETP_MELBOURNE,final_effluent,DATASET_03_MELBOURNE_ETP_OUTLET,observed,SHA256:47948ae79b2e703e4c0d89e3bb62f4d8bdc4def6bf8452f69506dc59141e4b96
11/8/2015 1:00:00 PM,16.0,,0.07,2.7,,,590,2015-11-08T13:00:00.000000Z,MWC_ETP_MELBOURNE,final_effluent,DATASET_03_MELBOURNE_ETP_OUTLET,observed,SHA256:47948ae79b2e703e4c0d89e3bb62f4d8bdc4def6bf8452f69506dc59141e4b96
11/9/2015 1:00:00 PM,10.0,,0.07,2.1,,,591,2015-11-09T13:00:00.000000Z,MWC_ETP_MELBOURNE,final_effluent,DATASET_03_MELBOURNE_ETP_OUTLET,observed,SHA256:47948ae79b2e703e4c0d89e3bb62f4d8bdc4def6bf8452f69506dc59141e4b96
11/10/2015 1:00:00 PM,20.0,,0.07,3.0,,,592,2015-11-10T13:00:00.000000Z,MWC_ETP_MELBOURNE,final_effluent,DATASET_03_MELBOURNE_ETP_OUTLET,observed,SHA256:47948ae79b2e703e4c0d89e3bb62f4d8bdc4def6bf8452f69506dc59141e4b96
11/11/2015 1:00:00 PM,17.0,,0.11,2.4,,,593,2015-11-11T13:00:00.000000Z,MWC_ETP_MELBOURNE,final_effluent,DATASET_03_MELBOURNE_ETP_OUTLET,observed,SHA256:47948ae79b2e703e4c0d89e3bb62f4d8bdc4def6bf8452f69506dc59141e4b96
11/11/2015 8:00:00 PM,,2.0,0.2,1.7,14.0,12.0,594,2015-11-11T20:00:00.000000Z,MWC_ETP_MELBOURNE,final_effluent,DATASET_03_MELBOURNE_ETP_OUTLET,observed,SHA256:47948ae79b2e703e4c0d89e3bb62f4d8bdc4def6bf8452f69506dc59141e4b96
11/12/2015 1:00:00 PM,22.0,,0.11,2.4,,,595,2015-11-12T13:00:00.000000Z,MWC_ETP_MELBOURNE,final_effluent,DATASET_03_MELBOURNE_ETP_OUTLET,observed,SHA256:47948ae79b2e703e4c0d89e3bb62f4d8bdc4def6bf8452f69506dc59141e4b96
11/15/2015 1:00:00 PM,15.0,,0.08,1.6,,,596,2015-11-15T13:00:00.000000Z,MWC_ETP_MELBOURNE,final_effluent,DATASET_03_MELBOURNE_ETP_OUTLET,observed,SHA256:47948ae79b2e703e4c0d89e3bb62f4d8bdc4def6bf8452f69506dc59141e4b96
11/16/2015 1:00:00 PM,10.0,,0.08,2.2,,,597,2015-11-16T13:00:00.000000Z,MWC_ETP_MELBOURNE,final_effluent,DATASET_03_MELBOURNE_ETP_OUTLET,observed,SHA256:47948ae79b2e703e4c0d89e3bb62f4d8bdc4def6bf8452f69506dc59141e4b96
11/17/2015 1:00:00 PM,10.0,,0.09,1.5,,,598,2015-11-17T13:00:00.000000Z,MWC_ETP_MELBOURNE,final_effluent,DATASET_03_MELBOURNE_ETP_OUTLET,observed,SHA256:47948ae79b2e703e4c0d89e3bb62f4d8bdc4def6bf8452f69506dc59141e4b96
11/18/2015 1:00:00 PM,15.0,,0.1,2.4,,,599,2015-11-18T13:00:00.000000Z,MWC_ETP_MELBOURNE,final_effluent,DATASET_03_MELBOURNE_ETP_OUTLET,observed,SHA256:47948ae79b2e703e4c0d89e3bb62f4d8bdc4def6bf8452f69506dc59141e4b96
11/19/2015 1:00:00 PM,16.0,,0.07,0.8,,,600,2015-11-19T13:00:00.000000Z,MWC_ETP_MELBOURNE,final_effluent,DATASET_03_MELBOURNE_ETP_OUTLET,observed,SHA256:47948ae79b2e703e4c0d89e3bb62f4d8bdc4def6bf8452f69506dc59141e4b96
11/19/2015 8:00:00 PM,,3.0,0.1,,,,601,2015-11-19T20:00:00.000000Z,MWC_ETP_MELBOURNE,final_effluent,DATASET_03_MELBOURNE_ETP_OUTLET,observed,SHA256:47948ae79b2e703e4c0d89e3bb62f4d8bdc4def6bf8452f69506dc59141e4b96
11/22/2015 1:00:00 PM,26.0,,0.1,2.0,,,602,2015-11-22T13:00:00.000000Z,MWC_ETP_MELBOURNE,final_effluent,DATASET_03_MELBOURNE_ETP_OUTLET,observed,SHA256:47948ae79b2e703e4c0d89e3bb62f4d8bdc4def6bf8452f69506dc59141e4b96
7/29/2015 2:00:00 PM,15.0,,0.07,4.0,,,603,2015-07-29T14:00:00.000000Z,MWC_ETP_MELBOURNE,final_effluent,DATASET_03_MELBOURNE_ETP_OUTLET,observed,SHA256:47948ae79b2e703e4c0d89e3bb62f4d8bdc4def6bf8452f69506dc59141e4b96
7/30/2015 2:00:00 PM,19.0,,0.07,2.0,,,604,2015-07-30T14:00:00.000000Z,MWC_ETP_MELBOURNE,final_effluent,DATASET_03_MELBOURNE_ETP_OUTLET,observed,SHA256:47948ae79b2e703e4c0d89e3bb62f4d8bdc4def6bf8452f69506dc59141e4b96
8/2/2015 2:00:00 PM,17.0,,0.06,1.4,,,605,2015-08-02T14:00:00.000000Z,MWC_ETP_MELBOURNE,final_effluent,DATASET_03_MELBOURNE_ETP_OUTLET,observed,SHA256:47948ae79b2e703e4c0d89e3bb62f4d8bdc4def6bf8452f69506dc59141e4b96
8/3/2015 2:00:00 PM,15.0,,0.06,1.7,,,606,2015-08-03T14:00:00.000000Z,MWC_ETP_MELBOURNE,final_effluent,DATASET_03_MELBOURNE_ETP_OUTLET,observed,SHA256:47948ae79b2e703e4c0d89e3bb62f4d8bdc4def6bf8452f69506dc59141e4b96
8/3/2015 9:00:00 PM,,2.0,0.1,1.2,18.0,17.0,607,2015-08-03T21:00:00.000000Z,MWC_ETP_MELBOURNE,final_effluent,DATASET_03_MELBOURNE_ETP_OUTLET,observed,SHA256:47948ae79b2e703e4c0d89e3bb62f4d8bdc4def6bf8452f69506dc59141e4b96
8/4/2015 2:00:00 PM,10.0,,0.07,3.0,,,608,2015-08-04T14:00:00.000000Z,MWC_ETP_MELBOURNE,final_effluent,DATASET_03_MELBOURNE_ETP_OUTLET,observed,SHA256:47948ae79b2e703e4c0d89e3bb62f4d8bdc4def6bf8452f69506dc59141e4b96
8/5/2015 2:00:00 PM,20.0,,0.09,2.1,,,609,2015-08-05T14:00:00.000000Z,MWC_ETP_MELBOURNE,final_effluent,DATASET_03_MELBOURNE_ETP_OUTLET,observed,SHA256:47948ae79b2e703e4c0d89e3bb62f4d8bdc4def6bf8452f69506dc59141e4b96
8/6/2015 2:00:00 PM,19.0,,0.07,2.0,,,610,2015-08-06T14:00:00.000000Z,MWC_ETP_MELBOURNE,final_effluent,DATASET_03_MELBOURNE_ETP_OUTLET,observed,SHA256:47948ae79b2e703e4c0d89e3bb62f4d8bdc4def6bf8452f69506dc59141e4b96
8/9/2015 2:00:00 PM,13.0,,0.06,3.0,,,611,2015-08-09T14:00:00.000000Z,MWC_ETP_MELBOURNE,final_effluent,DATASET_03_MELBOURNE_ETP_OUTLET,observed,SHA256:47948ae79b2e703e4c0d89e3bb62f4d8bdc4def6bf8452f69506dc59141e4b96
8/10/2015 2:00:00 PM,25.0,,0.11,4.0,,,612,2015-08-10T14:00:00.000000Z,MWC_ETP_MELBOURNE,final_effluent,DATASET_03_MELBOURNE_ETP_OUTLET,observed,SHA256:47948ae79b2e703e4c0d89e3bb62f4d8bdc4def6bf8452f69506dc59141e4b96
8/11/2015 2:00:00 PM,17.0,,0.09,2.0,,,613,2015-08-11T14:00:00.000000Z,MWC_ETP_MELBOURNE,final_effluent,DATASET_03_MELBOURNE_ETP_OUTLET,observed,SHA256:47948ae79b2e703e4c0d89e3bb62f4d8bdc4def6bf8452f69506dc59141e4b96
8/11/2015 9:00:00 PM,,2.0,0.1,,,,614,2015-08-11T21:00:00.000000Z,MWC_ETP_MELBOURNE,final_effluent,DATASET_03_MELBOURNE_ETP_OUTLET,observed,SHA256:47948ae79b2e703e4c0d89e3bb62f4d8bdc4def6bf8452f69506dc59141e4b96
8/12/2015 2:00:00 PM,22.0,,0.08,2.5,,,615,2015-08-12T14:00:00.000000Z,MWC_ETP_MELBOURNE,final_effluent,DATASET_03_MELBOURNE_ETP_OUTLET,observed,SHA256:47948ae79b2e703e4c0d89e3bb62f4d8bdc4def6bf8452f69506dc59141e4b96
8/13/2015 2:00:00 PM,26.0,,0.09,2.0,,,616,2015-08-13T14:00:00.000000Z,MWC_ETP_MELBOURNE,final_effluent,DATASET_03_MELBOURNE_ETP_OUTLET,observed,SHA256:47948ae79b2e703e4c0d89e3bb62f4d8bdc4def6bf8452f69506dc59141e4b96
8/16/2015 2:00:00 PM,21.0,,0.1,2.7,,,617,2015-08-16T14:00:00.000000Z,MWC_ETP_MELBOURNE,final_effluent,DATASET_03_MELBOURNE_ETP_OUTLET,observed,SHA256:47948ae79b2e703e4c0d89e3bb62f4d8bdc4def6bf8452f69506dc59141e4b96
8/17/2015 2:00:00 PM,20.0,,0.07,2.1,,,618,2015-08-17T14:00:00.000000Z,MWC_ETP_MELBOURNE,final_effluent,DATASET_03_MELBOURNE_ETP_OUTLET,observed,SHA256:47948ae79b2e703e4c0d89e3bb62f4d8bdc4def6bf8452f69506dc59141e4b96
8/18/2015 2:00:00 PM,16.0,,0.1,1.9,,,619,2015-08-18T14:00:00.000000Z,MWC_ETP_MELBOURNE,final_effluent,DATASET_03_MELBOURNE_ETP_OUTLET,observed,SHA256:47948ae79b2e703e4c0d89e3bb62f4d8bdc4def6bf8452f69506dc59141e4b96
8/19/2015 2:00:00 PM,15.0,,0.11,2.9,,,620,2015-08-19T14:00:00.000000Z,MWC_ETP_MELBOURNE,final_effluent,DATASET_03_MELBOURNE_ETP_OUTLET,observed,SHA256:47948ae79b2e703e4c0d89e3bb62f4d8bdc4def6bf8452f69506dc59141e4b96
8/19/2015 9:00:00 PM,,3.0,0.2,1.5,13.0,12.0,621,2015-08-19T21:00:00.000000Z,MWC_ETP_MELBOURNE,final_effluent,DATASET_03_MELBOURNE_ETP_OUTLET,observed,SHA256:47948ae79b2e703e4c0d89e3bb62f4d8bdc4def6bf8452f69506dc59141e4b96
8/20/2015 2:00:00 PM,23.0,,0.16,2.6,,,622,2015-08-20T14:00:00.000000Z,MWC_ETP_MELBOURNE,final_effluent,DATASET_03_MELBOURNE_ETP_OUTLET,observed,SHA256:47948ae79b2e703e4c0d89e3bb62f4d8bdc4def6bf8452f69506dc59141e4b96
8/23/2015 2:00:00 PM,15.0,,0.16,2.7,,,623,2015-08-23T14:00:00.000000Z,MWC_ETP_MELBOURNE,final_effluent,DATASET_03_MELBOURNE_ETP_OUTLET,observed,SHA256:47948ae79b2e703e4c0d89e3bb62f4d8bdc4def6bf8452f69506dc59141e4b96
8/24/2015 2:00:00 PM,20.0,,0.05,2.3,,,624,2015-08-24T14:00:00.000000Z,MWC_ETP_MELBOURNE,final_effluent,DATASET_03_MELBOURNE_ETP_OUTLET,observed,SHA256:47948ae79b2e703e4c0d89e3bb62f4d8bdc4def6bf8452f69506dc59141e4b96
8/25/2015 2:00:00 PM,18.0,,0.05,1.7,,,625,2015-08-25T14:00:00.000000Z,MWC_ETP_MELBOURNE,final_effluent,DATASET_03_MELBOURNE_ETP_OUTLET,observed,SHA256:47948ae79b2e703e4c0d89e3bb62f4d8bdc4def6bf8452f69506dc59141e4b96
8/26/2015 2:00:00 PM,17.0,,0.05,1.0,,,626,2015-08-26T14:00:00.000000Z,MWC_ETP_MELBOURNE,final_effluent,DATASET_03_MELBOURNE_ETP_OUTLET,observed,SHA256:47948ae79b2e703e4c0d89e3bb62f4d8bdc4def6bf8452f69506dc59141e4b96
8/27/2015 2:00:00 PM,14.0,,0.08,1.5,,,627,2015-08-27T14:00:00.000000Z,MWC_ETP_MELBOURNE,final_effluent,DATASET_03_MELBOURNE_ETP_OUTLET,observed,SHA256:47948ae79b2e703e4c0d89e3bb62f4d8bdc4def6bf8452f69506dc59141e4b96
8/27/2015 9:00:00 PM,,3.0,0.1,,,,628,2015-08-27T21:00:00.000000Z,MWC_ETP_MELBOURNE,final_effluent,DATASET_03_MELBOURNE_ETP_OUTLET,observed,SHA256:47948ae79b2e703e4c0d89e3bb62f4d8bdc4def6bf8452f69506dc59141e4b96
8/30/2015 2:00:00 PM,17.0,,0.08,3.0,,,629,2015-08-30T14:00:00.000000Z,MWC_ETP_MELBOURNE,final_effluent,DATASET_03_MELBOURNE_ETP_OUTLET,observed,SHA256:47948ae79b2e703e4c0d89e3bb62f4d8bdc4def6bf8452f69506dc59141e4b96
8/31/2015 2:00:00 PM,19.0,,0.09,2.6,,,630,2015-08-31T14:00:00.000000Z,MWC_ETP_MELBOURNE,final_effluent,DATASET_03_MELBOURNE_ETP_OUTLET,observed,SHA256:47948ae79b2e703e4c0d89e3bb62f4d8bdc4def6bf8452f69506dc59141e4b96
9/1/2015 2:00:00 PM,17.0,,0.1,2.3,,,631,2015-09-01T14:00:00.000000Z,MWC_ETP_MELBOURNE,final_effluent,DATASET_03_MELBOURNE_ETP_OUTLET,observed,SHA256:47948ae79b2e703e4c0d89e3bb62f4d8bdc4def6bf8452f69506dc59141e4b96
9/2/2015 2:00:00 PM,20.0,,0.08,2.8,,,632,2015-09-02T14:00:00.000000Z,MWC_ETP_MELBOURNE,final_effluent,DATASET_03_MELBOURNE_ETP_OUTLET,observed,SHA256:47948ae79b2e703e4c0d89e3bb62f4d8bdc4def6bf8452f69506dc59141e4b96
9/2/2015 9:00:00 PM,,2.0,0.1,1.7,13.0,12.0,633,2015-09-02T21:00:00.000000Z,MWC_ETP_MELBOURNE,final_effluent,DATASET_03_MELBOURNE_ETP_OUTLET,observed,SHA256:47948ae79b2e703e4c0d89e3bb62f4d8bdc4def6bf8452f69506dc59141e4b96
9/3/2015 2:00:00 PM,20.0,,0.07,2.3,,,634,2015-09-03T14:00:00.000000Z,MWC_ETP_MELBOURNE,final_effluent,DATASET_03_MELBOURNE_ETP_OUTLET,observed,SHA256:47948ae79b2e703e4c0d89e3bb62f4d8bdc4def6bf8452f69506dc59141e4b96
9/6/2015 2:00:00 PM,16.0,,0.07,1.9,,,635,2015-09-06T14:00:00.000000Z,MWC_ETP_MELBOURNE,final_effluent,DATASET_03_MELBOURNE_ETP_OUTLET,observed,SHA256:47948ae79b2e703e4c0d89e3bb62f4d8bdc4def6bf8452f69506dc59141e4b96
9/7/2015 2:00:00 PM,15.0,,0.1,1.0,,,636,2015-09-07T14:00:00.000000Z,MWC_ETP_MELBOURNE,final_effluent,DATASET_03_MELBOURNE_ETP_OUTLET,observed,SHA256:47948ae79b2e703e4c0d89e3bb62f4d8bdc4def6bf8452f69506dc59141e4b96
9/8/2015 2:00:00 PM,16.0,,0.07,2.3,,,637,2015-09-08T14:00:00.000000Z,MWC_ETP_MELBOURNE,final_effluent,DATASET_03_MELBOURNE_ETP_OUTLET,observed,SHA256:47948ae79b2e703e4c0d89e3bb62f4d8bdc4def6bf8452f69506dc59141e4b96
9/8/2015 9:00:00 PM,,2.0,0.1,,,,638,2015-09-08T21:00:00.000000Z,MWC_ETP_MELBOURNE,final_effluent,DATASET_03_MELBOURNE_ETP_OUTLET,observed,SHA256:47948ae79b2e703e4c0d89e3bb62f4d8bdc4def6bf8452f69506dc59141e4b96
9/9/2015 2:00:00 PM,20.0,,0.07,2.2,,,639,2015-09-09T14:00:00.000000Z,MWC_ETP_MELBOURNE,final_effluent,DATASET_03_MELBOURNE_ETP_OUTLET,observed,SHA256:47948ae79b2e703e4c0d89e3bb62f4d8bdc4def6bf8452f69506dc59141e4b96
9/10/2015 2:00:00 PM,20.0,,0.08,1.6,,,640,2015-09-10T14:00:00.000000Z,MWC_ETP_MELBOURNE,final_effluent,DATASET_03_MELBOURNE_ETP_OUTLET,observed,SHA256:47948ae79b2e703e4c0d89e3bb62f4d8bdc4def6bf8452f69506dc59141e4b96
9/13/2015 2:00:00 PM,18.0,,0.06,1.6,,,641,2015-09-13T14:00:00.000000Z,MWC_ETP_MELBOURNE,final_effluent,DATASET_03_MELBOURNE_ETP_OUTLET,observed,SHA256:47948ae79b2e703e4c0d89e3bb62f4d8bdc4def6bf8452f69506dc59141e4b96
9/14/2015 2:00:00 PM,12.0,,0.04,1.6,,,642,2015-09-14T14:00:00.000000Z,MWC_ETP_MELBOURNE,final_effluent,DATASET_03_MELBOURNE_ETP_OUTLET,observed,SHA256:47948ae79b2e703e4c0d89e3bb62f4d8bdc4def6bf8452f69506dc59141e4b96
9/14/2015 9:00:00 PM,,2.0,0.1,1.3,16.0,15.0,643,2015-09-14T21:00:00.000000Z,MWC_ETP_MELBOURNE,final_effluent,DATASET_03_MELBOURNE_ETP_OUTLET,observed,SHA256:47948ae79b2e703e4c0d89e3bb62f4d8bdc4def6bf8452f69506dc59141e4b96
9/15/2015 2:00:00 PM,14.0,,0.06,1.5,,,644,2015-09-15T14:00:00.000000Z,MWC_ETP_MELBOURNE,final_effluent,DATASET_03_MELBOURNE_ETP_OUTLET,observed,SHA256:47948ae79b2e703e4c0d89e3bb62f4d8bdc4def6bf8452f69506dc59141e4b96
9/16/2015 2:00:00 PM,16.0,,0.07,1.6,,,645,2015-09-16T14:00:00.000000Z,MWC_ETP_MELBOURNE,final_effluent,DATASET_03_MELBOURNE_ETP_OUTLET,observed,SHA256:47948ae79b2e703e4c0d89e3bb62f4d8bdc4def6bf8452f69506dc59141e4b96
9/17/2015 2:00:00 PM,16.0,,0.05,1.6,,,646,2015-09-17T14:00:00.000000Z,MWC_ETP_MELBOURNE,final_effluent,DATASET_03_MELBOURNE_ETP_OUTLET,observed,SHA256:47948ae79b2e703e4c0d89e3bb62f4d8bdc4def6bf8452f69506dc59141e4b96
9/20/2015 2:00:00 PM,16.0,,0.05,2.1,,,647,2015-09-20T14:00:00.000000Z,MWC_ETP_MELBOURNE,final_effluent,DATASET_03_MELBOURNE_ETP_OUTLET,observed,SHA256:47948ae79b2e703e4c0d89e3bb62f4d8bdc4def6bf8452f69506dc59141e4b96
9/20/2015 9:00:00 PM,,3.0,0.1,,,,648,2015-09-20T21:00:00.000000Z,MWC_ETP_MELBOURNE,final_effluent,DATASET_03_MELBOURNE_ETP_OUTLET,observed,SHA256:47948ae79b2e703e4c0d89e3bb62f4d8bdc4def6bf8452f69506dc59141e4b96
9/21/2015 2:00:00 PM,12.0,,0.06,1.8,,,649,2015-09-21T14:00:00.000000Z,MWC_ETP_MELBOURNE,final_effluent,DATASET_03_MELBOURNE_ETP_OUTLET,observed,SHA256:47948ae79b2e703e4c0d89e3bb62f4d8bdc4def6bf8452f69506dc59141e4b96
9/22/2015 2:00:00 PM,12.0,,0.06,2.1,,,650,2015-09-22T14:00:00.000000Z,MWC_ETP_MELBOURNE,final_effluent,DATASET_03_MELBOURNE_ETP_OUTLET,observed,SHA256:47948ae79b2e703e4c0d89e3bb62f4d8bdc4def6bf8452f69506dc59141e4b96
11/23/2015 1:00:00 PM,25.0,,0.07,1.2,,,651,2015-11-23T13:00:00.000000Z,MWC_ETP_MELBOURNE,final_effluent,DATASET_03_MELBOURNE_ETP_OUTLET,observed,SHA256:47948ae79b2e703e4c0d89e3bb62f4d8bdc4def6bf8452f69506dc59141e4b96
11/24/2015 1:00:00 PM,26.0,,0.06,3.0,,,652,2015-11-24T13:00:00.000000Z,MWC_ETP_MELBOURNE,final_effluent,DATASET_03_MELBOURNE_ETP_OUTLET,observed,SHA256:47948ae79b2e703e4c0d89e3bb62f4d8bdc4def6bf8452f69506dc59141e4b96
11/25/2015 1:00:00 PM,27.0,,0.07,2.0,,,653,2015-11-25T13:00:00.000000Z,MWC_ETP_MELBOURNE,final_effluent,DATASET_03_MELBOURNE_ETP_OUTLET,observed,SHA256:47948ae79b2e703e4c0d89e3bb62f4d8bdc4def6bf8452f69506dc59141e4b96
11/25/2015 8:00:00 PM,,3.0,0.1,1.6,13.0,11.0,654,2015-11-25T20:00:00.000000Z,MWC_ETP_MELBOURNE,final_effluent,DATASET_03_MELBOURNE_ETP_OUTLET,observed,SHA256:47948ae79b2e703e4c0d89e3bb62f4d8bdc4def6bf8452f69506dc59141e4b96
11/26/2015 1:00:00 PM,29.0,,0.08,1.6,,,655,2015-11-26T13:00:00.000000Z,MWC_ETP_MELBOURNE,final_effluent,DATASET_03_MELBOURNE_ETP_OUTLET,observed,SHA256:47948ae79b2e703e4c0d89e3bb62f4d8bdc4def6bf8452f69506dc59141e4b96
11/29/2015 1:00:00 PM,22.0,,0.07,2.0,,,656,2015-11-29T13:00:00.000000Z,MWC_ETP_MELBOURNE,final_effluent,DATASET_03_MELBOURNE_ETP_OUTLET,observed,SHA256:47948ae79b2e703e4c0d89e3bb62f4d8bdc4def6bf8452f69506dc59141e4b96
11/30/2015 1:00:00 PM,21.0,,0.07,2.4,,,657,2015-11-30T13:00:00.000000Z,MWC_ETP_MELBOURNE,final_effluent,DATASET_03_MELBOURNE_ETP_OUTLET,observed,SHA256:47948ae79b2e703e4c0d89e3bb62f4d8bdc4def6bf8452f69506dc59141e4b96
12/1/2015 1:00:00 PM,25.0,,0.09,2.0,,,658,2015-12-01T13:00:00.000000Z,MWC_ETP_MELBOURNE,final_effluent,DATASET_03_MELBOURNE_ETP_OUTLET,observed,SHA256:47948ae79b2e703e4c0d89e3bb62f4d8bdc4def6bf8452f69506dc59141e4b96
12/1/2015 8:00:00 PM,,2.0,0.1,,,,659,2015-12-01T20:00:00.000000Z,MWC_ETP_MELBOURNE,final_effluent,DATASET_03_MELBOURNE_ETP_OUTLET,observed,SHA256:47948ae79b2e703e4c0d89e3bb62f4d8bdc4def6bf8452f69506dc59141e4b96
12/2/2015 1:00:00 PM,24.0,,0.1,4.0,,,660,2015-12-02T13:00:00.000000Z,MWC_ETP_MELBOURNE,final_effluent,DATASET_03_MELBOURNE_ETP_OUTLET,observed,SHA256:47948ae79b2e703e4c0d89e3bb62f4d8bdc4def6bf8452f69506dc59141e4b96
12/3/2015 1:00:00 PM,24.0,,0.09,2.8,,,661,2015-12-03T13:00:00.000000Z,MWC_ETP_MELBOURNE,final_effluent,DATASET_03_MELBOURNE_ETP_OUTLET,observed,SHA256:47948ae79b2e703e4c0d89e3bb62f4d8bdc4def6bf8452f69506dc59141e4b96
12/6/2015 1:00:00 PM,20.0,,0.09,1.6,,,662,2015-12-06T13:00:00.000000Z,MWC_ETP_MELBOURNE,final_effluent,DATASET_03_MELBOURNE_ETP_OUTLET,observed,SHA256:47948ae79b2e703e4c0d89e3bb62f4d8bdc4def6bf8452f69506dc59141e4b96
12/7/2015 1:00:00 PM,20.0,,0.1,1.4,,,663,2015-12-07T13:00:00.000000Z,MWC_ETP_MELBOURNE,final_effluent,DATASET_03_MELBOURNE_ETP_OUTLET,observed,SHA256:47948ae79b2e703e4c0d89e3bb62f4d8bdc4def6bf8452f69506dc59141e4b96
12/7/2015 8:00:00 PM,,2.0,0.1,2.3,21.0,18.0,664,2015-12-07T20:00:00.000000Z,MWC_ETP_MELBOURNE,final_effluent,DATASET_03_MELBOURNE_ETP_OUTLET,observed,SHA256:47948ae79b2e703e4c0d89e3bb62f4d8bdc4def6bf8452f69506dc59141e4b96
12/8/2015 1:00:00 PM,25.0,,0.09,1.4,,,665,2015-12-08T13:00:00.000000Z,MWC_ETP_MELBOURNE,final_effluent,DATASET_03_MELBOURNE_ETP_OUTLET,observed,SHA256:47948ae79b2e703e4c0d89e3bb62f4d8bdc4def6bf8452f69506dc59141e4b96
12/9/2015 1:00:00 PM,20.0,,0.06,1.7,,,666,2015-12-09T13:00:00.000000Z,MWC_ETP_MELBOURNE,final_effluent,DATASET_03_MELBOURNE_ETP_OUTLET,observed,SHA256:47948ae79b2e703e4c0d89e3bb62f4d8bdc4def6bf8452f69506dc59141e4b96
12/10/2015 1:00:00 PM,27.0,,0.09,2.1,,,667,2015-12-10T13:00:00.000000Z,MWC_ETP_MELBOURNE,final_effluent,DATASET_03_MELBOURNE_ETP_OUTLET,observed,SHA256:47948ae79b2e703e4c0d89e3bb62f4d8bdc4def6bf8452f69506dc59141e4b96
12/13/2015 1:00:00 PM,16.0,,0.05,1.6,,,668,2015-12-13T13:00:00.000000Z,MWC_ETP_MELBOURNE,final_effluent,DATASET_03_MELBOURNE_ETP_OUTLET,observed,SHA256:47948ae79b2e703e4c0d89e3bb62f4d8bdc4def6bf8452f69506dc59141e4b96
12/13/2015 8:00:00 PM,,4.0,0.1,,,,669,2015-12-13T20:00:00.000000Z,MWC_ETP_MELBOURNE,final_effluent,DATASET_03_MELBOURNE_ETP_OUTLET,observed,SHA256:47948ae79b2e703e4c0d89e3bb62f4d8bdc4def6bf8452f69506dc59141e4b96
12/15/2015 1:00:00 PM,25.0,,0.07,1.7,,,670,2015-12-15T13:00:00.000000Z,MWC_ETP_MELBOURNE,final_effluent,DATASET_03_MELBOURNE_ETP_OUTLET,observed,SHA256:47948ae79b2e703e4c0d89e3bb62f4d8bdc4def6bf8452f69506dc59141e4b96
12/16/2015 1:00:00 PM,25.0,,0.07,3.2,,,671,2015-12-16T13:00:00.000000Z,MWC_ETP_MELBOURNE,final_effluent,DATASET_03_MELBOURNE_ETP_OUTLET,observed,SHA256:47948ae79b2e703e4c0d89e3bb62f4d8bdc4def6bf8452f69506dc59141e4b96
12/17/2015 1:00:00 PM,22.0,,0.08,2.7,,,672,2015-12-17T13:00:00.000000Z,MWC_ETP_MELBOURNE,final_effluent,DATASET_03_MELBOURNE_ETP_OUTLET,observed,SHA256:47948ae79b2e703e4c0d89e3bb62f4d8bdc4def6bf8452f69506dc59141e4b96
12/20/2015 1:00:00 PM,22.0,,0.1,1.8,,,673,2015-12-20T13:00:00.000000Z,MWC_ETP_MELBOURNE,final_effluent,DATASET_03_MELBOURNE_ETP_OUTLET,observed,SHA256:47948ae79b2e703e4c0d89e3bb62f4d8bdc4def6bf8452f69506dc59141e4b96
12/21/2015 1:00:00 PM,21.0,,0.09,1.4,,,674,2015-12-21T13:00:00.000000Z,MWC_ETP_MELBOURNE,final_effluent,DATASET_03_MELBOURNE_ETP_OUTLET,observed,SHA256:47948ae79b2e703e4c0d89e3bb62f4d8bdc4def6bf8452f69506dc59141e4b96
12/21/2015 8:00:00 PM,,3.0,0.1,1.1,19.0,18.0,675,2015-12-21T20:00:00.000000Z,MWC_ETP_MELBOURNE,final_effluent,DATASET_03_MELBOURNE_ETP_OUTLET,observed,SHA256:47948ae79b2e703e4c0d89e3bb62f4d8bdc4def6bf8452f69506dc59141e4b96
12/22/2015 1:00:00 PM,27.0,,0.09,1.9,,,676,2015-12-22T13:00:00.000000Z,MWC_ETP_MELBOURNE,final_effluent,DATASET_03_MELBOURNE_ETP_OUTLET,observed,SHA256:47948ae79b2e703e4c0d89e3bb62f4d8bdc4def6bf8452f69506dc59141e4b96
12/23/2015 1:00:00 PM,30.0,,0.06,1.6,,,677,2015-12-23T13:00:00.000000Z,MWC_ETP_MELBOURNE,final_effluent,DATASET_03_MELBOURNE_ETP_OUTLET,observed,SHA256:47948ae79b2e703e4c0d89e3bb62f4d8bdc4def6bf8452f69506dc59141e4b96
12/25/2015 1:00:00 PM,30.0,,0.06,2.4,,,678,2015-12-25T13:00:00.000000Z,MWC_ETP_MELBOURNE,final_effluent,DATASET_03_MELBOURNE_ETP_OUTLET,observed,SHA256:47948ae79b2e703e4c0d89e3bb62f4d8bdc4def6bf8452f69506dc59141e4b96
12/28/2015 1:00:00 PM,16.0,,0.06,2.0,,,679,2015-12-28T13:00:00.000000Z,MWC_ETP_MELBOURNE,final_effluent,DATASET_03_MELBOURNE_ETP_OUTLET,observed,SHA256:47948ae79b2e703e4c0d89e3bb62f4d8bdc4def6bf8452f69506dc59141e4b96
12/28/2015 8:00:00 PM,,2.0,0.1,,,,680,2015-12-28T20:00:00.000000Z,MWC_ETP_MELBOURNE,final_effluent,DATASET_03_MELBOURNE_ETP_OUTLET,observed,SHA256:47948ae79b2e703e4c0d89e3bb62f4d8bdc4def6bf8452f69506dc59141e4b96
12/29/2015 1:00:00 PM,24.0,,0.05,0.8,,,681,2015-12-29T13:00:00.000000Z,MWC_ETP_MELBOURNE,final_effluent,DATASET_03_MELBOURNE_ETP_OUTLET,observed,SHA256:47948ae79b2e703e4c0d89e3bb62f4d8bdc4def6bf8452f69506dc59141e4b96
12/30/2015 1:00:00 PM,23.0,,0.05,2.5,,,682,2015-12-30T13:00:00.000000Z,MWC_ETP_MELBOURNE,final_effluent,DATASET_03_MELBOURNE_ETP_OUTLET,observed,SHA256:47948ae79b2e703e4c0d89e3bb62f4d8bdc4def6bf8452f69506dc59141e4b96
1/1/2016 1:00:00 PM,16.0,,0.04,2.3,,,683,2016-01-01T13:00:00.000000Z,MWC_ETP_MELBOURNE,final_effluent,DATASET_03_MELBOURNE_ETP_OUTLET,observed,SHA256:47948ae79b2e703e4c0d89e3bb62f4d8bdc4def6bf8452f69506dc59141e4b96
1/3/2016 1:00:00 PM,22.0,,0.06,2.0,,,684,2016-01-03T13:00:00.000000Z,MWC_ETP_MELBOURNE,final_effluent,DATASET_03_MELBOURNE_ETP_OUTLET,observed,SHA256:47948ae79b2e703e4c0d89e3bb62f4d8bdc4def6bf8452f69506dc59141e4b96
1/4/2016 1:00:00 PM,25.0,,0.06,2.0,,,685,2016-01-04T13:00:00.000000Z,MWC_ETP_MELBOURNE,final_effluent,DATASET_03_MELBOURNE_ETP_OUTLET,observed,SHA256:47948ae79b2e703e4c0d89e3bb62f4d8bdc4def6bf8452f69506dc59141e4b96
1/5/2016 1:00:00 PM,20.0,,0.07,1.8,,,686,2016-01-05T13:00:00.000000Z,MWC_ETP_MELBOURNE,final_effluent,DATASET_03_MELBOURNE_ETP_OUTLET,observed,SHA256:47948ae79b2e703e4c0d89e3bb62f4d8bdc4def6bf8452f69506dc59141e4b96
1/5/2016 8:00:00 PM,,2.0,0.1,1.1,18.0,17.0,687,2016-01-05T20:00:00.000000Z,MWC_ETP_MELBOURNE,final_effluent,DATASET_03_MELBOURNE_ETP_OUTLET,observed,SHA256:47948ae79b2e703e4c0d89e3bb62f4d8bdc4def6bf8452f69506dc59141e4b96
1/6/2016 1:00:00 PM,26.0,,0.07,3.0,,,688,2016-01-06T13:00:00.000000Z,MWC_ETP_MELBOURNE,final_effluent,DATASET_03_MELBOURNE_ETP_OUTLET,observed,SHA256:47948ae79b2e703e4c0d89e3bb62f4d8bdc4def6bf8452f69506dc59141e4b96
1/7/2016 1:00:00 PM,24.0,,0.06,3.0,,,689,2016-01-07T13:00:00.000000Z,MWC_ETP_MELBOURNE,final_effluent,DATASET_03_MELBOURNE_ETP_OUTLET,observed,SHA256:47948ae79b2e703e4c0d89e3bb62f4d8bdc4def6bf8452f69506dc59141e4b96
1/10/2016 1:00:00 PM,20.0,,0.09,2.1,,,690,2016-01-10T13:00:00.000000Z,MWC_ETP_MELBOURNE,final_effluent,DATASET_03_MELBOURNE_ETP_OUTLET,observed,SHA256:47948ae79b2e703e4c0d89e3bb62f4d8bdc4def6bf8452f69506dc59141e4b96
1/11/2016 1:00:00 PM,20.0,,0.07,1.2,,,691,2016-01-11T13:00:00.000000Z,MWC_ETP_MELBOURNE,final_effluent,DATASET_03_MELBOURNE_ETP_OUTLET,observed,SHA256:47948ae79b2e703e4c0d89e3bb62f4d8bdc4def6bf8452f69506dc59141e4b96
1/12/2016 1:00:00 PM,17.0,,0.07,2.1,,,692,2016-01-12T13:00:00.000000Z,MWC_ETP_MELBOURNE,final_effluent,DATASET_03_MELBOURNE_ETP_OUTLET,observed,SHA256:47948ae79b2e703e4c0d89e3bb62f4d8bdc4def6bf8452f69506dc59141e4b96
1/13/2016 1:00:00 PM,20.0,,0.06,3.0,,,693,2016-01-13T13:00:00.000000Z,MWC_ETP_MELBOURNE,final_effluent,DATASET_03_MELBOURNE_ETP_OUTLET,observed,SHA256:47948ae79b2e703e4c0d89e3bb62f4d8bdc4def6bf8452f69506dc59141e4b96
1/13/2016 8:00:00 PM,,2.0,0.1,,,,694,2016-01-13T20:00:00.000000Z,MWC_ETP_MELBOURNE,final_effluent,DATASET_03_MELBOURNE_ETP_OUTLET,observed,SHA256:47948ae79b2e703e4c0d89e3bb62f4d8bdc4def6bf8452f69506dc59141e4b96
1/14/2016 1:00:00 PM,20.0,,0.06,2.6,,,695,2016-01-14T13:00:00.000000Z,MWC_ETP_MELBOURNE,final_effluent,DATASET_03_MELBOURNE_ETP_OUTLET,observed,SHA256:47948ae79b2e703e4c0d89e3bb62f4d8bdc4def6bf8452f69506dc59141e4b96
1/17/2016 1:00:00 PM,16.0,,0.07,2.5,,,696,2016-01-17T13:00:00.000000Z,MWC_ETP_MELBOURNE,final_effluent,DATASET_03_MELBOURNE_ETP_OUTLET,observed,SHA256:47948ae79b2e703e4c0d89e3bb62f4d8bdc4def6bf8452f69506dc59141e4b96
1/18/2016 1:00:00 PM,13.0,,0.06,3.2,,,697,2016-01-18T13:00:00.000000Z,MWC_ETP_MELBOURNE,final_effluent,DATASET_03_MELBOURNE_ETP_OUTLET,observed,SHA256:47948ae79b2e703e4c0d89e3bb62f4d8bdc4def6bf8452f69506dc59141e4b96
1/19/2016 1:00:00 PM,16.0,,0.09,1.9,,,698,2016-01-19T13:00:00.000000Z,MWC_ETP_MELBOURNE,final_effluent,DATASET_03_MELBOURNE_ETP_OUTLET,observed,SHA256:47948ae79b2e703e4c0d89e3bb62f4d8bdc4def6bf8452f69506dc59141e4b96
1/20/2016 1:00:00 PM,15.0,,0.08,2.4,,,699,2016-01-20T13:00:00.000000Z,MWC_ETP_MELBOURNE,final_effluent,DATASET_03_MELBOURNE_ETP_OUTLET,observed,SHA256:47948ae79b2e703e4c0d89e3bb62f4d8bdc4def6bf8452f69506dc59141e4b96
1/21/2016 1:00:00 PM,18.0,,0.05,2.0,,,700,2016-01-21T13:00:00.000000Z,MWC_ETP_MELBOURNE,final_effluent,DATASET_03_MELBOURNE_ETP_OUTLET,observed,SHA256:47948ae79b2e703e4c0d89e3bb62f4d8bdc4def6bf8452f69506dc59141e4b96
7/18/2016 9:00:00 PM,,2.0,0.1,,,,701,2016-07-18T21:00:00.000000Z,MWC_ETP_MELBOURNE,final_effluent,DATASET_03_MELBOURNE_ETP_OUTLET,observed,SHA256:47948ae79b2e703e4c0d89e3bb62f4d8bdc4def6bf8452f69506dc59141e4b96
7/19/2016 2:00:00 PM,22.0,,0.07,1.7,,,702,2016-07-19T14:00:00.000000Z,MWC_ETP_MELBOURNE,final_effluent,DATASET_03_MELBOURNE_ETP_OUTLET,observed,SHA256:47948ae79b2e703e4c0d89e3bb62f4d8bdc4def6bf8452f69506dc59141e4b96
7/20/2016 2:00:00 PM,28.0,,0.18,1.8,,,703,2016-07-20T14:00:00.000000Z,MWC_ETP_MELBOURNE,final_effluent,DATASET_03_MELBOURNE_ETP_OUTLET,observed,SHA256:47948ae79b2e703e4c0d89e3bb62f4d8bdc4def6bf8452f69506dc59141e4b96
7/21/2016 2:00:00 PM,31.0,,0.09,1.8,,,704,2016-07-21T14:00:00.000000Z,MWC_ETP_MELBOURNE,final_effluent,DATASET_03_MELBOURNE_ETP_OUTLET,observed,SHA256:47948ae79b2e703e4c0d89e3bb62f4d8bdc4def6bf8452f69506dc59141e4b96
7/24/2016 2:00:00 PM,13.0,,0.05,2.3,,,705,2016-07-24T14:00:00.000000Z,MWC_ETP_MELBOURNE,final_effluent,DATASET_03_MELBOURNE_ETP_OUTLET,observed,SHA256:47948ae79b2e703e4c0d89e3bb62f4d8bdc4def6bf8452f69506dc59141e4b96
7/25/2016 2:00:00 PM,18.0,,0.03,1.2,,,706,2016-07-25T14:00:00.000000Z,MWC_ETP_MELBOURNE,final_effluent,DATASET_03_MELBOURNE_ETP_OUTLET,observed,SHA256:47948ae79b2e703e4c0d89e3bb62f4d8bdc4def6bf8452f69506dc59141e4b96
7/26/2016 2:00:00 PM,22.0,,0.04,1.9,,,707,2016-07-26T14:00:00.000000Z,MWC_ETP_MELBOURNE,final_effluent,DATASET_03_MELBOURNE_ETP_OUTLET,observed,SHA256:47948ae79b2e703e4c0d89e3bb62f4d8bdc4def6bf8452f69506dc59141e4b96
7/26/2016 9:00:00 PM,,2.0,0.1,1.6,14.0,13.0,708,2016-07-26T21:00:00.000000Z,MWC_ETP_MELBOURNE,final_effluent,DATASET_03_MELBOURNE_ETP_OUTLET,observed,SHA256:47948ae79b2e703e4c0d89e3bb62f4d8bdc4def6bf8452f69506dc59141e4b96
7/27/2016 2:00:00 PM,24.0,,0.05,1.8,,,709,2016-07-27T14:00:00.000000Z,MWC_ETP_MELBOURNE,final_effluent,DATASET_03_MELBOURNE_ETP_OUTLET,observed,SHA256:47948ae79b2e703e4c0d89e3bb62f4d8bdc4def6bf8452f69506dc59141e4b96
7/28/2016 2:00:00 PM,24.0,,0.04,1.9,,,710,2016-07-28T14:00:00.000000Z,MWC_ETP_MELBOURNE,final_effluent,DATASET_03_MELBOURNE_ETP_OUTLET,observed,SHA256:47948ae79b2e703e4c0d89e3bb62f4d8bdc4def6bf8452f69506dc59141e4b96
7/31/2016 2:00:00 PM,27.0,,0.09,3.2,,,711,2016-07-31T14:00:00.000000Z,MWC_ETP_MELBOURNE,final_effluent,DATASET_03_MELBOURNE_ETP_OUTLET,observed,SHA256:47948ae79b2e703e4c0d89e3bb62f4d8bdc4def6bf8452f69506dc59141e4b96
8/1/2016 2:00:00 PM,10.0,,0.11,2.9,,,712,2016-08-01T14:00:00.000000Z,MWC_ETP_MELBOURNE,final_effluent,DATASET_03_MELBOURNE_ETP_OUTLET,observed,SHA256:47948ae79b2e703e4c0d89e3bb62f4d8bdc4def6bf8452f69506dc59141e4b96
8/2/2016 2:00:00 PM,20.0,,0.1,2.0,,,713,2016-08-02T14:00:00.000000Z,MWC_ETP_MELBOURNE,final_effluent,DATASET_03_MELBOURNE_ETP_OUTLET,observed,SHA256:47948ae79b2e703e4c0d89e3bb62f4d8bdc4def6bf8452f69506dc59141e4b96
8/3/2016 2:00:00 PM,26.0,,0.1,2.2,,,714,2016-08-03T14:00:00.000000Z,MWC_ETP_MELBOURNE,final_effluent,DATASET_03_MELBOURNE_ETP_OUTLET,observed,SHA256:47948ae79b2e703e4c0d89e3bb62f4d8bdc4def6bf8452f69506dc59141e4b96
8/3/2016 9:00:00 PM,,2.0,0.1,,,,715,2016-08-03T21:00:00.000000Z,MWC_ETP_MELBOURNE,final_effluent,DATASET_03_MELBOURNE_ETP_OUTLET,observed,SHA256:47948ae79b2e703e4c0d89e3bb62f4d8bdc4def6bf8452f69506dc59141e4b96
8/4/2016 2:00:00 PM,26.0,,0.1,1.9,,,716,2016-08-04T14:00:00.000000Z,MWC_ETP_MELBOURNE,final_effluent,DATASET_03_MELBOURNE_ETP_OUTLET,observed,SHA256:47948ae79b2e703e4c0d89e3bb62f4d8bdc4def6bf8452f69506dc59141e4b96
8/7/2016 2:00:00 PM,25.0,,0.07,2.2,,,717,2016-08-07T14:00:00.000000Z,MWC_ETP_MELBOURNE,final_effluent,DATASET_03_MELBOURNE_ETP_OUTLET,observed,SHA256:47948ae79b2e703e4c0d89e3bb62f4d8bdc4def6bf8452f69506dc59141e4b96
8/8/2016 2:00:00 PM,25.0,,0.09,1.8,,,718,2016-08-08T14:00:00.000000Z,MWC_ETP_MELBOURNE,final_effluent,DATASET_03_MELBOURNE_ETP_OUTLET,observed,SHA256:47948ae79b2e703e4c0d89e3bb62f4d8bdc4def6bf8452f69506dc59141e4b96
8/9/2016 2:00:00 PM,28.0,,0.07,4.0,,,719,2016-08-09T14:00:00.000000Z,MWC_ETP_MELBOURNE,final_effluent,DATASET_03_MELBOURNE_ETP_OUTLET,observed,SHA256:47948ae79b2e703e4c0d89e3bb62f4d8bdc4def6bf8452f69506dc59141e4b96
8/10/2016 2:00:00 PM,25.0,,0.08,2.4,,,720,2016-08-10T14:00:00.000000Z,MWC_ETP_MELBOURNE,final_effluent,DATASET_03_MELBOURNE_ETP_OUTLET,observed,SHA256:47948ae79b2e703e4c0d89e3bb62f4d8bdc4def6bf8452f69506dc59141e4b96
8/11/2016 2:00:00 PM,28.0,,0.1,2.8,,,721,2016-08-11T14:00:00.000000Z,MWC_ETP_MELBOURNE,final_effluent,DATASET_03_MELBOURNE_ETP_OUTLET,observed,SHA256:47948ae79b2e703e4c0d89e3bb62f4d8bdc4def6bf8452f69506dc59141e4b96
8/11/2016 9:00:00 PM,,6.0,0.1,1.6,13.0,11.0,722,2016-08-11T21:00:00.000000Z,MWC_ETP_MELBOURNE,final_effluent,DATASET_03_MELBOURNE_ETP_OUTLET,observed,SHA256:47948ae79b2e703e4c0d89e3bb62f4d8bdc4def6bf8452f69506dc59141e4b96
8/14/2016 2:00:00 PM,26.0,,0.1,1.9,,,723,2016-08-14T14:00:00.000000Z,MWC_ETP_MELBOURNE,final_effluent,DATASET_03_MELBOURNE_ETP_OUTLET,observed,SHA256:47948ae79b2e703e4c0d89e3bb62f4d8bdc4def6bf8452f69506dc59141e4b96
8/15/2016 2:00:00 PM,24.0,,0.1,2.0,,,724,2016-08-15T14:00:00.000000Z,MWC_ETP_MELBOURNE,final_effluent,DATASET_03_MELBOURNE_ETP_OUTLET,observed,SHA256:47948ae79b2e703e4c0d89e3bb62f4d8bdc4def6bf8452f69506dc59141e4b96
8/16/2016 2:00:00 PM,25.0,,0.09,1.5,,,725,2016-08-16T14:00:00.000000Z,MWC_ETP_MELBOURNE,final_effluent,DATASET_03_MELBOURNE_ETP_OUTLET,observed,SHA256:47948ae79b2e703e4c0d89e3bb62f4d8bdc4def6bf8452f69506dc59141e4b96
8/17/2016 2:00:00 PM,25.0,,0.1,3.9,,,726,2016-08-17T14:00:00.000000Z,MWC_ETP_MELBOURNE,final_effluent,DATASET_03_MELBOURNE_ETP_OUTLET,observed,SHA256:47948ae79b2e703e4c0d89e3bb62f4d8bdc4def6bf8452f69506dc59141e4b96
8/17/2016 9:00:00 PM,,3.0,0.1,,,,727,2016-08-17T21:00:00.000000Z,MWC_ETP_MELBOURNE,final_effluent,DATASET_03_MELBOURNE_ETP_OUTLET,observed,SHA256:47948ae79b2e703e4c0d89e3bb62f4d8bdc4def6bf8452f69506dc59141e4b96
8/18/2016 2:00:00 PM,34.0,,0.1,2.4,,,728,2016-08-18T14:00:00.000000Z,MWC_ETP_MELBOURNE,final_effluent,DATASET_03_MELBOURNE_ETP_OUTLET,observed,SHA256:47948ae79b2e703e4c0d89e3bb62f4d8bdc4def6bf8452f69506dc59141e4b96
8/21/2016 2:00:00 PM,25.0,,0.1,2.1,,,729,2016-08-21T14:00:00.000000Z,MWC_ETP_MELBOURNE,final_effluent,DATASET_03_MELBOURNE_ETP_OUTLET,observed,SHA256:47948ae79b2e703e4c0d89e3bb62f4d8bdc4def6bf8452f69506dc59141e4b96
8/22/2016 2:00:00 PM,26.0,,0.12,2.5,,,730,2016-08-22T14:00:00.000000Z,MWC_ETP_MELBOURNE,final_effluent,DATASET_03_MELBOURNE_ETP_OUTLET,observed,SHA256:47948ae79b2e703e4c0d89e3bb62f4d8bdc4def6bf8452f69506dc59141e4b96
8/23/2016 2:00:00 PM,20.0,,0.1,1.8,,,731,2016-08-23T14:00:00.000000Z,MWC_ETP_MELBOURNE,final_effluent,DATASET_03_MELBOURNE_ETP_OUTLET,observed,SHA256:47948ae79b2e703e4c0d89e3bb62f4d8bdc4def6bf8452f69506dc59141e4b96
8/23/2016 9:00:00 PM,,2.0,0.1,1.4,15.0,14.0,732,2016-08-23T21:00:00.000000Z,MWC_ETP_MELBOURNE,final_effluent,DATASET_03_MELBOURNE_ETP_OUTLET,observed,SHA256:47948ae79b2e703e4c0d89e3bb62f4d8bdc4def6bf8452f69506dc59141e4b96
8/24/2016 2:00:00 PM,25.0,,0.1,1.5,,,733,2016-08-24T14:00:00.000000Z,MWC_ETP_MELBOURNE,final_effluent,DATASET_03_MELBOURNE_ETP_OUTLET,observed,SHA256:47948ae79b2e703e4c0d89e3bb62f4d8bdc4def6bf8452f69506dc59141e4b96
8/25/2016 2:00:00 PM,30.0,,0.1,,,,734,2016-08-25T14:00:00.000000Z,MWC_ETP_MELBOURNE,final_effluent,DATASET_03_MELBOURNE_ETP_OUTLET,observed,SHA256:47948ae79b2e703e4c0d89e3bb62f4d8bdc4def6bf8452f69506dc59141e4b96
8/28/2016 2:00:00 PM,30.0,,0.2,1.8,,,735,2016-08-28T14:00:00.000000Z,MWC_ETP_MELBOURNE,final_effluent,DATASET_03_MELBOURNE_ETP_OUTLET,observed,SHA256:47948ae79b2e703e4c0d89e3bb62f4d8bdc4def6bf8452f69506dc59141e4b96
8/29/2016 2:00:00 PM,30.0,,0.15,2.2,,,736,2016-08-29T14:00:00.000000Z,MWC_ETP_MELBOURNE,final_effluent,DATASET_03_MELBOURNE_ETP_OUTLET,observed,SHA256:47948ae79b2e703e4c0d89e3bb62f4d8bdc4def6bf8452f69506dc59141e4b96
8/29/2016 9:00:00 PM,,2.0,0.1,,,,737,2016-08-29T21:00:00.000000Z,MWC_ETP_MELBOURNE,final_effluent,DATASET_03_MELBOURNE_ETP_OUTLET,observed,SHA256:47948ae79b2e703e4c0d89e3bb62f4d8bdc4def6bf8452f69506dc59141e4b96
8/30/2016 2:00:00 PM,30.0,,0.11,2.0,,,738,2016-08-30T14:00:00.000000Z,MWC_ETP_MELBOURNE,final_effluent,DATASET_03_MELBOURNE_ETP_OUTLET,observed,SHA256:47948ae79b2e703e4c0d89e3bb62f4d8bdc4def6bf8452f69506dc59141e4b96
8/31/2016 2:00:00 PM,30.0,,0.09,2.0,,,739,2016-08-31T14:00:00.000000Z,MWC_ETP_MELBOURNE,final_effluent,DATASET_03_MELBOURNE_ETP_OUTLET,observed,SHA256:47948ae79b2e703e4c0d89e3bb62f4d8bdc4def6bf8452f69506dc59141e4b96
9/1/2016 2:00:00 PM,30.0,,0.09,3.0,,,740,2016-09-01T14:00:00.000000Z,MWC_ETP_MELBOURNE,final_effluent,DATASET_03_MELBOURNE_ETP_OUTLET,observed,SHA256:47948ae79b2e703e4c0d89e3bb62f4d8bdc4def6bf8452f69506dc59141e4b96
9/4/2016 2:00:00 PM,30.0,,0.12,5.1,,,741,2016-09-04T14:00:00.000000Z,MWC_ETP_MELBOURNE,final_effluent,DATASET_03_MELBOURNE_ETP_OUTLET,observed,SHA256:47948ae79b2e703e4c0d89e3bb62f4d8bdc4def6bf8452f69506dc59141e4b96
9/5/2016 2:00:00 PM,26.0,,0.1,2.2,,,742,2016-09-05T14:00:00.000000Z,MWC_ETP_MELBOURNE,final_effluent,DATASET_03_MELBOURNE_ETP_OUTLET,observed,SHA256:47948ae79b2e703e4c0d89e3bb62f4d8bdc4def6bf8452f69506dc59141e4b96
9/6/2016 2:00:00 PM,30.0,,0.21,7.0,,,743,2016-09-06T14:00:00.000000Z,MWC_ETP_MELBOURNE,final_effluent,DATASET_03_MELBOURNE_ETP_OUTLET,observed,SHA256:47948ae79b2e703e4c0d89e3bb62f4d8bdc4def6bf8452f69506dc59141e4b96
9/6/2016 9:00:00 PM,,3.0,0.1,1.7,17.0,15.0,744,2016-09-06T21:00:00.000000Z,MWC_ETP_MELBOURNE,final_effluent,DATASET_03_MELBOURNE_ETP_OUTLET,observed,SHA256:47948ae79b2e703e4c0d89e3bb62f4d8bdc4def6bf8452f69506dc59141e4b96
9/7/2016 2:00:00 PM,25.0,,0.07,2.0,,,745,2016-09-07T14:00:00.000000Z,MWC_ETP_MELBOURNE,final_effluent,DATASET_03_MELBOURNE_ETP_OUTLET,observed,SHA256:47948ae79b2e703e4c0d89e3bb62f4d8bdc4def6bf8452f69506dc59141e4b96
9/8/2016 2:00:00 PM,26.0,,0.08,2.0,,,746,2016-09-08T14:00:00.000000Z,MWC_ETP_MELBOURNE,final_effluent,DATASET_03_MELBOURNE_ETP_OUTLET,observed,SHA256:47948ae79b2e703e4c0d89e3bb62f4d8bdc4def6bf8452f69506dc59141e4b96
9/11/2016 2:00:00 PM,35.0,,0.14,1.7,,,747,2016-09-11T14:00:00.000000Z,MWC_ETP_MELBOURNE,final_effluent,DATASET_03_MELBOURNE_ETP_OUTLET,observed,SHA256:47948ae79b2e703e4c0d89e3bb62f4d8bdc4def6bf8452f69506dc59141e4b96
9/12/2016 2:00:00 PM,10.0,,0.06,2.6,,,748,2016-09-12T14:00:00.000000Z,MWC_ETP_MELBOURNE,final_effluent,DATASET_03_MELBOURNE_ETP_OUTLET,observed,SHA256:47948ae79b2e703e4c0d89e3bb62f4d8bdc4def6bf8452f69506dc59141e4b96
9/13/2016 2:00:00 PM,33.0,,0.2,1.6,,,749,2016-09-13T14:00:00.000000Z,MWC_ETP_MELBOURNE,final_effluent,DATASET_03_MELBOURNE_ETP_OUTLET,observed,SHA256:47948ae79b2e703e4c0d89e3bb62f4d8bdc4def6bf8452f69506dc59141e4b96
9/14/2016 2:00:00 PM,34.0,,0.3,1.7,,,750,2016-09-14T14:00:00.000000Z,MWC_ETP_MELBOURNE,final_effluent,DATASET_03_MELBOURNE_ETP_OUTLET,observed,SHA256:47948ae79b2e703e4c0d89e3bb62f4d8bdc4def6bf8452f69506dc59141e4b96
5/22/2016 2:00:00 PM,22.0,,0.11,2.8,,,751,2016-05-22T14:00:00.000000Z,MWC_ETP_MELBOURNE,final_effluent,DATASET_03_MELBOURNE_ETP_OUTLET,observed,SHA256:47948ae79b2e703e4c0d89e3bb62f4d8bdc4def6bf8452f69506dc59141e4b96
5/23/2016 2:00:00 PM,20.0,,0.07,1.9,,,752,2016-05-23T14:00:00.000000Z,MWC_ETP_MELBOURNE,final_effluent,DATASET_03_MELBOURNE_ETP_OUTLET,observed,SHA256:47948ae79b2e703e4c0d89e3bb62f4d8bdc4def6bf8452f69506dc59141e4b96
5/23/2016 9:00:00 PM,,2.0,0.1,1.9,20.0,18.0,753,2016-05-23T21:00:00.000000Z,MWC_ETP_MELBOURNE,final_effluent,DATASET_03_MELBOURNE_ETP_OUTLET,observed,SHA256:47948ae79b2e703e4c0d89e3bb62f4d8bdc4def6bf8452f69506dc59141e4b96
5/24/2016 2:00:00 PM,25.0,,0.07,2.3,,,754,2016-05-24T14:00:00.000000Z,MWC_ETP_MELBOURNE,final_effluent,DATASET_03_MELBOURNE_ETP_OUTLET,observed,SHA256:47948ae79b2e703e4c0d89e3bb62f4d8bdc4def6bf8452f69506dc59141e4b96
5/25/2016 2:00:00 PM,16.0,,0.07,1.5,,,755,2016-05-25T14:00:00.000000Z,MWC_ETP_MELBOURNE,final_effluent,DATASET_03_MELBOURNE_ETP_OUTLET,observed,SHA256:47948ae79b2e703e4c0d89e3bb62f4d8bdc4def6bf8452f69506dc59141e4b96
5/26/2016 2:00:00 PM,30.0,,0.07,2.8,,,756,2016-05-26T14:00:00.000000Z,MWC_ETP_MELBOURNE,final_effluent,DATASET_03_MELBOURNE_ETP_OUTLET,observed,SHA256:47948ae79b2e703e4c0d89e3bb62f4d8bdc4def6bf8452f69506dc59141e4b96
5/29/2016 2:00:00 PM,26.0,,0.12,1.6,,,757,2016-05-29T14:00:00.000000Z,MWC_ETP_MELBOURNE,final_effluent,DATASET_03_MELBOURNE_ETP_OUTLET,observed,SHA256:47948ae79b2e703e4c0d89e3bb62f4d8bdc4def6bf8452f69506dc59141e4b96
5/30/2016 2:00:00 PM,28.0,,0.12,1.7,,,758,2016-05-30T14:00:00.000000Z,MWC_ETP_MELBOURNE,final_effluent,DATASET_03_MELBOURNE_ETP_OUTLET,observed,SHA256:47948ae79b2e703e4c0d89e3bb62f4d8bdc4def6bf8452f69506dc59141e4b96
5/31/2016 2:00:00 PM,30.0,,0.08,2.0,,,759,2016-05-31T14:00:00.000000Z,MWC_ETP_MELBOURNE,final_effluent,DATASET_03_MELBOURNE_ETP_OUTLET,observed,SHA256:47948ae79b2e703e4c0d89e3bb62f4d8bdc4def6bf8452f69506dc59141e4b96
5/31/2016 9:00:00 PM,,3.0,0.1,,,,760,2016-05-31T21:00:00.000000Z,MWC_ETP_MELBOURNE,final_effluent,DATASET_03_MELBOURNE_ETP_OUTLET,observed,SHA256:47948ae79b2e703e4c0d89e3bb62f4d8bdc4def6bf8452f69506dc59141e4b96
6/1/2016 2:00:00 PM,24.0,,0.09,2.8,,,761,2016-06-01T14:00:00.000000Z,MWC_ETP_MELBOURNE,final_effluent,DATASET_03_MELBOURNE_ETP_OUTLET,observed,SHA256:47948ae79b2e703e4c0d89e3bb62f4d8bdc4def6bf8452f69506dc59141e4b96
6/2/2016 2:00:00 PM,30.0,,0.11,3.5,,,762,2016-06-02T14:00:00.000000Z,MWC_ETP_MELBOURNE,final_effluent,DATASET_03_MELBOURNE_ETP_OUTLET,observed,SHA256:47948ae79b2e703e4c0d89e3bb62f4d8bdc4def6bf8452f69506dc59141e4b96
6/5/2016 2:00:00 PM,24.0,,0.13,1.6,,,763,2016-06-05T14:00:00.000000Z,MWC_ETP_MELBOURNE,final_effluent,DATASET_03_MELBOURNE_ETP_OUTLET,observed,SHA256:47948ae79b2e703e4c0d89e3bb62f4d8bdc4def6bf8452f69506dc59141e4b96
6/6/2016 2:00:00 PM,21.0,,0.1,2.4,,,764,2016-06-06T14:00:00.000000Z,MWC_ETP_MELBOURNE,final_effluent,DATASET_03_MELBOURNE_ETP_OUTLET,observed,SHA256:47948ae79b2e703e4c0d89e3bb62f4d8bdc4def6bf8452f69506dc59141e4b96
6/7/2016 2:00:00 PM,25.0,,0.07,3.0,,,765,2016-06-07T14:00:00.000000Z,MWC_ETP_MELBOURNE,final_effluent,DATASET_03_MELBOURNE_ETP_OUTLET,observed,SHA256:47948ae79b2e703e4c0d89e3bb62f4d8bdc4def6bf8452f69506dc59141e4b96
6/8/2016 2:00:00 PM,27.0,,0.08,2.8,,,766,2016-06-08T14:00:00.000000Z,MWC_ETP_MELBOURNE,final_effluent,DATASET_03_MELBOURNE_ETP_OUTLET,observed,SHA256:47948ae79b2e703e4c0d89e3bb62f4d8bdc4def6bf8452f69506dc59141e4b96
6/8/2016 9:00:00 PM,,3.0,0.1,1.9,14.0,12.0,767,2016-06-08T21:00:00.000000Z,MWC_ETP_MELBOURNE,final_effluent,DATASET_03_MELBOURNE_ETP_OUTLET,observed,SHA256:47948ae79b2e703e4c0d89e3bb62f4d8bdc4def6bf8452f69506dc59141e4b96
6/9/2016 2:00:00 PM,30.0,,0.06,2.7,,,768,2016-06-09T14:00:00.000000Z,MWC_ETP_MELBOURNE,final_effluent,DATASET_03_MELBOURNE_ETP_OUTLET,observed,SHA256:47948ae79b2e703e4c0d89e3bb62f4d8bdc4def6bf8452f69506dc59141e4b96
6/10/2016 2:00:00 PM,31.0,,0.11,1.0,,,769,2016-06-10T14:00:00.000000Z,MWC_ETP_MELBOURNE,final_effluent,DATASET_03_MELBOURNE_ETP_OUTLET,observed,SHA256:47948ae79b2e703e4c0d89e3bb62f4d8bdc4def6bf8452f69506dc59141e4b96
6/13/2016 2:00:00 PM,28.0,,0.17,2.8,,,770,2016-06-13T14:00:00.000000Z,MWC_ETP_MELBOURNE,final_effluent,DATASET_03_MELBOURNE_ETP_OUTLET,observed,SHA256:47948ae79b2e703e4c0d89e3bb62f4d8bdc4def6bf8452f69506dc59141e4b96
6/14/2016 2:00:00 PM,20.0,,0.12,1.7,,,771,2016-06-14T14:00:00.000000Z,MWC_ETP_MELBOURNE,final_effluent,DATASET_03_MELBOURNE_ETP_OUTLET,observed,SHA256:47948ae79b2e703e4c0d89e3bb62f4d8bdc4def6bf8452f69506dc59141e4b96
6/15/2016 2:00:00 PM,26.0,,0.19,2.6,,,772,2016-06-15T14:00:00.000000Z,MWC_ETP_MELBOURNE,final_effluent,DATASET_03_MELBOURNE_ETP_OUTLET,observed,SHA256:47948ae79b2e703e4c0d89e3bb62f4d8bdc4def6bf8452f69506dc59141e4b96
6/16/2016 2:00:00 PM,29.0,,0.2,1.9,,,773,2016-06-16T14:00:00.000000Z,MWC_ETP_MELBOURNE,final_effluent,DATASET_03_MELBOURNE_ETP_OUTLET,observed,SHA256:47948ae79b2e703e4c0d89e3bb62f4d8bdc4def6bf8452f69506dc59141e4b96
6/16/2016 9:00:00 PM,,3.0,0.1,,,,774,2016-06-16T21:00:00.000000Z,MWC_ETP_MELBOURNE,final_effluent,DATASET_03_MELBOURNE_ETP_OUTLET,observed,SHA256:47948ae79b2e703e4c0d89e3bb62f4d8bdc4def6bf8452f69506dc59141e4b96
6/19/2016 2:00:00 PM,20.0,,0.22,1.8,,,775,2016-06-19T14:00:00.000000Z,MWC_ETP_MELBOURNE,final_effluent,DATASET_03_MELBOURNE_ETP_OUTLET,observed,SHA256:47948ae79b2e703e4c0d89e3bb62f4d8bdc4def6bf8452f69506dc59141e4b96
6/20/2016 2:00:00 PM,23.0,,0.17,3.9,,,776,2016-06-20T14:00:00.000000Z,MWC_ETP_MELBOURNE,final_effluent,DATASET_03_MELBOURNE_ETP_OUTLET,observed,SHA256:47948ae79b2e703e4c0d89e3bb62f4d8bdc4def6bf8452f69506dc59141e4b96
6/21/2016 2:00:00 PM,26.0,,0.21,1.9,,,777,2016-06-21T14:00:00.000000Z,MWC_ETP_MELBOURNE,final_effluent,DATASET_03_MELBOURNE_ETP_OUTLET,observed,SHA256:47948ae79b2e703e4c0d89e3bb62f4d8bdc4def6bf8452f69506dc59141e4b96
6/22/2016 2:00:00 PM,29.0,,0.2,2.0,,,778,2016-06-22T14:00:00.000000Z,MWC_ETP_MELBOURNE,final_effluent,DATASET_03_MELBOURNE_ETP_OUTLET,observed,SHA256:47948ae79b2e703e4c0d89e3bb62f4d8bdc4def6bf8452f69506dc59141e4b96
6/22/2016 9:00:00 PM,,2.0,0.2,1.6,14.0,13.0,779,2016-06-22T21:00:00.000000Z,MWC_ETP_MELBOURNE,final_effluent,DATASET_03_MELBOURNE_ETP_OUTLET,observed,SHA256:47948ae79b2e703e4c0d89e3bb62f4d8bdc4def6bf8452f69506dc59141e4b96
6/23/2016 2:00:00 PM,30.0,,0.17,2.6,,,780,2016-06-23T14:00:00.000000Z,MWC_ETP_MELBOURNE,final_effluent,DATASET_03_MELBOURNE_ETP_OUTLET,observed,SHA256:47948ae79b2e703e4c0d89e3bb62f4d8bdc4def6bf8452f69506dc59141e4b96
6/26/2016 2:00:00 PM,25.0,,0.1,1.9,,,781,2016-06-26T14:00:00.000000Z,MWC_ETP_MELBOURNE,final_effluent,DATASET_03_MELBOURNE_ETP_OUTLET,observed,SHA256:47948ae79b2e703e4c0d89e3bb62f4d8bdc4def6bf8452f69506dc59141e4b96
6/27/2016 2:00:00 PM,28.0,,0.1,3.0,,,782,2016-06-27T14:00:00.000000Z,MWC_ETP_MELBOURNE,final_effluent,DATASET_03_MELBOURNE_ETP_OUTLET,observed,SHA256:47948ae79b2e703e4c0d89e3bb62f4d8bdc4def6bf8452f69506dc59141e4b96
6/28/2016 2:00:00 PM,30.0,,0.09,2.6,,,783,2016-06-28T14:00:00.000000Z,MWC_ETP_MELBOURNE,final_effluent,DATASET_03_MELBOURNE_ETP_OUTLET,observed,SHA256:47948ae79b2e703e4c0d89e3bb62f4d8bdc4def6bf8452f69506dc59141e4b96
6/28/2016 9:00:00 PM,,2.0,0.1,,,,784,2016-06-28T21:00:00.000000Z,MWC_ETP_MELBOURNE,final_effluent,DATASET_03_MELBOURNE_ETP_OUTLET,observed,SHA256:47948ae79b2e703e4c0d89e3bb62f4d8bdc4def6bf8452f69506dc59141e4b96
6/29/2016 2:00:00 PM,30.0,,0.09,2.2,,,785,2016-06-29T14:00:00.000000Z,MWC_ETP_MELBOURNE,final_effluent,DATASET_03_MELBOURNE_ETP_OUTLET,observed,SHA256:47948ae79b2e703e4c0d89e3bb62f4d8bdc4def6bf8452f69506dc59141e4b96
6/30/2016 2:00:00 PM,30.0,,0.08,3.9,,,786,2016-06-30T14:00:00.000000Z,MWC_ETP_MELBOURNE,final_effluent,DATASET_03_MELBOURNE_ETP_OUTLET,observed,SHA256:47948ae79b2e703e4c0d89e3bb62f4d8bdc4def6bf8452f69506dc59141e4b96
7/3/2016 2:00:00 PM,28.0,,0.12,2.3,,,787,2016-07-03T14:00:00.000000Z,MWC_ETP_MELBOURNE,final_effluent,DATASET_03_MELBOURNE_ETP_OUTLET,observed,SHA256:47948ae79b2e703e4c0d89e3bb62f4d8bdc4def6bf8452f69506dc59141e4b96
7/4/2016 2:00:00 PM,25.0,,0.1,2.2,,,788,2016-07-04T14:00:00.000000Z,MWC_ETP_MELBOURNE,final_effluent,DATASET_03_MELBOURNE_ETP_OUTLET,observed,SHA256:47948ae79b2e703e4c0d89e3bb62f4d8bdc4def6bf8452f69506dc59141e4b96
7/4/2016 9:00:00 PM,,3.0,0.1,,,,789,2016-07-04T21:00:00.000000Z,MWC_ETP_MELBOURNE,final_effluent,DATASET_03_MELBOURNE_ETP_OUTLET,observed,SHA256:47948ae79b2e703e4c0d89e3bb62f4d8bdc4def6bf8452f69506dc59141e4b96
7/5/2016 2:00:00 PM,23.0,,0.11,2.9,,,790,2016-07-05T14:00:00.000000Z,MWC_ETP_MELBOURNE,final_effluent,DATASET_03_MELBOURNE_ETP_OUTLET,observed,SHA256:47948ae79b2e703e4c0d89e3bb62f4d8bdc4def6bf8452f69506dc59141e4b96
7/6/2016 2:00:00 PM,28.0,,0.11,2.5,,,791,2016-07-06T14:00:00.000000Z,MWC_ETP_MELBOURNE,final_effluent,DATASET_03_MELBOURNE_ETP_OUTLET,observed,SHA256:47948ae79b2e703e4c0d89e3bb62f4d8bdc4def6bf8452f69506dc59141e4b96
7/7/2016 2:00:00 PM,30.0,,0.07,1.0,,,792,2016-07-07T14:00:00.000000Z,MWC_ETP_MELBOURNE,final_effluent,DATASET_03_MELBOURNE_ETP_OUTLET,observed,SHA256:47948ae79b2e703e4c0d89e3bb62f4d8bdc4def6bf8452f69506dc59141e4b96
7/10/2016 2:00:00 PM,20.0,,0.1,2.0,,,793,2016-07-10T14:00:00.000000Z,MWC_ETP_MELBOURNE,final_effluent,DATASET_03_MELBOURNE_ETP_OUTLET,observed,SHA256:47948ae79b2e703e4c0d89e3bb62f4d8bdc4def6bf8452f69506dc59141e4b96
7/10/2016 9:00:00 PM,,2.0,0.1,1.2,22.0,19.0,794,2016-07-10T21:00:00.000000Z,MWC_ETP_MELBOURNE,final_effluent,DATASET_03_MELBOURNE_ETP_OUTLET,observed,SHA256:47948ae79b2e703e4c0d89e3bb62f4d8bdc4def6bf8452f69506dc59141e4b96
7/11/2016 2:00:00 PM,24.0,,0.1,6.0,,,795,2016-07-11T14:00:00.000000Z,MWC_ETP_MELBOURNE,final_effluent,DATASET_03_MELBOURNE_ETP_OUTLET,observed,SHA256:47948ae79b2e703e4c0d89e3bb62f4d8bdc4def6bf8452f69506dc59141e4b96
7/12/2016 2:00:00 PM,30.0,,0.07,2.4,,,796,2016-07-12T14:00:00.000000Z,MWC_ETP_MELBOURNE,final_effluent,DATASET_03_MELBOURNE_ETP_OUTLET,observed,SHA256:47948ae79b2e703e4c0d89e3bb62f4d8bdc4def6bf8452f69506dc59141e4b96
7/13/2016 2:00:00 PM,30.0,,0.08,2.0,,,797,2016-07-13T14:00:00.000000Z,MWC_ETP_MELBOURNE,final_effluent,DATASET_03_MELBOURNE_ETP_OUTLET,observed,SHA256:47948ae79b2e703e4c0d89e3bb62f4d8bdc4def6bf8452f69506dc59141e4b96
7/14/2016 2:00:00 PM,23.0,,0.1,2.0,,,798,2016-07-14T14:00:00.000000Z,MWC_ETP_MELBOURNE,final_effluent,DATASET_03_MELBOURNE_ETP_OUTLET,observed,SHA256:47948ae79b2e703e4c0d89e3bb62f4d8bdc4def6bf8452f69506dc59141e4b96
7/17/2016 2:00:00 PM,23.0,,0.14,1.6,,,799,2016-07-17T14:00:00.000000Z,MWC_ETP_MELBOURNE,final_effluent,DATASET_03_MELBOURNE_ETP_OUTLET,observed,SHA256:47948ae79b2e703e4c0d89e3bb62f4d8bdc4def6bf8452f69506dc59141e4b96
7/18/2016 2:00:00 PM,23.0,,0.11,1.1,,,800,2016-07-18T14:00:00.000000Z,MWC_ETP_MELBOURNE,final_effluent,DATASET_03_MELBOURNE_ETP_OUTLET,observed,SHA256:47948ae79b2e703e4c0d89e3bb62f4d8bdc4def6bf8452f69506dc59141e4b96
9/14/2016 9:00:00 PM,,3.0,0.2,,,,801,2016-09-14T21:00:00.000000Z,MWC_ETP_MELBOURNE,final_effluent,DATASET_03_MELBOURNE_ETP_OUTLET,observed,SHA256:47948ae79b2e703e4c0d89e3bb62f4d8bdc4def6bf8452f69506dc59141e4b96
9/15/2016 2:00:00 PM,30.0,,0.16,2.0,,,802,2016-09-15T14:00:00.000000Z,MWC_ETP_MELBOURNE,final_effluent,DATASET_03_MELBOURNE_ETP_OUTLET,observed,SHA256:47948ae79b2e703e4c0d89e3bb62f4d8bdc4def6bf8452f69506dc59141e4b96
9/18/2016 2:00:00 PM,29.0,,0.1,2.4,,,803,2016-09-18T14:00:00.000000Z,MWC_ETP_MELBOURNE,final_effluent,DATASET_03_MELBOURNE_ETP_OUTLET,observed,SHA256:47948ae79b2e703e4c0d89e3bb62f4d8bdc4def6bf8452f69506dc59141e4b96
9/19/2016 2:00:00 PM,29.0,,0.1,2.2,,,804,2016-09-19T14:00:00.000000Z,MWC_ETP_MELBOURNE,final_effluent,DATASET_03_MELBOURNE_ETP_OUTLET,observed,SHA256:47948ae79b2e703e4c0d89e3bb62f4d8bdc4def6bf8452f69506dc59141e4b96
9/20/2016 2:00:00 PM,22.0,,0.04,3.0,,,805,2016-09-20T14:00:00.000000Z,MWC_ETP_MELBOURNE,final_effluent,DATASET_03_MELBOURNE_ETP_OUTLET,observed,SHA256:47948ae79b2e703e4c0d89e3bb62f4d8bdc4def6bf8452f69506dc59141e4b96
9/21/2016 2:00:00 PM,28.0,,0.09,2.0,,,806,2016-09-21T14:00:00.000000Z,MWC_ETP_MELBOURNE,final_effluent,DATASET_03_MELBOURNE_ETP_OUTLET,observed,SHA256:47948ae79b2e703e4c0d89e3bb62f4d8bdc4def6bf8452f69506dc59141e4b96
9/22/2016 2:00:00 PM,40.0,,0.07,2.8,,,807,2016-09-22T14:00:00.000000Z,MWC_ETP_MELBOURNE,final_effluent,DATASET_03_MELBOURNE_ETP_OUTLET,observed,SHA256:47948ae79b2e703e4c0d89e3bb62f4d8bdc4def6bf8452f69506dc59141e4b96
9/22/2016 9:00:00 PM,,3.0,0.1,2.2,12.0,10.0,808,2016-09-22T21:00:00.000000Z,MWC_ETP_MELBOURNE,final_effluent,DATASET_03_MELBOURNE_ETP_OUTLET,observed,SHA256:47948ae79b2e703e4c0d89e3bb62f4d8bdc4def6bf8452f69506dc59141e4b96
5/11/2017 2:32:00 AM,35.0,,0.05,3.4,,,809,2017-05-11T02:32:00.000000Z,MWC_ETP_MELBOURNE,final_effluent,DATASET_03_MELBOURNE_ETP_OUTLET,observed,SHA256:47948ae79b2e703e4c0d89e3bb62f4d8bdc4def6bf8452f69506dc59141e4b96
11/13/2016 1:00:00 PM,15.0,,0.16,1.8,,,810,2016-11-13T13:00:00.000000Z,MWC_ETP_MELBOURNE,final_effluent,DATASET_03_MELBOURNE_ETP_OUTLET,observed,SHA256:47948ae79b2e703e4c0d89e3bb62f4d8bdc4def6bf8452f69506dc59141e4b96
9/25/2016 2:00:00 PM,30.0,,0.09,3.2,,,811,2016-09-25T14:00:00.000000Z,MWC_ETP_MELBOURNE,final_effluent,DATASET_03_MELBOURNE_ETP_OUTLET,observed,SHA256:47948ae79b2e703e4c0d89e3bb62f4d8bdc4def6bf8452f69506dc59141e4b96
9/26/2016 2:00:00 PM,25.0,,0.09,2.4,,,812,2016-09-26T14:00:00.000000Z,MWC_ETP_MELBOURNE,final_effluent,DATASET_03_MELBOURNE_ETP_OUTLET,observed,SHA256:47948ae79b2e703e4c0d89e3bb62f4d8bdc4def6bf8452f69506dc59141e4b96
9/27/2016 2:00:00 PM,24.0,,0.07,2.5,,,813,2016-09-27T14:00:00.000000Z,MWC_ETP_MELBOURNE,final_effluent,DATASET_03_MELBOURNE_ETP_OUTLET,observed,SHA256:47948ae79b2e703e4c0d89e3bb62f4d8bdc4def6bf8452f69506dc59141e4b96
9/28/2016 2:00:00 PM,30.0,,0.07,1.8,,,814,2016-09-28T14:00:00.000000Z,MWC_ETP_MELBOURNE,final_effluent,DATASET_03_MELBOURNE_ETP_OUTLET,observed,SHA256:47948ae79b2e703e4c0d89e3bb62f4d8bdc4def6bf8452f69506dc59141e4b96
9/28/2016 9:00:00 PM,,3.0,0.1,,,,815,2016-09-28T21:00:00.000000Z,MWC_ETP_MELBOURNE,final_effluent,DATASET_03_MELBOURNE_ETP_OUTLET,observed,SHA256:47948ae79b2e703e4c0d89e3bb62f4d8bdc4def6bf8452f69506dc59141e4b96
9/30/2016 2:00:00 PM,35.0,,0.13,1.9,,,816,2016-09-30T14:00:00.000000Z,MWC_ETP_MELBOURNE,final_effluent,DATASET_03_MELBOURNE_ETP_OUTLET,observed,SHA256:47948ae79b2e703e4c0d89e3bb62f4d8bdc4def6bf8452f69506dc59141e4b96
10/2/2016 1:00:00 PM,23.0,,0.08,1.1,,,817,2016-10-02T13:00:00.000000Z,MWC_ETP_MELBOURNE,final_effluent,DATASET_03_MELBOURNE_ETP_OUTLET,observed,SHA256:47948ae79b2e703e4c0d89e3bb62f4d8bdc4def6bf8452f69506dc59141e4b96
10/3/2016 1:00:00 PM,27.0,,0.08,2.1,,,818,2016-10-03T13:00:00.000000Z,MWC_ETP_MELBOURNE,final_effluent,DATASET_03_MELBOURNE_ETP_OUTLET,observed,SHA256:47948ae79b2e703e4c0d89e3bb62f4d8bdc4def6bf8452f69506dc59141e4b96
10/4/2016 1:00:00 PM,30.0,,0.08,1.9,,,819,2016-10-04T13:00:00.000000Z,MWC_ETP_MELBOURNE,final_effluent,DATASET_03_MELBOURNE_ETP_OUTLET,observed,SHA256:47948ae79b2e703e4c0d89e3bb62f4d8bdc4def6bf8452f69506dc59141e4b96
10/4/2016 8:00:00 PM,,4.0,0.1,1.5,15.0,13.0,820,2016-10-04T20:00:00.000000Z,MWC_ETP_MELBOURNE,final_effluent,DATASET_03_MELBOURNE_ETP_OUTLET,observed,SHA256:47948ae79b2e703e4c0d89e3bb62f4d8bdc4def6bf8452f69506dc59141e4b96
10/5/2016 1:00:00 PM,30.0,,0.08,1.8,,,821,2016-10-05T13:00:00.000000Z,MWC_ETP_MELBOURNE,final_effluent,DATASET_03_MELBOURNE_ETP_OUTLET,observed,SHA256:47948ae79b2e703e4c0d89e3bb62f4d8bdc4def6bf8452f69506dc59141e4b96
10/6/2016 1:00:00 PM,20.0,,0.08,3.0,,,822,2016-10-06T13:00:00.000000Z,MWC_ETP_MELBOURNE,final_effluent,DATASET_03_MELBOURNE_ETP_OUTLET,observed,SHA256:47948ae79b2e703e4c0d89e3bb62f4d8bdc4def6bf8452f69506dc59141e4b96
10/9/2016 1:00:00 PM,20.0,,0.12,2.4,,,823,2016-10-09T13:00:00.000000Z,MWC_ETP_MELBOURNE,final_effluent,DATASET_03_MELBOURNE_ETP_OUTLET,observed,SHA256:47948ae79b2e703e4c0d89e3bb62f4d8bdc4def6bf8452f69506dc59141e4b96
10/10/2016 1:00:00 PM,25.0,,0.08,2.4,,,824,2016-10-10T13:00:00.000000Z,MWC_ETP_MELBOURNE,final_effluent,DATASET_03_MELBOURNE_ETP_OUTLET,observed,SHA256:47948ae79b2e703e4c0d89e3bb62f4d8bdc4def6bf8452f69506dc59141e4b96
10/10/2016 8:00:00 PM,,2.0,0.1,,,,825,2016-10-10T20:00:00.000000Z,MWC_ETP_MELBOURNE,final_effluent,DATASET_03_MELBOURNE_ETP_OUTLET,observed,SHA256:47948ae79b2e703e4c0d89e3bb62f4d8bdc4def6bf8452f69506dc59141e4b96
10/11/2016 1:00:00 PM,25.0,,0.08,1.5,,,826,2016-10-11T13:00:00.000000Z,MWC_ETP_MELBOURNE,final_effluent,DATASET_03_MELBOURNE_ETP_OUTLET,observed,SHA256:47948ae79b2e703e4c0d89e3bb62f4d8bdc4def6bf8452f69506dc59141e4b96
10/12/2016 1:00:00 PM,35.0,,0.08,2.2,,,827,2016-10-12T13:00:00.000000Z,MWC_ETP_MELBOURNE,final_effluent,DATASET_03_MELBOURNE_ETP_OUTLET,observed,SHA256:47948ae79b2e703e4c0d89e3bb62f4d8bdc4def6bf8452f69506dc59141e4b96
10/13/2016 1:00:00 PM,29.0,,0.1,1.7,,,828,2016-10-13T13:00:00.000000Z,MWC_ETP_MELBOURNE,final_effluent,DATASET_03_MELBOURNE_ETP_OUTLET,observed,SHA256:47948ae79b2e703e4c0d89e3bb62f4d8bdc4def6bf8452f69506dc59141e4b96
10/16/2016 1:00:00 PM,30.0,,0.08,3.2,,,829,2016-10-16T13:00:00.000000Z,MWC_ETP_MELBOURNE,final_effluent,DATASET_03_MELBOURNE_ETP_OUTLET,observed,SHA256:47948ae79b2e703e4c0d89e3bb62f4d8bdc4def6bf8452f69506dc59141e4b96
10/16/2016 8:00:00 PM,,2.0,0.2,1.7,19.0,18.0,830,2016-10-16T20:00:00.000000Z,MWC_ETP_MELBOURNE,final_effluent,DATASET_03_MELBOURNE_ETP_OUTLET,observed,SHA256:47948ae79b2e703e4c0d89e3bb62f4d8bdc4def6bf8452f69506dc59141e4b96
10/17/2016 1:00:00 PM,20.0,,0.11,1.7,,,831,2016-10-17T13:00:00.000000Z,MWC_ETP_MELBOURNE,final_effluent,DATASET_03_MELBOURNE_ETP_OUTLET,observed,SHA256:47948ae79b2e703e4c0d89e3bb62f4d8bdc4def6bf8452f69506dc59141e4b96
10/18/2016 1:00:00 PM,25.0,,0.07,2.5,,,832,2016-10-18T13:00:00.000000Z,MWC_ETP_MELBOURNE,final_effluent,DATASET_03_MELBOURNE_ETP_OUTLET,observed,SHA256:47948ae79b2e703e4c0d89e3bb62f4d8bdc4def6bf8452f69506dc59141e4b96
10/19/2016 1:00:00 PM,30.0,,0.08,1.3,,,833,2016-10-19T13:00:00.000000Z,MWC_ETP_MELBOURNE,final_effluent,DATASET_03_MELBOURNE_ETP_OUTLET,observed,SHA256:47948ae79b2e703e4c0d89e3bb62f4d8bdc4def6bf8452f69506dc59141e4b96
10/20/2016 1:00:00 PM,25.0,,0.07,1.6,,,834,2016-10-20T13:00:00.000000Z,MWC_ETP_MELBOURNE,final_effluent,DATASET_03_MELBOURNE_ETP_OUTLET,observed,SHA256:47948ae79b2e703e4c0d89e3bb62f4d8bdc4def6bf8452f69506dc59141e4b96
10/23/2016 1:00:00 PM,25.0,,0.09,1.8,,,835,2016-10-23T13:00:00.000000Z,MWC_ETP_MELBOURNE,final_effluent,DATASET_03_MELBOURNE_ETP_OUTLET,observed,SHA256:47948ae79b2e703e4c0d89e3bb62f4d8bdc4def6bf8452f69506dc59141e4b96
10/24/2016 1:00:00 PM,25.0,,0.07,1.9,,,836,2016-10-24T13:00:00.000000Z,MWC_ETP_MELBOURNE,final_effluent,DATASET_03_MELBOURNE_ETP_OUTLET,observed,SHA256:47948ae79b2e703e4c0d89e3bb62f4d8bdc4def6bf8452f69506dc59141e4b96
10/24/2016 8:00:00 PM,,2.0,0.1,,,,837,2016-10-24T20:00:00.000000Z,MWC_ETP_MELBOURNE,final_effluent,DATASET_03_MELBOURNE_ETP_OUTLET,observed,SHA256:47948ae79b2e703e4c0d89e3bb62f4d8bdc4def6bf8452f69506dc59141e4b96
10/25/2016 1:00:00 PM,30.0,,0.09,1.7,,,838,2016-10-25T13:00:00.000000Z,MWC_ETP_MELBOURNE,final_effluent,DATASET_03_MELBOURNE_ETP_OUTLET,observed,SHA256:47948ae79b2e703e4c0d89e3bb62f4d8bdc4def6bf8452f69506dc59141e4b96
10/26/2016 1:00:00 PM,20.0,,0.09,2.4,,,839,2016-10-26T13:00:00.000000Z,MWC_ETP_MELBOURNE,final_effluent,DATASET_03_MELBOURNE_ETP_OUTLET,observed,SHA256:47948ae79b2e703e4c0d89e3bb62f4d8bdc4def6bf8452f69506dc59141e4b96
10/27/2016 1:00:00 PM,35.0,,0.09,2.6,,,840,2016-10-27T13:00:00.000000Z,MWC_ETP_MELBOURNE,final_effluent,DATASET_03_MELBOURNE_ETP_OUTLET,observed,SHA256:47948ae79b2e703e4c0d89e3bb62f4d8bdc4def6bf8452f69506dc59141e4b96
10/30/2016 1:00:00 PM,27.0,,0.1,2.6,,,841,2016-10-30T13:00:00.000000Z,MWC_ETP_MELBOURNE,final_effluent,DATASET_03_MELBOURNE_ETP_OUTLET,observed,SHA256:47948ae79b2e703e4c0d89e3bb62f4d8bdc4def6bf8452f69506dc59141e4b96
11/1/2016 1:00:00 PM,20.0,,0.07,2.0,,,842,2016-11-01T13:00:00.000000Z,MWC_ETP_MELBOURNE,final_effluent,DATASET_03_MELBOURNE_ETP_OUTLET,observed,SHA256:47948ae79b2e703e4c0d89e3bb62f4d8bdc4def6bf8452f69506dc59141e4b96
11/2/2016 1:00:00 PM,30.0,,0.09,1.6,,,843,2016-11-02T13:00:00.000000Z,MWC_ETP_MELBOURNE,final_effluent,DATASET_03_MELBOURNE_ETP_OUTLET,observed,SHA256:47948ae79b2e703e4c0d89e3bb62f4d8bdc4def6bf8452f69506dc59141e4b96
11/2/2016 8:00:00 PM,,3.0,0.1,1.3,20.0,19.0,844,2016-11-02T20:00:00.000000Z,MWC_ETP_MELBOURNE,final_effluent,DATASET_03_MELBOURNE_ETP_OUTLET,observed,SHA256:47948ae79b2e703e4c0d89e3bb62f4d8bdc4def6bf8452f69506dc59141e4b96
11/3/2016 1:00:00 PM,30.0,,0.11,2.9,,,845,2016-11-03T13:00:00.000000Z,MWC_ETP_MELBOURNE,final_effluent,DATASET_03_MELBOURNE_ETP_OUTLET,observed,SHA256:47948ae79b2e703e4c0d89e3bb62f4d8bdc4def6bf8452f69506dc59141e4b96
11/6/2016 1:00:00 PM,20.0,,0.07,2.7,,,846,2016-11-06T13:00:00.000000Z,MWC_ETP_MELBOURNE,final_effluent,DATASET_03_MELBOURNE_ETP_OUTLET,observed,SHA256:47948ae79b2e703e4c0d89e3bb62f4d8bdc4def6bf8452f69506dc59141e4b96
11/7/2016 1:00:00 PM,25.0,,0.07,2.0,,,847,2016-11-07T13:00:00.000000Z,MWC_ETP_MELBOURNE,final_effluent,DATASET_03_MELBOURNE_ETP_OUTLET,observed,SHA256:47948ae79b2e703e4c0d89e3bb62f4d8bdc4def6bf8452f69506dc59141e4b96
11/8/2016 1:00:00 PM,20.0,,0.12,2.0,,,848,2016-11-08T13:00:00.000000Z,MWC_ETP_MELBOURNE,final_effluent,DATASET_03_MELBOURNE_ETP_OUTLET,observed,SHA256:47948ae79b2e703e4c0d89e3bb62f4d8bdc4def6bf8452f69506dc59141e4b96
11/9/2016 1:00:00 PM,25.0,,0.07,1.6,,,849,2016-11-09T13:00:00.000000Z,MWC_ETP_MELBOURNE,final_effluent,DATASET_03_MELBOURNE_ETP_OUTLET,observed,SHA256:47948ae79b2e703e4c0d89e3bb62f4d8bdc4def6bf8452f69506dc59141e4b96
11/10/2016 1:00:00 PM,30.0,,0.05,2.5,,,850,2016-11-10T13:00:00.000000Z,MWC_ETP_MELBOURNE,final_effluent,DATASET_03_MELBOURNE_ETP_OUTLET,observed,SHA256:47948ae79b2e703e4c0d89e3bb62f4d8bdc4def6bf8452f69506dc59141e4b96
11/10/2016 8:00:00 PM,,2.0,0.1,,,,851,2016-11-10T20:00:00.000000Z,MWC_ETP_MELBOURNE,final_effluent,DATASET_03_MELBOURNE_ETP_OUTLET,observed,SHA256:47948ae79b2e703e4c0d89e3bb62f4d8bdc4def6bf8452f69506dc59141e4b96
11/12/2016 1:00:00 PM,30.0,,0.09,1.6,,,852,2016-11-12T13:00:00.000000Z,MWC_ETP_MELBOURNE,final_effluent,DATASET_03_MELBOURNE_ETP_OUTLET,observed,SHA256:47948ae79b2e703e4c0d89e3bb62f4d8bdc4def6bf8452f69506dc59141e4b96
1/10/2017 1:00:00 PM,25.0,,0.11,2.2,,,853,2017-01-10T13:00:00.000000Z,MWC_ETP_MELBOURNE,final_effluent,DATASET_03_MELBOURNE_ETP_OUTLET,observed,SHA256:47948ae79b2e703e4c0d89e3bb62f4d8bdc4def6bf8452f69506dc59141e4b96
7/9/2017 9:00:00 PM,,2.0,0.1,1.1,17.0,16.0,854,2017-07-09T21:00:00.000000Z,MWC_ETP_MELBOURNE,final_effluent,DATASET_03_MELBOURNE_ETP_OUTLET,observed,SHA256:47948ae79b2e703e4c0d89e3bb62f4d8bdc4def6bf8452f69506dc59141e4b96
5/12/2017 2:48:00 AM,35.0,,0.1,4.0,,,855,2017-05-12T02:48:00.000000Z,MWC_ETP_MELBOURNE,final_effluent,DATASET_03_MELBOURNE_ETP_OUTLET,observed,SHA256:47948ae79b2e703e4c0d89e3bb62f4d8bdc4def6bf8452f69506dc59141e4b96
7/10/2017 2:58:00 AM,30.0,,0.11,1.8,,,856,2017-07-10T02:58:00.000000Z,MWC_ETP_MELBOURNE,final_effluent,DATASET_03_MELBOURNE_ETP_OUTLET,observed,SHA256:47948ae79b2e703e4c0d89e3bb62f4d8bdc4def6bf8452f69506dc59141e4b96
1/11/2017 1:00:00 PM,30.0,,0.09,3.0,,,857,2017-01-11T13:00:00.000000Z,MWC_ETP_MELBOURNE,final_effluent,DATASET_03_MELBOURNE_ETP_OUTLET,observed,SHA256:47948ae79b2e703e4c0d89e3bb62f4d8bdc4def6bf8452f69506dc59141e4b96
5/15/2017 3:30:00 AM,35.0,,0.09,2.5,,,858,2017-05-15T03:30:00.000000Z,MWC_ETP_MELBOURNE,final_effluent,DATASET_03_MELBOURNE_ETP_OUTLET,observed,SHA256:47948ae79b2e703e4c0d89e3bb62f4d8bdc4def6bf8452f69506dc59141e4b96
11/14/2016 1:00:00 PM,24.0,,0.07,1.7,,,859,2016-11-14T13:00:00.000000Z,MWC_ETP_MELBOURNE,final_effluent,DATASET_03_MELBOURNE_ETP_OUTLET,observed,SHA256:47948ae79b2e703e4c0d89e3bb62f4d8bdc4def6bf8452f69506dc59141e4b96
7/11/2017 2:57:00 AM,30.0,,0.12,1.6,,,860,2017-07-11T02:57:00.000000Z,MWC_ETP_MELBOURNE,final_effluent,DATASET_03_MELBOURNE_ETP_OUTLET,observed,SHA256:47948ae79b2e703e4c0d89e3bb62f4d8bdc4def6bf8452f69506dc59141e4b96
1/11/2017 8:00:00 PM,,2.0,0.1,2.0,11.0,9.0,861,2017-01-11T20:00:00.000000Z,MWC_ETP_MELBOURNE,final_effluent,DATASET_03_MELBOURNE_ETP_OUTLET,observed,SHA256:47948ae79b2e703e4c0d89e3bb62f4d8bdc4def6bf8452f69506dc59141e4b96
5/16/2017 2:59:00 AM,35.0,,0.07,1.7,,,862,2017-05-16T02:59:00.000000Z,MWC_ETP_MELBOURNE,final_effluent,DATASET_03_MELBOURNE_ETP_OUTLET,observed,SHA256:47948ae79b2e703e4c0d89e3bb62f4d8bdc4def6bf8452f69506dc59141e4b96
11/15/2016 1:00:00 PM,17.0,,0.1,4.0,,,863,2016-11-15T13:00:00.000000Z,MWC_ETP_MELBOURNE,final_effluent,DATASET_03_MELBOURNE_ETP_OUTLET,observed,SHA256:47948ae79b2e703e4c0d89e3bb62f4d8bdc4def6bf8452f69506dc59141e4b96
7/12/2017 3:04:00 AM,25.0,,0.08,1.2,,,864,2017-07-12T03:04:00.000000Z,MWC_ETP_MELBOURNE,final_effluent,DATASET_03_MELBOURNE_ETP_OUTLET,observed,SHA256:47948ae79b2e703e4c0d89e3bb62f4d8bdc4def6bf8452f69506dc59141e4b96
1/12/2017 1:00:00 PM,27.0,,0.09,1.7,,,865,2017-01-12T13:00:00.000000Z,MWC_ETP_MELBOURNE,final_effluent,DATASET_03_MELBOURNE_ETP_OUTLET,observed,SHA256:47948ae79b2e703e4c0d89e3bb62f4d8bdc4def6bf8452f69506dc59141e4b96
5/16/2017 9:00:00 PM,,2.0,0.1,1.8,15.0,13.0,866,2017-05-16T21:00:00.000000Z,MWC_ETP_MELBOURNE,final_effluent,DATASET_03_MELBOURNE_ETP_OUTLET,observed,SHA256:47948ae79b2e703e4c0d89e3bb62f4d8bdc4def6bf8452f69506dc59141e4b96
11/16/2016 1:00:00 PM,20.0,,0.07,3.0,,,867,2016-11-16T13:00:00.000000Z,MWC_ETP_MELBOURNE,final_effluent,DATASET_03_MELBOURNE_ETP_OUTLET,observed,SHA256:47948ae79b2e703e4c0d89e3bb62f4d8bdc4def6bf8452f69506dc59141e4b96
7/13/2017 2:00:00 AM,35.0,,0.09,1.6,,,868,2017-07-13T02:00:00.000000Z,MWC_ETP_MELBOURNE,final_effluent,DATASET_03_MELBOURNE_ETP_OUTLET,observed,SHA256:47948ae79b2e703e4c0d89e3bb62f4d8bdc4def6bf8452f69506dc59141e4b96
1/15/2017 1:00:00 PM,29.0,,0.1,4.0,,,869,2017-01-15T13:00:00.000000Z,MWC_ETP_MELBOURNE,final_effluent,DATASET_03_MELBOURNE_ETP_OUTLET,observed,SHA256:47948ae79b2e703e4c0d89e3bb62f4d8bdc4def6bf8452f69506dc59141e4b96
5/17/2017 3:03:00 AM,35.0,,0.06,2.9,,,870,2017-05-17T03:03:00.000000Z,MWC_ETP_MELBOURNE,final_effluent,DATASET_03_MELBOURNE_ETP_OUTLET,observed,SHA256:47948ae79b2e703e4c0d89e3bb62f4d8bdc4def6bf8452f69506dc59141e4b96
11/16/2016 8:00:00 PM,,4.0,0.1,1.5,14.0,13.0,871,2016-11-16T20:00:00.000000Z,MWC_ETP_MELBOURNE,final_effluent,DATASET_03_MELBOURNE_ETP_OUTLET,observed,SHA256:47948ae79b2e703e4c0d89e3bb62f4d8bdc4def6bf8452f69506dc59141e4b96
7/14/2017 1:57:00 AM,34.0,,0.09,1.6,,,872,2017-07-14T01:57:00.000000Z,MWC_ETP_MELBOURNE,final_effluent,DATASET_03_MELBOURNE_ETP_OUTLET,observed,SHA256:47948ae79b2e703e4c0d89e3bb62f4d8bdc4def6bf8452f69506dc59141e4b96
1/16/2017 1:00:00 PM,25.0,,0.09,5.0,,,873,2017-01-16T13:00:00.000000Z,MWC_ETP_MELBOURNE,final_effluent,DATASET_03_MELBOURNE_ETP_OUTLET,observed,SHA256:47948ae79b2e703e4c0d89e3bb62f4d8bdc4def6bf8452f69506dc59141e4b96
5/18/2017 2:09:00 AM,35.0,,0.1,3.0,,,874,2017-05-18T02:09:00.000000Z,MWC_ETP_MELBOURNE,final_effluent,DATASET_03_MELBOURNE_ETP_OUTLET,observed,SHA256:47948ae79b2e703e4c0d89e3bb62f4d8bdc4def6bf8452f69506dc59141e4b96
11/17/2016 1:00:00 PM,30.0,,0.07,2.2,,,875,2016-11-17T13:00:00.000000Z,MWC_ETP_MELBOURNE,final_effluent,DATASET_03_MELBOURNE_ETP_OUTLET,observed,SHA256:47948ae79b2e703e4c0d89e3bb62f4d8bdc4def6bf8452f69506dc59141e4b96
7/17/2017 4:12:00 AM,35.0,,0.13,1.7,,,876,2017-07-17T04:12:00.000000Z,MWC_ETP_MELBOURNE,final_effluent,DATASET_03_MELBOURNE_ETP_OUTLET,observed,SHA256:47948ae79b2e703e4c0d89e3bb62f4d8bdc4def6bf8452f69506dc59141e4b96
1/17/2017 1:00:00 PM,20.0,,0.07,2.9,,,877,2017-01-17T13:00:00.000000Z,MWC_ETP_MELBOURNE,final_effluent,DATASET_03_MELBOURNE_ETP_OUTLET,observed,SHA256:47948ae79b2e703e4c0d89e3bb62f4d8bdc4def6bf8452f69506dc59141e4b96
5/19/2017 3:32:00 AM,30.0,,0.07,2.3,,,878,2017-05-19T03:32:00.000000Z,MWC_ETP_MELBOURNE,final_effluent,DATASET_03_MELBOURNE_ETP_OUTLET,observed,SHA256:47948ae79b2e703e4c0d89e3bb62f4d8bdc4def6bf8452f69506dc59141e4b96
11/20/2016 1:00:00 PM,16.0,,0.05,1.1,,,879,2016-11-20T13:00:00.000000Z,MWC_ETP_MELBOURNE,final_effluent,DATASET_03_MELBOURNE_ETP_OUTLET,observed,SHA256:47948ae79b2e703e4c0d89e3bb62f4d8bdc4def6bf8452f69506dc59141e4b96
7/17/2017 9:00:00 PM,,3.0,0.1,,,,880,2017-07-17T21:00:00.000000Z,MWC_ETP_MELBOURNE,final_effluent,DATASET_03_MELBOURNE_ETP_OUTLET,observed,SHA256:47948ae79b2e703e4c0d89e3bb62f4d8bdc4def6bf8452f69506dc59141e4b96
1/17/2017 8:00:00 PM,,2.0,0.1,,,,881,2017-01-17T20:00:00.000000Z,MWC_ETP_MELBOURNE,final_effluent,DATASET_03_MELBOURNE_ETP_OUTLET,observed,SHA256:47948ae79b2e703e4c0d89e3bb62f4d8bdc4def6bf8452f69506dc59141e4b96
5/22/2017 3:29:00 AM,30.0,,0.11,2.9,,,882,2017-05-22T03:29:00.000000Z,MWC_ETP_MELBOURNE,final_effluent,DATASET_03_MELBOURNE_ETP_OUTLET,observed,SHA256:47948ae79b2e703e4c0d89e3bb62f4d8bdc4def6bf8452f69506dc59141e4b96
11/21/2016 1:00:00 PM,15.0,,0.13,1.6,,,883,2016-11-21T13:00:00.000000Z,MWC_ETP_MELBOURNE,final_effluent,DATASET_03_MELBOURNE_ETP_OUTLET,observed,SHA256:47948ae79b2e703e4c0d89e3bb62f4d8bdc4def6bf8452f69506dc59141e4b96
7/18/2017 3:56:00 AM,35.0,,0.11,2.9,,,884,2017-07-18T03:56:00.000000Z,MWC_ETP_MELBOURNE,final_effluent,DATASET_03_MELBOURNE_ETP_OUTLET,observed,SHA256:47948ae79b2e703e4c0d89e3bb62f4d8bdc4def6bf8452f69506dc59141e4b96
1/18/2017 1:00:00 PM,20.0,,0.07,4.0,,,885,2017-01-18T13:00:00.000000Z,MWC_ETP_MELBOURNE,final_effluent,DATASET_03_MELBOURNE_ETP_OUTLET,observed,SHA256:47948ae79b2e703e4c0d89e3bb62f4d8bdc4def6bf8452f69506dc59141e4b96
5/22/2017 9:00:00 PM,,2.0,0.1,,,,886,2017-05-22T21:00:00.000000Z,MWC_ETP_MELBOURNE,final_effluent,DATASET_03_MELBOURNE_ETP_OUTLET,observed,SHA256:47948ae79b2e703e4c0d89e3bb62f4d8bdc4def6bf8452f69506dc59141e4b96
11/22/2016 1:00:00 PM,15.0,,0.08,1.9,,,887,2016-11-22T13:00:00.000000Z,MWC_ETP_MELBOURNE,final_effluent,DATASET_03_MELBOURNE_ETP_OUTLET,observed,SHA256:47948ae79b2e703e4c0d89e3bb62f4d8bdc4def6bf8452f69506dc59141e4b96
7/19/2017 2:37:00 AM,33.0,,0.14,2.7,,,888,2017-07-19T02:37:00.000000Z,MWC_ETP_MELBOURNE,final_effluent,DATASET_03_MELBOURNE_ETP_OUTLET,observed,SHA256:47948ae79b2e703e4c0d89e3bb62f4d8bdc4def6bf8452f69506dc59141e4b96
1/19/2017 1:00:00 PM,20.0,,0.08,3.1,,,889,2017-01-19T13:00:00.000000Z,MWC_ETP_MELBOURNE,final_effluent,DATASET_03_MELBOURNE_ETP_OUTLET,observed,SHA256:47948ae79b2e703e4c0d89e3bb62f4d8bdc4def6bf8452f69506dc59141e4b96
5/23/2017 2:33:00 AM,30.0,,0.09,3.2,,,890,2017-05-23T02:33:00.000000Z,MWC_ETP_MELBOURNE,final_effluent,DATASET_03_MELBOURNE_ETP_OUTLET,observed,SHA256:47948ae79b2e703e4c0d89e3bb62f4d8bdc4def6bf8452f69506dc59141e4b96
11/22/2016 8:00:00 PM,,2.0,0.1,,,,891,2016-11-22T20:00:00.000000Z,MWC_ETP_MELBOURNE,final_effluent,DATASET_03_MELBOURNE_ETP_OUTLET,observed,SHA256:47948ae79b2e703e4c0d89e3bb62f4d8bdc4def6bf8452f69506dc59141e4b96
7/20/2017 2:07:00 AM,35.0,,0.14,1.5,,,892,2017-07-20T02:07:00.000000Z,MWC_ETP_MELBOURNE,final_effluent,DATASET_03_MELBOURNE_ETP_OUTLET,observed,SHA256:47948ae79b2e703e4c0d89e3bb62f4d8bdc4def6bf8452f69506dc59141e4b96
1/22/2017 1:00:00 PM,20.0,,0.1,1.0,,,893,2017-01-22T13:00:00.000000Z,MWC_ETP_MELBOURNE,final_effluent,DATASET_03_MELBOURNE_ETP_OUTLET,observed,SHA256:47948ae79b2e703e4c0d89e3bb62f4d8bdc4def6bf8452f69506dc59141e4b96
5/24/2017 3:40:00 AM,35.0,,0.08,3.7,,,894,2017-05-24T03:40:00.000000Z,MWC_ETP_MELBOURNE,final_effluent,DATASET_03_MELBOURNE_ETP_OUTLET,observed,SHA256:47948ae79b2e703e4c0d89e3bb62f4d8bdc4def6bf8452f69506dc59141e4b96
11/23/2016 1:00:00 PM,20.0,,0.14,1.8,,,895,2016-11-23T13:00:00.000000Z,MWC_ETP_MELBOURNE,final_effluent,DATASET_03_MELBOURNE_ETP_OUTLET,observed,SHA256:47948ae79b2e703e4c0d89e3bb62f4d8bdc4def6bf8452f69506dc59141e4b96
7/21/2017 4:10:00 AM,29.0,,0.1,1.4,,,896,2017-07-21T04:10:00.000000Z,MWC_ETP_MELBOURNE,final_effluent,DATASET_03_MELBOURNE_ETP_OUTLET,observed,SHA256:47948ae79b2e703e4c0d89e3bb62f4d8bdc4def6bf8452f69506dc59141e4b96
1/23/2017 1:00:00 PM,15.0,,0.07,3.3,,,897,2017-01-23T13:00:00.000000Z,MWC_ETP_MELBOURNE,final_effluent,DATASET_03_MELBOURNE_ETP_OUTLET,observed,SHA256:47948ae79b2e703e4c0d89e3bb62f4d8bdc4def6bf8452f69506dc59141e4b96
5/25/2017 3:03:00 AM,30.0,,0.11,1.6,,,898,2017-05-25T03:03:00.000000Z,MWC_ETP_MELBOURNE,final_effluent,DATASET_03_MELBOURNE_ETP_OUTLET,observed,SHA256:47948ae79b2e703e4c0d89e3bb62f4d8bdc4def6bf8452f69506dc59141e4b96
11/24/2016 1:00:00 PM,17.0,,0.1,1.5,,,899,2016-11-24T13:00:00.000000Z,MWC_ETP_MELBOURNE,final_effluent,DATASET_03_MELBOURNE_ETP_OUTLET,observed,SHA256:47948ae79b2e703e4c0d89e3bb62f4d8bdc4def6bf8452f69506dc59141e4b96
7/24/2017 4:02:00 AM,35.0,,0.11,1.2,,,900,2017-07-24T04:02:00.000000Z,MWC_ETP_MELBOURNE,final_effluent,DATASET_03_MELBOURNE_ETP_OUTLET,observed,SHA256:47948ae79b2e703e4c0d89e3bb62f4d8bdc4def6bf8452f69506dc59141e4b96
1/23/2017 8:00:00 PM,,2.0,0.2,1.9,13.0,12.0,901,2017-01-23T20:00:00.000000Z,MWC_ETP_MELBOURNE,final_effluent,DATASET_03_MELBOURNE_ETP_OUTLET,observed,SHA256:47948ae79b2e703e4c0d89e3bb62f4d8bdc4def6bf8452f69506dc59141e4b96
1/24/2017 1:00:00 PM,25.0,,0.08,3.2,,,902,2017-01-24T13:00:00.000000Z,MWC_ETP_MELBOURNE,final_effluent,DATASET_03_MELBOURNE_ETP_OUTLET,observed,SHA256:47948ae79b2e703e4c0d89e3bb62f4d8bdc4def6bf8452f69506dc59141e4b96
1/26/2017 1:00:00 PM,25.0,,0.11,3.0,,,903,2017-01-26T13:00:00.000000Z,MWC_ETP_MELBOURNE,final_effluent,DATASET_03_MELBOURNE_ETP_OUTLET,observed,SHA256:47948ae79b2e703e4c0d89e3bb62f4d8bdc4def6bf8452f69506dc59141e4b96
1/29/2017 1:00:00 PM,20.0,,0.1,1.4,,,904,2017-01-29T13:00:00.000000Z,MWC_ETP_MELBOURNE,final_effluent,DATASET_03_MELBOURNE_ETP_OUTLET,observed,SHA256:47948ae79b2e703e4c0d89e3bb62f4d8bdc4def6bf8452f69506dc59141e4b96
1/30/2017 1:00:00 PM,23.0,,0.09,2.0,,,905,2017-01-30T13:00:00.000000Z,MWC_ETP_MELBOURNE,final_effluent,DATASET_03_MELBOURNE_ETP_OUTLET,observed,SHA256:47948ae79b2e703e4c0d89e3bb62f4d8bdc4def6bf8452f69506dc59141e4b96
1/31/2017 1:00:00 PM,20.0,,0.1,2.3,,,906,2017-01-31T13:00:00.000000Z,MWC_ETP_MELBOURNE,final_effluent,DATASET_03_MELBOURNE_ETP_OUTLET,observed,SHA256:47948ae79b2e703e4c0d89e3bb62f4d8bdc4def6bf8452f69506dc59141e4b96
1/31/2017 8:00:00 PM,,2.0,0.1,,,,907,2017-01-31T20:00:00.000000Z,MWC_ETP_MELBOURNE,final_effluent,DATASET_03_MELBOURNE_ETP_OUTLET,observed,SHA256:47948ae79b2e703e4c0d89e3bb62f4d8bdc4def6bf8452f69506dc59141e4b96
2/1/2017 1:00:00 PM,20.0,,0.1,5.0,,,908,2017-02-01T13:00:00.000000Z,MWC_ETP_MELBOURNE,final_effluent,DATASET_03_MELBOURNE_ETP_OUTLET,observed,SHA256:47948ae79b2e703e4c0d89e3bb62f4d8bdc4def6bf8452f69506dc59141e4b96
2/2/2017 1:00:00 PM,25.0,,0.12,4.0,,,909,2017-02-02T13:00:00.000000Z,MWC_ETP_MELBOURNE,final_effluent,DATASET_03_MELBOURNE_ETP_OUTLET,observed,SHA256:47948ae79b2e703e4c0d89e3bb62f4d8bdc4def6bf8452f69506dc59141e4b96
2/5/2017 1:00:00 PM,20.0,,0.08,7.0,,,910,2017-02-05T13:00:00.000000Z,MWC_ETP_MELBOURNE,final_effluent,DATASET_03_MELBOURNE_ETP_OUTLET,observed,SHA256:47948ae79b2e703e4c0d89e3bb62f4d8bdc4def6bf8452f69506dc59141e4b96
2/6/2017 1:00:00 PM,15.0,,0.11,3.3,,,911,2017-02-06T13:00:00.000000Z,MWC_ETP_MELBOURNE,final_effluent,DATASET_03_MELBOURNE_ETP_OUTLET,observed,SHA256:47948ae79b2e703e4c0d89e3bb62f4d8bdc4def6bf8452f69506dc59141e4b96
2/6/2017 8:00:00 PM,,2.0,0.1,2.4,13.0,10.0,912,2017-02-06T20:00:00.000000Z,MWC_ETP_MELBOURNE,final_effluent,DATASET_03_MELBOURNE_ETP_OUTLET,observed,SHA256:47948ae79b2e703e4c0d89e3bb62f4d8bdc4def6bf8452f69506dc59141e4b96
2/7/2017 1:00:00 PM,22.0,,0.11,2.2,,,913,2017-02-07T13:00:00.000000Z,MWC_ETP_MELBOURNE,final_effluent,DATASET_03_MELBOURNE_ETP_OUTLET,observed,SHA256:47948ae79b2e703e4c0d89e3bb62f4d8bdc4def6bf8452f69506dc59141e4b96
2/8/2017 1:00:00 PM,18.0,,0.11,3.0,,,914,2017-02-08T13:00:00.000000Z,MWC_ETP_MELBOURNE,final_effluent,DATASET_03_MELBOURNE_ETP_OUTLET,observed,SHA256:47948ae79b2e703e4c0d89e3bb62f4d8bdc4def6bf8452f69506dc59141e4b96
2/9/2017 1:00:00 PM,30.0,,0.1,1.9,,,915,2017-02-09T13:00:00.000000Z,MWC_ETP_MELBOURNE,final_effluent,DATASET_03_MELBOURNE_ETP_OUTLET,observed,SHA256:47948ae79b2e703e4c0d89e3bb62f4d8bdc4def6bf8452f69506dc59141e4b96
2/12/2017 1:00:00 PM,25.0,,0.11,5.0,,,916,2017-02-12T13:00:00.000000Z,MWC_ETP_MELBOURNE,final_effluent,DATASET_03_MELBOURNE_ETP_OUTLET,observed,SHA256:47948ae79b2e703e4c0d89e3bb62f4d8bdc4def6bf8452f69506dc59141e4b96
2/12/2017 8:00:00 PM,,2.0,0.1,,,,917,2017-02-12T20:00:00.000000Z,MWC_ETP_MELBOURNE,final_effluent,DATASET_03_MELBOURNE_ETP_OUTLET,observed,SHA256:47948ae79b2e703e4c0d89e3bb62f4d8bdc4def6bf8452f69506dc59141e4b96
2/13/2017 1:00:00 PM,20.0,,316.0,2.2,,,918,2017-02-13T13:00:00.000000Z,MWC_ETP_MELBOURNE,final_effluent,DATASET_03_MELBOURNE_ETP_OUTLET,observed,SHA256:47948ae79b2e703e4c0d89e3bb62f4d8bdc4def6bf8452f69506dc59141e4b96
2/14/2017 1:00:00 PM,20.0,,0.09,2.2,,,919,2017-02-14T13:00:00.000000Z,MWC_ETP_MELBOURNE,final_effluent,DATASET_03_MELBOURNE_ETP_OUTLET,observed,SHA256:47948ae79b2e703e4c0d89e3bb62f4d8bdc4def6bf8452f69506dc59141e4b96
2/15/2017 1:00:00 PM,25.0,,0.07,4.0,,,920,2017-02-15T13:00:00.000000Z,MWC_ETP_MELBOURNE,final_effluent,DATASET_03_MELBOURNE_ETP_OUTLET,observed,SHA256:47948ae79b2e703e4c0d89e3bb62f4d8bdc4def6bf8452f69506dc59141e4b96
2/16/2017 1:00:00 PM,20.0,,0.05,1.9,,,921,2017-02-16T13:00:00.000000Z,MWC_ETP_MELBOURNE,final_effluent,DATASET_03_MELBOURNE_ETP_OUTLET,observed,SHA256:47948ae79b2e703e4c0d89e3bb62f4d8bdc4def6bf8452f69506dc59141e4b96
2/19/2017 1:00:00 PM,23.0,,0.1,2.3,,,922,2017-02-19T13:00:00.000000Z,MWC_ETP_MELBOURNE,final_effluent,DATASET_03_MELBOURNE_ETP_OUTLET,observed,SHA256:47948ae79b2e703e4c0d89e3bb62f4d8bdc4def6bf8452f69506dc59141e4b96
2/20/2017 1:00:00 PM,28.0,,0.1,2.4,,,923,2017-02-20T13:00:00.000000Z,MWC_ETP_MELBOURNE,final_effluent,DATASET_03_MELBOURNE_ETP_OUTLET,observed,SHA256:47948ae79b2e703e4c0d89e3bb62f4d8bdc4def6bf8452f69506dc59141e4b96
2/21/2017 1:00:00 PM,25.0,,0.1,2.2,,,924,2017-02-21T13:00:00.000000Z,MWC_ETP_MELBOURNE,final_effluent,DATASET_03_MELBOURNE_ETP_OUTLET,observed,SHA256:47948ae79b2e703e4c0d89e3bb62f4d8bdc4def6bf8452f69506dc59141e4b96
2/22/2017 8:00:00 PM,,3.0,0.1,2.0,11.0,9.0,925,2017-02-22T20:00:00.000000Z,MWC_ETP_MELBOURNE,final_effluent,DATASET_03_MELBOURNE_ETP_OUTLET,observed,SHA256:47948ae79b2e703e4c0d89e3bb62f4d8bdc4def6bf8452f69506dc59141e4b96
2/23/2017 3:32:00 AM,26.0,,0.08,2.4,,,926,2017-02-23T03:32:00.000000Z,MWC_ETP_MELBOURNE,final_effluent,DATASET_03_MELBOURNE_ETP_OUTLET,observed,SHA256:47948ae79b2e703e4c0d89e3bb62f4d8bdc4def6bf8452f69506dc59141e4b96
2/24/2017 2:22:00 AM,25.0,,0.06,2.2,,,927,2017-02-24T02:22:00.000000Z,MWC_ETP_MELBOURNE,final_effluent,DATASET_03_MELBOURNE_ETP_OUTLET,observed,SHA256:47948ae79b2e703e4c0d89e3bb62f4d8bdc4def6bf8452f69506dc59141e4b96
2/27/2017 2:10:00 AM,25.0,,0.11,3.8,,,928,2017-02-27T02:10:00.000000Z,MWC_ETP_MELBOURNE,final_effluent,DATASET_03_MELBOURNE_ETP_OUTLET,observed,SHA256:47948ae79b2e703e4c0d89e3bb62f4d8bdc4def6bf8452f69506dc59141e4b96
2/28/2017 2:30:00 AM,25.0,,0.1,2.5,,,929,2017-02-28T02:30:00.000000Z,MWC_ETP_MELBOURNE,final_effluent,DATASET_03_MELBOURNE_ETP_OUTLET,observed,SHA256:47948ae79b2e703e4c0d89e3bb62f4d8bdc4def6bf8452f69506dc59141e4b96
3/1/2017 2:50:00 AM,24.0,,0.1,2.4,,,930,2017-03-01T02:50:00.000000Z,MWC_ETP_MELBOURNE,final_effluent,DATASET_03_MELBOURNE_ETP_OUTLET,observed,SHA256:47948ae79b2e703e4c0d89e3bb62f4d8bdc4def6bf8452f69506dc59141e4b96
3/1/2017 8:00:00 PM,,2.0,0.1,,,,931,2017-03-01T20:00:00.000000Z,MWC_ETP_MELBOURNE,final_effluent,DATASET_03_MELBOURNE_ETP_OUTLET,observed,SHA256:47948ae79b2e703e4c0d89e3bb62f4d8bdc4def6bf8452f69506dc59141e4b96
3/2/2017 1:55:00 AM,21.0,,0.1,2.5,,,932,2017-03-02T01:55:00.000000Z,MWC_ETP_MELBOURNE,final_effluent,DATASET_03_MELBOURNE_ETP_OUTLET,observed,SHA256:47948ae79b2e703e4c0d89e3bb62f4d8bdc4def6bf8452f69506dc59141e4b96
3/3/2017 3:19:00 AM,24.0,,0.1,4.0,,,933,2017-03-03T03:19:00.000000Z,MWC_ETP_MELBOURNE,final_effluent,DATASET_03_MELBOURNE_ETP_OUTLET,observed,SHA256:47948ae79b2e703e4c0d89e3bb62f4d8bdc4def6bf8452f69506dc59141e4b96
3/6/2017 2:43:00 AM,24.0,,0.2,2.0,,,934,2017-03-06T02:43:00.000000Z,MWC_ETP_MELBOURNE,final_effluent,DATASET_03_MELBOURNE_ETP_OUTLET,observed,SHA256:47948ae79b2e703e4c0d89e3bb62f4d8bdc4def6bf8452f69506dc59141e4b96
3/7/2017 1:55:00 AM,29.0,,0.09,2.0,,,935,2017-03-07T01:55:00.000000Z,MWC_ETP_MELBOURNE,final_effluent,DATASET_03_MELBOURNE_ETP_OUTLET,observed,SHA256:47948ae79b2e703e4c0d89e3bb62f4d8bdc4def6bf8452f69506dc59141e4b96
3/8/2017 2:13:00 AM,30.0,,0.09,2.0,,,936,2017-03-08T02:13:00.000000Z,MWC_ETP_MELBOURNE,final_effluent,DATASET_03_MELBOURNE_ETP_OUTLET,observed,SHA256:47948ae79b2e703e4c0d89e3bb62f4d8bdc4def6bf8452f69506dc59141e4b96
3/9/2017 3:27:00 AM,26.0,,0.09,1.8,,,937,2017-03-09T03:27:00.000000Z,MWC_ETP_MELBOURNE,final_effluent,DATASET_03_MELBOURNE_ETP_OUTLET,observed,SHA256:47948ae79b2e703e4c0d89e3bb62f4d8bdc4def6bf8452f69506dc59141e4b96
3/9/2017 8:00:00 PM,,2.0,0.1,1.7,13.0,11.0,938,2017-03-09T20:00:00.000000Z,MWC_ETP_MELBOURNE,final_effluent,DATASET_03_MELBOURNE_ETP_OUTLET,observed,SHA256:47948ae79b2e703e4c0d89e3bb62f4d8bdc4def6bf8452f69506dc59141e4b96
9/5/2017 2:14:00 AM,35.0,,0.04,1.5,,,939,2017-09-05T02:14:00.000000Z,MWC_ETP_MELBOURNE,final_effluent,DATASET_03_MELBOURNE_ETP_OUTLET,observed,SHA256:47948ae79b2e703e4c0d89e3bb62f4d8bdc4def6bf8452f69506dc59141e4b96
11/27/2016 1:00:00 PM,19.0,,0.08,1.6,,,940,2016-11-27T13:00:00.000000Z,MWC_ETP_MELBOURNE,final_effluent,DATASET_03_MELBOURNE_ETP_OUTLET,observed,SHA256:47948ae79b2e703e4c0d89e3bb62f4d8bdc4def6bf8452f69506dc59141e4b96
11/28/2016 1:00:00 PM,16.0,,0.08,1.3,,,941,2016-11-28T13:00:00.000000Z,MWC_ETP_MELBOURNE,final_effluent,DATASET_03_MELBOURNE_ETP_OUTLET,observed,SHA256:47948ae79b2e703e4c0d89e3bb62f4d8bdc4def6bf8452f69506dc59141e4b96
11/28/2016 8:00:00 PM,,3.0,0.1,1.6,18.0,17.0,942,2016-11-28T20:00:00.000000Z,MWC_ETP_MELBOURNE,final_effluent,DATASET_03_MELBOURNE_ETP_OUTLET,observed,SHA256:47948ae79b2e703e4c0d89e3bb62f4d8bdc4def6bf8452f69506dc59141e4b96
11/29/2016 1:00:00 PM,15.0,,0.11,1.4,,,943,2016-11-29T13:00:00.000000Z,MWC_ETP_MELBOURNE,final_effluent,DATASET_03_MELBOURNE_ETP_OUTLET,observed,SHA256:47948ae79b2e703e4c0d89e3bb62f4d8bdc4def6bf8452f69506dc59141e4b96
11/30/2016 1:00:00 PM,25.0,,0.12,1.5,,,944,2016-11-30T13:00:00.000000Z,MWC_ETP_MELBOURNE,final_effluent,DATASET_03_MELBOURNE_ETP_OUTLET,observed,SHA256:47948ae79b2e703e4c0d89e3bb62f4d8bdc4def6bf8452f69506dc59141e4b96
12/1/2016 1:00:00 PM,20.0,,0.09,1.3,,,945,2016-12-01T13:00:00.000000Z,MWC_ETP_MELBOURNE,final_effluent,DATASET_03_MELBOURNE_ETP_OUTLET,observed,SHA256:47948ae79b2e703e4c0d89e3bb62f4d8bdc4def6bf8452f69506dc59141e4b96
12/4/2016 1:00:00 PM,31.0,,0.13,1.8,,,946,2016-12-04T13:00:00.000000Z,MWC_ETP_MELBOURNE,final_effluent,DATASET_03_MELBOURNE_ETP_OUTLET,observed,SHA256:47948ae79b2e703e4c0d89e3bb62f4d8bdc4def6bf8452f69506dc59141e4b96
12/4/2016 8:00:00 PM,,3.0,0.1,,,,947,2016-12-04T20:00:00.000000Z,MWC_ETP_MELBOURNE,final_effluent,DATASET_03_MELBOURNE_ETP_OUTLET,observed,SHA256:47948ae79b2e703e4c0d89e3bb62f4d8bdc4def6bf8452f69506dc59141e4b96
12/5/2016 1:00:00 PM,25.0,,0.13,1.8,,,948,2016-12-05T13:00:00.000000Z,MWC_ETP_MELBOURNE,final_effluent,DATASET_03_MELBOURNE_ETP_OUTLET,observed,SHA256:47948ae79b2e703e4c0d89e3bb62f4d8bdc4def6bf8452f69506dc59141e4b96
12/6/2016 1:00:00 PM,21.0,,0.14,1.5,,,949,2016-12-06T13:00:00.000000Z,MWC_ETP_MELBOURNE,final_effluent,DATASET_03_MELBOURNE_ETP_OUTLET,observed,SHA256:47948ae79b2e703e4c0d89e3bb62f4d8bdc4def6bf8452f69506dc59141e4b96
12/7/2016 1:00:00 PM,20.0,,0.12,1.7,,,950,2016-12-07T13:00:00.000000Z,MWC_ETP_MELBOURNE,final_effluent,DATASET_03_MELBOURNE_ETP_OUTLET,observed,SHA256:47948ae79b2e703e4c0d89e3bb62f4d8bdc4def6bf8452f69506dc59141e4b96
12/8/2016 1:00:00 PM,26.0,,0.13,1.7,,,951,2016-12-08T13:00:00.000000Z,MWC_ETP_MELBOURNE,final_effluent,DATASET_03_MELBOURNE_ETP_OUTLET,observed,SHA256:47948ae79b2e703e4c0d89e3bb62f4d8bdc4def6bf8452f69506dc59141e4b96
12/11/2016 1:00:00 PM,19.0,,0.08,1.7,,,952,2016-12-11T13:00:00.000000Z,MWC_ETP_MELBOURNE,final_effluent,DATASET_03_MELBOURNE_ETP_OUTLET,observed,SHA256:47948ae79b2e703e4c0d89e3bb62f4d8bdc4def6bf8452f69506dc59141e4b96
12/12/2016 1:00:00 PM,26.0,,0.08,2.0,,,953,2016-12-12T13:00:00.000000Z,MWC_ETP_MELBOURNE,final_effluent,DATASET_03_MELBOURNE_ETP_OUTLET,observed,SHA256:47948ae79b2e703e4c0d89e3bb62f4d8bdc4def6bf8452f69506dc59141e4b96
12/12/2016 8:00:00 PM,,2.0,0.1,1.5,19.0,17.0,954,2016-12-12T20:00:00.000000Z,MWC_ETP_MELBOURNE,final_effluent,DATASET_03_MELBOURNE_ETP_OUTLET,observed,SHA256:47948ae79b2e703e4c0d89e3bb62f4d8bdc4def6bf8452f69506dc59141e4b96
12/13/2016 1:00:00 PM,29.0,,0.1,1.0,,,955,2016-12-13T13:00:00.000000Z,MWC_ETP_MELBOURNE,final_effluent,DATASET_03_MELBOURNE_ETP_OUTLET,observed,SHA256:47948ae79b2e703e4c0d89e3bb62f4d8bdc4def6bf8452f69506dc59141e4b96
12/14/2016 1:00:00 PM,30.0,,0.08,1.4,,,956,2016-12-14T13:00:00.000000Z,MWC_ETP_MELBOURNE,final_effluent,DATASET_03_MELBOURNE_ETP_OUTLET,observed,SHA256:47948ae79b2e703e4c0d89e3bb62f4d8bdc4def6bf8452f69506dc59141e4b96
12/15/2016 1:00:00 PM,35.0,,0.08,2.0,,,957,2016-12-15T13:00:00.000000Z,MWC_ETP_MELBOURNE,final_effluent,DATASET_03_MELBOURNE_ETP_OUTLET,observed,SHA256:47948ae79b2e703e4c0d89e3bb62f4d8bdc4def6bf8452f69506dc59141e4b96
12/18/2016 1:00:00 PM,20.0,,0.11,1.5,,,958,2016-12-18T13:00:00.000000Z,MWC_ETP_MELBOURNE,final_effluent,DATASET_03_MELBOURNE_ETP_OUTLET,observed,SHA256:47948ae79b2e703e4c0d89e3bb62f4d8bdc4def6bf8452f69506dc59141e4b96
12/19/2016 1:00:00 PM,30.0,,0.09,1.8,,,959,2016-12-19T13:00:00.000000Z,MWC_ETP_MELBOURNE,final_effluent,DATASET_03_MELBOURNE_ETP_OUTLET,observed,SHA256:47948ae79b2e703e4c0d89e3bb62f4d8bdc4def6bf8452f69506dc59141e4b96
12/20/2016 1:00:00 PM,24.0,,0.06,1.2,,,960,2016-12-20T13:00:00.000000Z,MWC_ETP_MELBOURNE,final_effluent,DATASET_03_MELBOURNE_ETP_OUTLET,observed,SHA256:47948ae79b2e703e4c0d89e3bb62f4d8bdc4def6bf8452f69506dc59141e4b96
12/20/2016 8:00:00 PM,,2.0,0.2,,,,961,2016-12-20T20:00:00.000000Z,MWC_ETP_MELBOURNE,final_effluent,DATASET_03_MELBOURNE_ETP_OUTLET,observed,SHA256:47948ae79b2e703e4c0d89e3bb62f4d8bdc4def6bf8452f69506dc59141e4b96
12/21/2016 1:00:00 PM,28.0,,0.09,1.4,,,962,2016-12-21T13:00:00.000000Z,MWC_ETP_MELBOURNE,final_effluent,DATASET_03_MELBOURNE_ETP_OUTLET,observed,SHA256:47948ae79b2e703e4c0d89e3bb62f4d8bdc4def6bf8452f69506dc59141e4b96
12/22/2016 1:00:00 PM,25.0,,0.08,1.9,,,963,2016-12-22T13:00:00.000000Z,MWC_ETP_MELBOURNE,final_effluent,DATASET_03_MELBOURNE_ETP_OUTLET,observed,SHA256:47948ae79b2e703e4c0d89e3bb62f4d8bdc4def6bf8452f69506dc59141e4b96
12/23/2016 1:00:00 PM,23.0,,0.18,2.0,,,964,2016-12-23T13:00:00.000000Z,MWC_ETP_MELBOURNE,final_effluent,DATASET_03_MELBOURNE_ETP_OUTLET,observed,SHA256:47948ae79b2e703e4c0d89e3bb62f4d8bdc4def6bf8452f69506dc59141e4b96
9/5/2017 9:00:00 PM,,2.0,0.1,2.5,19.0,16.0,965,2017-09-05T21:00:00.000000Z,MWC_ETP_MELBOURNE,final_effluent,DATASET_03_MELBOURNE_ETP_OUTLET,observed,SHA256:47948ae79b2e703e4c0d89e3bb62f4d8bdc4def6bf8452f69506dc59141e4b96
12/26/2016 1:00:00 PM,26.0,,0.24,1.6,,,966,2016-12-26T13:00:00.000000Z,MWC_ETP_MELBOURNE,final_effluent,DATASET_03_MELBOURNE_ETP_OUTLET,observed,SHA256:47948ae79b2e703e4c0d89e3bb62f4d8bdc4def6bf8452f69506dc59141e4b96
5/26/2017 2:58:00 AM,35.0,,0.09,3.3,,,967,2017-05-26T02:58:00.000000Z,MWC_ETP_MELBOURNE,final_effluent,DATASET_03_MELBOURNE_ETP_OUTLET,observed,SHA256:47948ae79b2e703e4c0d89e3bb62f4d8bdc4def6bf8452f69506dc59141e4b96
9/6/2017 2:51:00 AM,40.0,,0.12,2.8,,,968,2017-09-06T02:51:00.000000Z,MWC_ETP_MELBOURNE,final_effluent,DATASET_03_MELBOURNE_ETP_OUTLET,observed,SHA256:47948ae79b2e703e4c0d89e3bb62f4d8bdc4def6bf8452f69506dc59141e4b96
7/25/2017 2:11:00 AM,30.0,,0.09,1.4,,,969,2017-07-25T02:11:00.000000Z,MWC_ETP_MELBOURNE,final_effluent,DATASET_03_MELBOURNE_ETP_OUTLET,observed,SHA256:47948ae79b2e703e4c0d89e3bb62f4d8bdc4def6bf8452f69506dc59141e4b96
12/27/2016 1:00:00 PM,20.0,,0.13,1.9,,,970,2016-12-27T13:00:00.000000Z,MWC_ETP_MELBOURNE,final_effluent,DATASET_03_MELBOURNE_ETP_OUTLET,observed,SHA256:47948ae79b2e703e4c0d89e3bb62f4d8bdc4def6bf8452f69506dc59141e4b96
5/28/2017 9:00:00 PM,,2.0,0.1,1.4,15.0,14.0,971,2017-05-28T21:00:00.000000Z,MWC_ETP_MELBOURNE,final_effluent,DATASET_03_MELBOURNE_ETP_OUTLET,observed,SHA256:47948ae79b2e703e4c0d89e3bb62f4d8bdc4def6bf8452f69506dc59141e4b96
9/7/2017 2:00:00 AM,35.0,,0.08,1.7,,,972,2017-09-07T02:00:00.000000Z,MWC_ETP_MELBOURNE,final_effluent,DATASET_03_MELBOURNE_ETP_OUTLET,observed,SHA256:47948ae79b2e703e4c0d89e3bb62f4d8bdc4def6bf8452f69506dc59141e4b96
7/25/2017 9:00:00 PM,,2.0,0.1,1.2,15.0,14.0,973,2017-07-25T21:00:00.000000Z,MWC_ETP_MELBOURNE,final_effluent,DATASET_03_MELBOURNE_ETP_OUTLET,observed,SHA256:47948ae79b2e703e4c0d89e3bb62f4d8bdc4def6bf8452f69506dc59141e4b96
12/28/2016 1:00:00 PM,30.0,,0.1,2.7,,,974,2016-12-28T13:00:00.000000Z,MWC_ETP_MELBOURNE,final_effluent,DATASET_03_MELBOURNE_ETP_OUTLET,observed,SHA256:47948ae79b2e703e4c0d89e3bb62f4d8bdc4def6bf8452f69506dc59141e4b96
5/29/2017 3:32:00 AM,30.0,,0.08,2.4,,,975,2017-05-29T03:32:00.000000Z,MWC_ETP_MELBOURNE,final_effluent,DATASET_03_MELBOURNE_ETP_OUTLET,observed,SHA256:47948ae79b2e703e4c0d89e3bb62f4d8bdc4def6bf8452f69506dc59141e4b96
9/8/2017 2:00:00 AM,35.0,,0.07,1.7,,,976,2017-09-08T02:00:00.000000Z,MWC_ETP_MELBOURNE,final_effluent,DATASET_03_MELBOURNE_ETP_OUTLET,observed,SHA256:47948ae79b2e703e4c0d89e3bb62f4d8bdc4def6bf8452f69506dc59141e4b96
7/26/2017 1:55:00 AM,35.0,,0.12,1.7,,,977,2017-07-26T01:55:00.000000Z,MWC_ETP_MELBOURNE,final_effluent,DATASET_03_MELBOURNE_ETP_OUTLET,observed,SHA256:47948ae79b2e703e4c0d89e3bb62f4d8bdc4def6bf8452f69506dc59141e4b96
12/28/2016 8:00:00 PM,,4.0,0.1,1.7,25.0,23.0,978,2016-12-28T20:00:00.000000Z,MWC_ETP_MELBOURNE,final_effluent,DATASET_03_MELBOURNE_ETP_OUTLET,observed,SHA256:47948ae79b2e703e4c0d89e3bb62f4d8bdc4def6bf8452f69506dc59141e4b96
5/30/2017 3:26:00 AM,30.0,,0.09,1.6,,,979,2017-05-30T03:26:00.000000Z,MWC_ETP_MELBOURNE,final_effluent,DATASET_03_MELBOURNE_ETP_OUTLET,observed,SHA256:47948ae79b2e703e4c0d89e3bb62f4d8bdc4def6bf8452f69506dc59141e4b96
9/11/2017 2:42:00 AM,35.0,,0.1,3.0,,,980,2017-09-11T02:42:00.000000Z,MWC_ETP_MELBOURNE,final_effluent,DATASET_03_MELBOURNE_ETP_OUTLET,observed,SHA256:47948ae79b2e703e4c0d89e3bb62f4d8bdc4def6bf8452f69506dc59141e4b96
7/27/2017 2:19:00 AM,25.0,,0.13,1.0,,,981,2017-07-27T02:19:00.000000Z,MWC_ETP_MELBOURNE,final_effluent,DATASET_03_MELBOURNE_ETP_OUTLET,observed,SHA256:47948ae79b2e703e4c0d89e3bb62f4d8bdc4def6bf8452f69506dc59141e4b96
12/29/2016 1:00:00 PM,20.0,,0.1,1.7,,,982,2016-12-29T13:00:00.000000Z,MWC_ETP_MELBOURNE,final_effluent,DATASET_03_MELBOURNE_ETP_OUTLET,observed,SHA256:47948ae79b2e703e4c0d89e3bb62f4d8bdc4def6bf8452f69506dc59141e4b96
5/31/2017 3:19:00 AM,35.0,,0.08,1.9,,,983,2017-05-31T03:19:00.000000Z,MWC_ETP_MELBOURNE,final_effluent,DATASET_03_MELBOURNE_ETP_OUTLET,observed,SHA256:47948ae79b2e703e4c0d89e3bb62f4d8bdc4def6bf8452f69506dc59141e4b96
9/12/2017 2:32:00 AM,35.0,,0.08,2.9,,,984,2017-09-12T02:32:00.000000Z,MWC_ETP_MELBOURNE,final_effluent,DATASET_03_MELBOURNE_ETP_OUTLET,observed,SHA256:47948ae79b2e703e4c0d89e3bb62f4d8bdc4def6bf8452f69506dc59141e4b96
7/28/2017 1:58:00 AM,25.0,,0.1,1.3,,,985,2017-07-28T01:58:00.000000Z,MWC_ETP_MELBOURNE,final_effluent,DATASET_03_MELBOURNE_ETP_OUTLET,observed,SHA256:47948ae79b2e703e4c0d89e3bb62f4d8bdc4def6bf8452f69506dc59141e4b96
12/30/2016 1:00:00 PM,20.0,,0.11,2.0,,,986,2016-12-30T13:00:00.000000Z,MWC_ETP_MELBOURNE,final_effluent,DATASET_03_MELBOURNE_ETP_OUTLET,observed,SHA256:47948ae79b2e703e4c0d89e3bb62f4d8bdc4def6bf8452f69506dc59141e4b96
6/2/2017 2:21:00 AM,35.0,,0.09,1.6,,,987,2017-06-02T02:21:00.000000Z,MWC_ETP_MELBOURNE,final_effluent,DATASET_03_MELBOURNE_ETP_OUTLET,observed,SHA256:47948ae79b2e703e4c0d89e3bb62f4d8bdc4def6bf8452f69506dc59141e4b96
9/13/2017 3:31:00 AM,30.0,,0.06,1.6,,,988,2017-09-13T03:31:00.000000Z,MWC_ETP_MELBOURNE,final_effluent,DATASET_03_MELBOURNE_ETP_OUTLET,observed,SHA256:47948ae79b2e703e4c0d89e3bb62f4d8bdc4def6bf8452f69506dc59141e4b96
7/31/2017 3:58:00 AM,30.0,,0.3,2.2,,,989,2017-07-31T03:58:00.000000Z,MWC_ETP_MELBOURNE,final_effluent,DATASET_03_MELBOURNE_ETP_OUTLET,observed,SHA256:47948ae79b2e703e4c0d89e3bb62f4d8bdc4def6bf8452f69506dc59141e4b96
1/2/2017 1:00:00 PM,18.0,,0.15,2.7,,,990,2017-01-02T13:00:00.000000Z,MWC_ETP_MELBOURNE,final_effluent,DATASET_03_MELBOURNE_ETP_OUTLET,observed,SHA256:47948ae79b2e703e4c0d89e3bb62f4d8bdc4def6bf8452f69506dc59141e4b96
6/5/2017 4:00:00 AM,35.0,,0.06,1.9,,,991,2017-06-05T04:00:00.000000Z,MWC_ETP_MELBOURNE,final_effluent,DATASET_03_MELBOURNE_ETP_OUTLET,observed,SHA256:47948ae79b2e703e4c0d89e3bb62f4d8bdc4def6bf8452f69506dc59141e4b96
6/5/2017 9:00:00 PM,,2.0,0.1,,,,992,2017-06-05T21:00:00.000000Z,MWC_ETP_MELBOURNE,final_effluent,DATASET_03_MELBOURNE_ETP_OUTLET,observed,SHA256:47948ae79b2e703e4c0d89e3bb62f4d8bdc4def6bf8452f69506dc59141e4b96
6/6/2017 3:15:00 AM,50.0,,0.07,1.6,,,993,2017-06-06T03:15:00.000000Z,MWC_ETP_MELBOURNE,final_effluent,DATASET_03_MELBOURNE_ETP_OUTLET,observed,SHA256:47948ae79b2e703e4c0d89e3bb62f4d8bdc4def6bf8452f69506dc59141e4b96
6/7/2017 3:15:00 AM,35.0,,0.1,1.2,,,994,2017-06-07T03:15:00.000000Z,MWC_ETP_MELBOURNE,final_effluent,DATASET_03_MELBOURNE_ETP_OUTLET,observed,SHA256:47948ae79b2e703e4c0d89e3bb62f4d8bdc4def6bf8452f69506dc59141e4b96
6/8/2017 3:53:00 AM,33.0,,0.08,2.4,,,995,2017-06-08T03:53:00.000000Z,MWC_ETP_MELBOURNE,final_effluent,DATASET_03_MELBOURNE_ETP_OUTLET,observed,SHA256:47948ae79b2e703e4c0d89e3bb62f4d8bdc4def6bf8452f69506dc59141e4b96
6/9/2017 3:25:00 AM,35.0,,0.08,1.3,,,996,2017-06-09T03:25:00.000000Z,MWC_ETP_MELBOURNE,final_effluent,DATASET_03_MELBOURNE_ETP_OUTLET,observed,SHA256:47948ae79b2e703e4c0d89e3bb62f4d8bdc4def6bf8452f69506dc59141e4b96
6/10/2017 2:07:00 AM,35.0,,0.08,1.6,,,997,2017-06-10T02:07:00.000000Z,MWC_ETP_MELBOURNE,final_effluent,DATASET_03_MELBOURNE_ETP_OUTLET,observed,SHA256:47948ae79b2e703e4c0d89e3bb62f4d8bdc4def6bf8452f69506dc59141e4b96
6/13/2017 3:21:00 AM,36.0,,0.12,3.2,,,998,2017-06-13T03:21:00.000000Z,MWC_ETP_MELBOURNE,final_effluent,DATASET_03_MELBOURNE_ETP_OUTLET,observed,SHA256:47948ae79b2e703e4c0d89e3bb62f4d8bdc4def6bf8452f69506dc59141e4b96
6/14/2017 3:26:00 AM,30.0,,0.07,2.1,,,999,2017-06-14T03:26:00.000000Z,MWC_ETP_MELBOURNE,final_effluent,DATASET_03_MELBOURNE_ETP_OUTLET,observed,SHA256:47948ae79b2e703e4c0d89e3bb62f4d8bdc4def6bf8452f69506dc59141e4b96
6/14/2017 3:38:00 AM,30.0,,0.07,2.1,,,1000,2017-06-14T03:38:00.000000Z,MWC_ETP_MELBOURNE,final_effluent,DATASET_03_MELBOURNE_ETP_OUTLET,observed,SHA256:47948ae79b2e703e4c0d89e3bb62f4d8bdc4def6bf8452f69506dc59141e4b96
6/15/2017 5:43:00 AM,40.0,,0.1,1.6,,,1001,2017-06-15T05:43:00.000000Z,MWC_ETP_MELBOURNE,final_effluent,DATASET_03_MELBOURNE_ETP_OUTLET,observed,SHA256:47948ae79b2e703e4c0d89e3bb62f4d8bdc4def6bf8452f69506dc59141e4b96
6/15/2017 9:00:00 PM,,2.0,0.1,2.0,12.0,10.0,1002,2017-06-15T21:00:00.000000Z,MWC_ETP_MELBOURNE,final_effluent,DATASET_03_MELBOURNE_ETP_OUTLET,observed,SHA256:47948ae79b2e703e4c0d89e3bb62f4d8bdc4def6bf8452f69506dc59141e4b96
6/16/2017 3:18:00 AM,35.0,,0.1,3.2,,,1003,2017-06-16T03:18:00.000000Z,MWC_ETP_MELBOURNE,final_effluent,DATASET_03_MELBOURNE_ETP_OUTLET,observed,SHA256:47948ae79b2e703e4c0d89e3bb62f4d8bdc4def6bf8452f69506dc59141e4b96
6/19/2017 2:08:00 AM,40.0,,0.12,2.2,,,1004,2017-06-19T02:08:00.000000Z,MWC_ETP_MELBOURNE,final_effluent,DATASET_03_MELBOURNE_ETP_OUTLET,observed,SHA256:47948ae79b2e703e4c0d89e3bb62f4d8bdc4def6bf8452f69506dc59141e4b96
6/20/2017 3:21:00 AM,30.0,,0.11,4.0,,,1005,2017-06-20T03:21:00.000000Z,MWC_ETP_MELBOURNE,final_effluent,DATASET_03_MELBOURNE_ETP_OUTLET,observed,SHA256:47948ae79b2e703e4c0d89e3bb62f4d8bdc4def6bf8452f69506dc59141e4b96
6/21/2017 2:53:00 AM,30.0,,0.1,2.2,,,1006,2017-06-21T02:53:00.000000Z,MWC_ETP_MELBOURNE,final_effluent,DATASET_03_MELBOURNE_ETP_OUTLET,observed,SHA256:47948ae79b2e703e4c0d89e3bb62f4d8bdc4def6bf8452f69506dc59141e4b96
6/21/2017 9:00:00 PM,,2.0,0.1,,,,1007,2017-06-21T21:00:00.000000Z,MWC_ETP_MELBOURNE,final_effluent,DATASET_03_MELBOURNE_ETP_OUTLET,observed,SHA256:47948ae79b2e703e4c0d89e3bb62f4d8bdc4def6bf8452f69506dc59141e4b96
6/22/2017 2:17:00 AM,40.0,,0.1,2.2,,,1008,2017-06-22T02:17:00.000000Z,MWC_ETP_MELBOURNE,final_effluent,DATASET_03_MELBOURNE_ETP_OUTLET,observed,SHA256:47948ae79b2e703e4c0d89e3bb62f4d8bdc4def6bf8452f69506dc59141e4b96
6/23/2017 1:36:00 AM,30.0,,0.11,3.3,,,1009,2017-06-23T01:36:00.000000Z,MWC_ETP_MELBOURNE,final_effluent,DATASET_03_MELBOURNE_ETP_OUTLET,observed,SHA256:47948ae79b2e703e4c0d89e3bb62f4d8bdc4def6bf8452f69506dc59141e4b96
6/26/2017 3:24:00 AM,35.0,,0.09,2.3,,,1010,2017-06-26T03:24:00.000000Z,MWC_ETP_MELBOURNE,final_effluent,DATASET_03_MELBOURNE_ETP_OUTLET,observed,SHA256:47948ae79b2e703e4c0d89e3bb62f4d8bdc4def6bf8452f69506dc59141e4b96
6/27/2017 2:16:00 AM,28.0,,0.09,2.0,,,1011,2017-06-27T02:16:00.000000Z,MWC_ETP_MELBOURNE,final_effluent,DATASET_03_MELBOURNE_ETP_OUTLET,observed,SHA256:47948ae79b2e703e4c0d89e3bb62f4d8bdc4def6bf8452f69506dc59141e4b96
6/27/2017 9:00:00 PM,,2.0,0.1,0.8,13.0,12.0,1012,2017-06-27T21:00:00.000000Z,MWC_ETP_MELBOURNE,final_effluent,DATASET_03_MELBOURNE_ETP_OUTLET,observed,SHA256:47948ae79b2e703e4c0d89e3bb62f4d8bdc4def6bf8452f69506dc59141e4b96
6/28/2017 2:22:00 AM,30.0,,0.08,2.0,,,1013,2017-06-28T02:22:00.000000Z,MWC_ETP_MELBOURNE,final_effluent,DATASET_03_MELBOURNE_ETP_OUTLET,observed,SHA256:47948ae79b2e703e4c0d89e3bb62f4d8bdc4def6bf8452f69506dc59141e4b96
6/29/2017 2:44:00 AM,30.0,,0.07,3.9,,,1014,2017-06-29T02:44:00.000000Z,MWC_ETP_MELBOURNE,final_effluent,DATASET_03_MELBOURNE_ETP_OUTLET,observed,SHA256:47948ae79b2e703e4c0d89e3bb62f4d8bdc4def6bf8452f69506dc59141e4b96
6/30/2017 2:48:00 AM,35.0,,0.06,1.5,,,1015,2017-06-30T02:48:00.000000Z,MWC_ETP_MELBOURNE,final_effluent,DATASET_03_MELBOURNE_ETP_OUTLET,observed,SHA256:47948ae79b2e703e4c0d89e3bb62f4d8bdc4def6bf8452f69506dc59141e4b96
7/3/2017 3:08:00 AM,30.0,,0.11,2.8,,,1016,2017-07-03T03:08:00.000000Z,MWC_ETP_MELBOURNE,final_effluent,DATASET_03_MELBOURNE_ETP_OUTLET,observed,SHA256:47948ae79b2e703e4c0d89e3bb62f4d8bdc4def6bf8452f69506dc59141e4b96
7/3/2017 9:00:00 PM,,2.0,0.1,,,,1017,2017-07-03T21:00:00.000000Z,MWC_ETP_MELBOURNE,final_effluent,DATASET_03_MELBOURNE_ETP_OUTLET,observed,SHA256:47948ae79b2e703e4c0d89e3bb62f4d8bdc4def6bf8452f69506dc59141e4b96
7/4/2017 2:28:00 AM,25.0,,0.12,1.6,,,1018,2017-07-04T02:28:00.000000Z,MWC_ETP_MELBOURNE,final_effluent,DATASET_03_MELBOURNE_ETP_OUTLET,observed,SHA256:47948ae79b2e703e4c0d89e3bb62f4d8bdc4def6bf8452f69506dc59141e4b96
7/5/2017 3:00:00 AM,28.0,,0.07,1.6,,,1019,2017-07-05T03:00:00.000000Z,MWC_ETP_MELBOURNE,final_effluent,DATASET_03_MELBOURNE_ETP_OUTLET,observed,SHA256:47948ae79b2e703e4c0d89e3bb62f4d8bdc4def6bf8452f69506dc59141e4b96
7/6/2017 2:21:00 AM,28.0,,0.13,1.7,,,1020,2017-07-06T02:21:00.000000Z,MWC_ETP_MELBOURNE,final_effluent,DATASET_03_MELBOURNE_ETP_OUTLET,observed,SHA256:47948ae79b2e703e4c0d89e3bb62f4d8bdc4def6bf8452f69506dc59141e4b96
7/7/2017 2:16:00 AM,25.0,,0.13,1.9,,,1021,2017-07-07T02:16:00.000000Z,MWC_ETP_MELBOURNE,final_effluent,DATASET_03_MELBOURNE_ETP_OUTLET,observed,SHA256:47948ae79b2e703e4c0d89e3bb62f4d8bdc4def6bf8452f69506dc59141e4b96
8/1/2017 2:53:00 AM,30.0,,0.28,2.8,,,1022,2017-08-01T02:53:00.000000Z,MWC_ETP_MELBOURNE,final_effluent,DATASET_03_MELBOURNE_ETP_OUTLET,observed,SHA256:47948ae79b2e703e4c0d89e3bb62f4d8bdc4def6bf8452f69506dc59141e4b96
8/2/2017 2:16:00 AM,28.0,,0.1,3.5,,,1023,2017-08-02T02:16:00.000000Z,MWC_ETP_MELBOURNE,final_effluent,DATASET_03_MELBOURNE_ETP_OUTLET,observed,SHA256:47948ae79b2e703e4c0d89e3bb62f4d8bdc4def6bf8452f69506dc59141e4b96
8/2/2017 9:00:00 PM,,3.0,0.1,,,,1024,2017-08-02T21:00:00.000000Z,MWC_ETP_MELBOURNE,final_effluent,DATASET_03_MELBOURNE_ETP_OUTLET,observed,SHA256:47948ae79b2e703e4c0d89e3bb62f4d8bdc4def6bf8452f69506dc59141e4b96
8/3/2017 2:40:00 AM,30.0,,0.1,1.7,,,1025,2017-08-03T02:40:00.000000Z,MWC_ETP_MELBOURNE,final_effluent,DATASET_03_MELBOURNE_ETP_OUTLET,observed,SHA256:47948ae79b2e703e4c0d89e3bb62f4d8bdc4def6bf8452f69506dc59141e4b96
8/4/2017 3:09:00 AM,35.0,,0.08,1.5,,,1026,2017-08-04T03:09:00.000000Z,MWC_ETP_MELBOURNE,final_effluent,DATASET_03_MELBOURNE_ETP_OUTLET,observed,SHA256:47948ae79b2e703e4c0d89e3bb62f4d8bdc4def6bf8452f69506dc59141e4b96
8/7/2017 2:32:00 AM,35.0,,0.13,1.9,,,1027,2017-08-07T02:32:00.000000Z,MWC_ETP_MELBOURNE,final_effluent,DATASET_03_MELBOURNE_ETP_OUTLET,observed,SHA256:47948ae79b2e703e4c0d89e3bb62f4d8bdc4def6bf8452f69506dc59141e4b96
8/8/2017 2:09:00 AM,35.0,,0.11,2.0,,,1028,2017-08-08T02:09:00.000000Z,MWC_ETP_MELBOURNE,final_effluent,DATASET_03_MELBOURNE_ETP_OUTLET,observed,SHA256:47948ae79b2e703e4c0d89e3bb62f4d8bdc4def6bf8452f69506dc59141e4b96
8/9/2017 1:55:00 AM,35.0,,0.09,1.5,,,1029,2017-08-09T01:55:00.000000Z,MWC_ETP_MELBOURNE,final_effluent,DATASET_03_MELBOURNE_ETP_OUTLET,observed,SHA256:47948ae79b2e703e4c0d89e3bb62f4d8bdc4def6bf8452f69506dc59141e4b96
8/10/2017 2:39:00 AM,30.0,,0.09,2.0,,,1030,2017-08-10T02:39:00.000000Z,MWC_ETP_MELBOURNE,final_effluent,DATASET_03_MELBOURNE_ETP_OUTLET,observed,SHA256:47948ae79b2e703e4c0d89e3bb62f4d8bdc4def6bf8452f69506dc59141e4b96
8/10/2017 9:00:00 PM,,3.0,0.1,2.1,15.0,13.0,1031,2017-08-10T21:00:00.000000Z,MWC_ETP_MELBOURNE,final_effluent,DATASET_03_MELBOURNE_ETP_OUTLET,observed,SHA256:47948ae79b2e703e4c0d89e3bb62f4d8bdc4def6bf8452f69506dc59141e4b96
8/11/2017 2:42:00 AM,35.0,,0.07,1.6,,,1032,2017-08-11T02:42:00.000000Z,MWC_ETP_MELBOURNE,final_effluent,DATASET_03_MELBOURNE_ETP_OUTLET,observed,SHA256:47948ae79b2e703e4c0d89e3bb62f4d8bdc4def6bf8452f69506dc59141e4b96
8/14/2017 3:01:00 AM,40.0,,0.07,2.3,,,1033,2017-08-14T03:01:00.000000Z,MWC_ETP_MELBOURNE,final_effluent,DATASET_03_MELBOURNE_ETP_OUTLET,observed,SHA256:47948ae79b2e703e4c0d89e3bb62f4d8bdc4def6bf8452f69506dc59141e4b96
8/14/2017 3:45:00 AM,40.0,,0.07,2.3,,,1034,2017-08-14T03:45:00.000000Z,MWC_ETP_MELBOURNE,final_effluent,DATASET_03_MELBOURNE_ETP_OUTLET,observed,SHA256:47948ae79b2e703e4c0d89e3bb62f4d8bdc4def6bf8452f69506dc59141e4b96
8/15/2017 2:18:00 AM,35.0,,0.12,1.5,,,1035,2017-08-15T02:18:00.000000Z,MWC_ETP_MELBOURNE,final_effluent,DATASET_03_MELBOURNE_ETP_OUTLET,observed,SHA256:47948ae79b2e703e4c0d89e3bb62f4d8bdc4def6bf8452f69506dc59141e4b96
8/16/2017 2:29:00 AM,30.0,,0.07,1.6,,,1036,2017-08-16T02:29:00.000000Z,MWC_ETP_MELBOURNE,final_effluent,DATASET_03_MELBOURNE_ETP_OUTLET,observed,SHA256:47948ae79b2e703e4c0d89e3bb62f4d8bdc4def6bf8452f69506dc59141e4b96
8/16/2017 9:00:00 PM,,3.0,0.1,,,,1037,2017-08-16T21:00:00.000000Z,MWC_ETP_MELBOURNE,final_effluent,DATASET_03_MELBOURNE_ETP_OUTLET,observed,SHA256:47948ae79b2e703e4c0d89e3bb62f4d8bdc4def6bf8452f69506dc59141e4b96
8/17/2017 2:12:00 AM,30.0,,0.07,1.9,,,1038,2017-08-17T02:12:00.000000Z,MWC_ETP_MELBOURNE,final_effluent,DATASET_03_MELBOURNE_ETP_OUTLET,observed,SHA256:47948ae79b2e703e4c0d89e3bb62f4d8bdc4def6bf8452f69506dc59141e4b96
8/18/2017 2:33:00 AM,30.0,,0.07,1.6,,,1039,2017-08-18T02:33:00.000000Z,MWC_ETP_MELBOURNE,final_effluent,DATASET_03_MELBOURNE_ETP_OUTLET,observed,SHA256:47948ae79b2e703e4c0d89e3bb62f4d8bdc4def6bf8452f69506dc59141e4b96
8/21/2017 2:26:00 AM,26.0,,0.3,3.1,,,1040,2017-08-21T02:26:00.000000Z,MWC_ETP_MELBOURNE,final_effluent,DATASET_03_MELBOURNE_ETP_OUTLET,observed,SHA256:47948ae79b2e703e4c0d89e3bb62f4d8bdc4def6bf8452f69506dc59141e4b96
8/21/2017 2:00:00 PM,30.0,,0.15,9.7,,,1041,2017-08-21T14:00:00.000000Z,MWC_ETP_MELBOURNE,final_effluent,DATASET_03_MELBOURNE_ETP_OUTLET,observed,SHA256:47948ae79b2e703e4c0d89e3bb62f4d8bdc4def6bf8452f69506dc59141e4b96
8/22/2017 9:00:00 PM,,2.0,0.1,1.7,14.0,13.0,1042,2017-08-22T21:00:00.000000Z,MWC_ETP_MELBOURNE,final_effluent,DATASET_03_MELBOURNE_ETP_OUTLET,observed,SHA256:47948ae79b2e703e4c0d89e3bb62f4d8bdc4def6bf8452f69506dc59141e4b96
8/23/2017 1:59:00 AM,30.0,,0.04,2.2,,,1043,2017-08-23T01:59:00.000000Z,MWC_ETP_MELBOURNE,final_effluent,DATASET_03_MELBOURNE_ETP_OUTLET,observed,SHA256:47948ae79b2e703e4c0d89e3bb62f4d8bdc4def6bf8452f69506dc59141e4b96
1/3/2017 1:00:00 PM,30.0,,0.1,3.0,,,1044,2017-01-03T13:00:00.000000Z,MWC_ETP_MELBOURNE,final_effluent,DATASET_03_MELBOURNE_ETP_OUTLET,observed,SHA256:47948ae79b2e703e4c0d89e3bb62f4d8bdc4def6bf8452f69506dc59141e4b96
8/24/2017 3:13:00 AM,35.0,,0.0,1.0,,,1045,2017-08-24T03:13:00.000000Z,MWC_ETP_MELBOURNE,final_effluent,DATASET_03_MELBOURNE_ETP_OUTLET,observed,SHA256:47948ae79b2e703e4c0d89e3bb62f4d8bdc4def6bf8452f69506dc59141e4b96
9/13/2017 9:00:00 PM,,2.0,0.1,,,,1046,2017-09-13T21:00:00.000000Z,MWC_ETP_MELBOURNE,final_effluent,DATASET_03_MELBOURNE_ETP_OUTLET,observed,SHA256:47948ae79b2e703e4c0d89e3bb62f4d8bdc4def6bf8452f69506dc59141e4b96
1/4/2017 1:00:00 PM,25.0,,0.15,4.7,,,1047,2017-01-04T13:00:00.000000Z,MWC_ETP_MELBOURNE,final_effluent,DATASET_03_MELBOURNE_ETP_OUTLET,observed,SHA256:47948ae79b2e703e4c0d89e3bb62f4d8bdc4def6bf8452f69506dc59141e4b96
8/25/2017 1:47:00 AM,29.0,,0.04,1.8,,,1048,2017-08-25T01:47:00.000000Z,MWC_ETP_MELBOURNE,final_effluent,DATASET_03_MELBOURNE_ETP_OUTLET,observed,SHA256:47948ae79b2e703e4c0d89e3bb62f4d8bdc4def6bf8452f69506dc59141e4b96
9/14/2017 2:45:00 AM,35.0,,0.1,2.3,,,1049,2017-09-14T02:45:00.000000Z,MWC_ETP_MELBOURNE,final_effluent,DATASET_03_MELBOURNE_ETP_OUTLET,observed,SHA256:47948ae79b2e703e4c0d89e3bb62f4d8bdc4def6bf8452f69506dc59141e4b96
1/5/2017 1:00:00 PM,28.0,,0.1,1.4,,,1050,2017-01-05T13:00:00.000000Z,MWC_ETP_MELBOURNE,final_effluent,DATASET_03_MELBOURNE_ETP_OUTLET,observed,SHA256:47948ae79b2e703e4c0d89e3bb62f4d8bdc4def6bf8452f69506dc59141e4b96
8/28/2017 2:32:00 AM,35.0,,0.08,1.3,,,1051,2017-08-28T02:32:00.000000Z,MWC_ETP_MELBOURNE,final_effluent,DATASET_03_MELBOURNE_ETP_OUTLET,observed,SHA256:47948ae79b2e703e4c0d89e3bb62f4d8bdc4def6bf8452f69506dc59141e4b96
9/15/2017 2:11:00 AM,,,0.08,1.5,,,1052,2017-09-15T02:11:00.000000Z,MWC_ETP_MELBOURNE,final_effluent,DATASET_03_MELBOURNE_ETP_OUTLET,observed,SHA256:47948ae79b2e703e4c0d89e3bb62f4d8bdc4def6bf8452f69506dc59141e4b96
1/5/2017 8:00:00 PM,,2.0,0.1,,,,1053,2017-01-05T20:00:00.000000Z,MWC_ETP_MELBOURNE,final_effluent,DATASET_03_MELBOURNE_ETP_OUTLET,observed,SHA256:47948ae79b2e703e4c0d89e3bb62f4d8bdc4def6bf8452f69506dc59141e4b96
8/28/2017 9:00:00 PM,,2.0,0.1,,,,1054,2017-08-28T21:00:00.000000Z,MWC_ETP_MELBOURNE,final_effluent,DATASET_03_MELBOURNE_ETP_OUTLET,observed,SHA256:47948ae79b2e703e4c0d89e3bb62f4d8bdc4def6bf8452f69506dc59141e4b96
9/18/2017 3:42:00 AM,35.0,,0.12,1.9,,,1055,2017-09-18T03:42:00.000000Z,MWC_ETP_MELBOURNE,final_effluent,DATASET_03_MELBOURNE_ETP_OUTLET,observed,SHA256:47948ae79b2e703e4c0d89e3bb62f4d8bdc4def6bf8452f69506dc59141e4b96
1/8/2017 1:00:00 PM,28.0,,0.1,1.9,,,1056,2017-01-08T13:00:00.000000Z,MWC_ETP_MELBOURNE,final_effluent,DATASET_03_MELBOURNE_ETP_OUTLET,observed,SHA256:47948ae79b2e703e4c0d89e3bb62f4d8bdc4def6bf8452f69506dc59141e4b96
8/29/2017 2:41:00 AM,30.0,,0.08,1.2,,,1057,2017-08-29T02:41:00.000000Z,MWC_ETP_MELBOURNE,final_effluent,DATASET_03_MELBOURNE_ETP_OUTLET,observed,SHA256:47948ae79b2e703e4c0d89e3bb62f4d8bdc4def6bf8452f69506dc59141e4b96
9/19/2017 2:30:00 AM,15.0,,0.05,1.6,,,1058,2017-09-19T02:30:00.000000Z,MWC_ETP_MELBOURNE,final_effluent,DATASET_03_MELBOURNE_ETP_OUTLET,observed,SHA256:47948ae79b2e703e4c0d89e3bb62f4d8bdc4def6bf8452f69506dc59141e4b96
1/9/2017 1:00:00 PM,28.0,,0.09,2.3,,,1059,2017-01-09T13:00:00.000000Z,MWC_ETP_MELBOURNE,final_effluent,DATASET_03_MELBOURNE_ETP_OUTLET,observed,SHA256:47948ae79b2e703e4c0d89e3bb62f4d8bdc4def6bf8452f69506dc59141e4b96
8/30/2017 1:58:00 AM,35.0,,0.1,1.5,,,1060,2017-08-30T01:58:00.000000Z,MWC_ETP_MELBOURNE,final_effluent,DATASET_03_MELBOURNE_ETP_OUTLET,observed,SHA256:47948ae79b2e703e4c0d89e3bb62f4d8bdc4def6bf8452f69506dc59141e4b96
9/20/2017 3:05:00 AM,35.0,,0.09,1.6,,,1061,2017-09-20T03:05:00.000000Z,MWC_ETP_MELBOURNE,final_effluent,DATASET_03_MELBOURNE_ETP_OUTLET,observed,SHA256:47948ae79b2e703e4c0d89e3bb62f4d8bdc4def6bf8452f69506dc59141e4b96
8/31/2017 2:59:00 AM,30.0,,0.08,1.5,,,1062,2017-08-31T02:59:00.000000Z,MWC_ETP_MELBOURNE,final_effluent,DATASET_03_MELBOURNE_ETP_OUTLET,observed,SHA256:47948ae79b2e703e4c0d89e3bb62f4d8bdc4def6bf8452f69506dc59141e4b96
9/21/2017 2:51:00 AM,35.0,,0.09,1.0,,,1063,2017-09-21T02:51:00.000000Z,MWC_ETP_MELBOURNE,final_effluent,DATASET_03_MELBOURNE_ETP_OUTLET,observed,SHA256:47948ae79b2e703e4c0d89e3bb62f4d8bdc4def6bf8452f69506dc59141e4b96
9/1/2017 1:34:00 AM,40.0,,0.07,6.0,,,1064,2017-09-01T01:34:00.000000Z,MWC_ETP_MELBOURNE,final_effluent,DATASET_03_MELBOURNE_ETP_OUTLET,observed,SHA256:47948ae79b2e703e4c0d89e3bb62f4d8bdc4def6bf8452f69506dc59141e4b96
9/22/2017 2:27:00 AM,35.0,,0.07,2.6,,,1065,2017-09-22T02:27:00.000000Z,MWC_ETP_MELBOURNE,final_effluent,DATASET_03_MELBOURNE_ETP_OUTLET,observed,SHA256:47948ae79b2e703e4c0d89e3bb62f4d8bdc4def6bf8452f69506dc59141e4b96
9/4/2017 3:16:00 AM,30.0,,0.2,3.4,,,1066,2017-09-04T03:16:00.000000Z,MWC_ETP_MELBOURNE,final_effluent,DATASET_03_MELBOURNE_ETP_OUTLET,observed,SHA256:47948ae79b2e703e4c0d89e3bb62f4d8bdc4def6bf8452f69506dc59141e4b96
9/25/2017 5:15:00 AM,24.0,,0.08,2.2,,,1067,2017-09-25T05:15:00.000000Z,MWC_ETP_MELBOURNE,final_effluent,DATASET_03_MELBOURNE_ETP_OUTLET,observed,SHA256:47948ae79b2e703e4c0d89e3bb62f4d8bdc4def6bf8452f69506dc59141e4b96
9/26/2017 4:43:00 AM,19.0,,0.06,1.0,,,1068,2017-09-26T04:43:00.000000Z,MWC_ETP_MELBOURNE,final_effluent,DATASET_03_MELBOURNE_ETP_OUTLET,observed,SHA256:47948ae79b2e703e4c0d89e3bb62f4d8bdc4def6bf8452f69506dc59141e4b96
9/27/2017 4:35:00 AM,15.0,,0.05,1.9,,,1069,2017-09-27T04:35:00.000000Z,MWC_ETP_MELBOURNE,final_effluent,DATASET_03_MELBOURNE_ETP_OUTLET,observed,SHA256:47948ae79b2e703e4c0d89e3bb62f4d8bdc4def6bf8452f69506dc59141e4b96
9/27/2017 9:00:00 PM,,2.0,0.1,,,,1070,2017-09-27T21:00:00.000000Z,MWC_ETP_MELBOURNE,final_effluent,DATASET_03_MELBOURNE_ETP_OUTLET,observed,SHA256:47948ae79b2e703e4c0d89e3bb62f4d8bdc4def6bf8452f69506dc59141e4b96
9/28/2017 5:21:00 AM,20.0,,0.04,1.4,,,1071,2017-09-28T05:21:00.000000Z,MWC_ETP_MELBOURNE,final_effluent,DATASET_03_MELBOURNE_ETP_OUTLET,observed,SHA256:47948ae79b2e703e4c0d89e3bb62f4d8bdc4def6bf8452f69506dc59141e4b96
9/30/2017 2:03:00 AM,40.0,,0.07,3.0,,,1072,2017-09-30T02:03:00.000000Z,MWC_ETP_MELBOURNE,final_effluent,DATASET_03_MELBOURNE_ETP_OUTLET,observed,SHA256:47948ae79b2e703e4c0d89e3bb62f4d8bdc4def6bf8452f69506dc59141e4b96
10/2/2017 4:33:00 AM,16.0,,0.07,1.4,,,1073,2017-10-02T04:33:00.000000Z,MWC_ETP_MELBOURNE,final_effluent,DATASET_03_MELBOURNE_ETP_OUTLET,observed,SHA256:47948ae79b2e703e4c0d89e3bb62f4d8bdc4def6bf8452f69506dc59141e4b96
10/3/2017 4:31:00 AM,15.0,,0.06,1.4,,,1074,2017-10-03T04:31:00.000000Z,MWC_ETP_MELBOURNE,final_effluent,DATASET_03_MELBOURNE_ETP_OUTLET,observed,SHA256:47948ae79b2e703e4c0d89e3bb62f4d8bdc4def6bf8452f69506dc59141e4b96
10/3/2017 8:00:00 PM,,3.0,0.1,2.1,17.0,15.0,1075,2017-10-03T20:00:00.000000Z,MWC_ETP_MELBOURNE,final_effluent,DATASET_03_MELBOURNE_ETP_OUTLET,observed,SHA256:47948ae79b2e703e4c0d89e3bb62f4d8bdc4def6bf8452f69506dc59141e4b96
10/4/2017 4:23:00 AM,18.0,,0.05,1.7,,,1076,2017-10-04T04:23:00.000000Z,MWC_ETP_MELBOURNE,final_effluent,DATASET_03_MELBOURNE_ETP_OUTLET,observed,SHA256:47948ae79b2e703e4c0d89e3bb62f4d8bdc4def6bf8452f69506dc59141e4b96
11/1/2017 8:00:00 PM,,2.0,0.1,1.2,13.0,12.0,1077,2017-11-01T20:00:00.000000Z,MWC_ETP_MELBOURNE,final_effluent,DATASET_03_MELBOURNE_ETP_OUTLET,observed,SHA256:47948ae79b2e703e4c0d89e3bb62f4d8bdc4def6bf8452f69506dc59141e4b96
10/5/2017 4:18:00 AM,24.0,,0.05,1.2,,,1078,2017-10-05T04:18:00.000000Z,MWC_ETP_MELBOURNE,final_effluent,DATASET_03_MELBOURNE_ETP_OUTLET,observed,SHA256:47948ae79b2e703e4c0d89e3bb62f4d8bdc4def6bf8452f69506dc59141e4b96
10/6/2017 3:49:00 AM,20.0,,0.05,1.2,,,1079,2017-10-06T03:49:00.000000Z,MWC_ETP_MELBOURNE,final_effluent,DATASET_03_MELBOURNE_ETP_OUTLET,observed,SHA256:47948ae79b2e703e4c0d89e3bb62f4d8bdc4def6bf8452f69506dc59141e4b96
10/9/2017 3:53:00 AM,10.0,,0.05,2.1,,,1080,2017-10-09T03:53:00.000000Z,MWC_ETP_MELBOURNE,final_effluent,DATASET_03_MELBOURNE_ETP_OUTLET,observed,SHA256:47948ae79b2e703e4c0d89e3bb62f4d8bdc4def6bf8452f69506dc59141e4b96
10/9/2017 8:00:00 PM,,2.0,0.1,,,,1081,2017-10-09T20:00:00.000000Z,MWC_ETP_MELBOURNE,final_effluent,DATASET_03_MELBOURNE_ETP_OUTLET,observed,SHA256:47948ae79b2e703e4c0d89e3bb62f4d8bdc4def6bf8452f69506dc59141e4b96
10/10/2017 3:59:00 AM,23.0,,0.04,1.6,,,1082,2017-10-10T03:59:00.000000Z,MWC_ETP_MELBOURNE,final_effluent,DATASET_03_MELBOURNE_ETP_OUTLET,observed,SHA256:47948ae79b2e703e4c0d89e3bb62f4d8bdc4def6bf8452f69506dc59141e4b96
10/11/2017 3:46:00 AM,17.0,,0.03,1.9,,,1083,2017-10-11T03:46:00.000000Z,MWC_ETP_MELBOURNE,final_effluent,DATASET_03_MELBOURNE_ETP_OUTLET,observed,SHA256:47948ae79b2e703e4c0d89e3bb62f4d8bdc4def6bf8452f69506dc59141e4b96
10/12/2017 4:32:00 AM,14.0,,0.04,1.9,,,1084,2017-10-12T04:32:00.000000Z,MWC_ETP_MELBOURNE,final_effluent,DATASET_03_MELBOURNE_ETP_OUTLET,observed,SHA256:47948ae79b2e703e4c0d89e3bb62f4d8bdc4def6bf8452f69506dc59141e4b96
10/13/2017 3:52:00 AM,8.0,,0.03,1.6,,,1085,2017-10-13T03:52:00.000000Z,MWC_ETP_MELBOURNE,final_effluent,DATASET_03_MELBOURNE_ETP_OUTLET,observed,SHA256:47948ae79b2e703e4c0d89e3bb62f4d8bdc4def6bf8452f69506dc59141e4b96
10/13/2017 4:20:00 AM,8.0,,0.03,1.6,,,1086,2017-10-13T04:20:00.000000Z,MWC_ETP_MELBOURNE,final_effluent,DATASET_03_MELBOURNE_ETP_OUTLET,observed,SHA256:47948ae79b2e703e4c0d89e3bb62f4d8bdc4def6bf8452f69506dc59141e4b96
10/15/2017 8:00:00 PM,,2.0,0.1,1.3,18.0,16.0,1087,2017-10-15T20:00:00.000000Z,MWC_ETP_MELBOURNE,final_effluent,DATASET_03_MELBOURNE_ETP_OUTLET,observed,SHA256:47948ae79b2e703e4c0d89e3bb62f4d8bdc4def6bf8452f69506dc59141e4b96
10/16/2017 3:55:00 AM,28.0,,0.02,1.4,,,1088,2017-10-16T03:55:00.000000Z,MWC_ETP_MELBOURNE,final_effluent,DATASET_03_MELBOURNE_ETP_OUTLET,observed,SHA256:47948ae79b2e703e4c0d89e3bb62f4d8bdc4def6bf8452f69506dc59141e4b96
10/17/2017 3:50:00 AM,14.0,,0.02,1.3,,,1089,2017-10-17T03:50:00.000000Z,MWC_ETP_MELBOURNE,final_effluent,DATASET_03_MELBOURNE_ETP_OUTLET,observed,SHA256:47948ae79b2e703e4c0d89e3bb62f4d8bdc4def6bf8452f69506dc59141e4b96
10/18/2017 3:36:00 AM,10.0,,0.14,2.1,,,1090,2017-10-18T03:36:00.000000Z,MWC_ETP_MELBOURNE,final_effluent,DATASET_03_MELBOURNE_ETP_OUTLET,observed,SHA256:47948ae79b2e703e4c0d89e3bb62f4d8bdc4def6bf8452f69506dc59141e4b96
10/19/2017 4:22:00 AM,9.0,,0.05,2.6,,,1091,2017-10-19T04:22:00.000000Z,MWC_ETP_MELBOURNE,final_effluent,DATASET_03_MELBOURNE_ETP_OUTLET,observed,SHA256:47948ae79b2e703e4c0d89e3bb62f4d8bdc4def6bf8452f69506dc59141e4b96
10/20/2017 4:09:00 AM,10.0,,0.06,3.6,,,1092,2017-10-20T04:09:00.000000Z,MWC_ETP_MELBOURNE,final_effluent,DATASET_03_MELBOURNE_ETP_OUTLET,observed,SHA256:47948ae79b2e703e4c0d89e3bb62f4d8bdc4def6bf8452f69506dc59141e4b96
10/23/2017 3:54:00 AM,26.0,,0.03,2.0,,,1093,2017-10-23T03:54:00.000000Z,MWC_ETP_MELBOURNE,final_effluent,DATASET_03_MELBOURNE_ETP_OUTLET,observed,SHA256:47948ae79b2e703e4c0d89e3bb62f4d8bdc4def6bf8452f69506dc59141e4b96
10/23/2017 8:00:00 PM,,2.0,0.1,,,,1094,2017-10-23T20:00:00.000000Z,MWC_ETP_MELBOURNE,final_effluent,DATASET_03_MELBOURNE_ETP_OUTLET,observed,SHA256:47948ae79b2e703e4c0d89e3bb62f4d8bdc4def6bf8452f69506dc59141e4b96
10/24/2017 2:59:00 AM,30.0,,0.06,2.5,,,1095,2017-10-24T02:59:00.000000Z,MWC_ETP_MELBOURNE,final_effluent,DATASET_03_MELBOURNE_ETP_OUTLET,observed,SHA256:47948ae79b2e703e4c0d89e3bb62f4d8bdc4def6bf8452f69506dc59141e4b96
10/25/2017 3:25:00 AM,2.0,,0.06,1.9,,,1096,2017-10-25T03:25:00.000000Z,MWC_ETP_MELBOURNE,final_effluent,DATASET_03_MELBOURNE_ETP_OUTLET,observed,SHA256:47948ae79b2e703e4c0d89e3bb62f4d8bdc4def6bf8452f69506dc59141e4b96
10/26/2017 3:29:00 AM,30.0,,0.05,2.4,,,1097,2017-10-26T03:29:00.000000Z,MWC_ETP_MELBOURNE,final_effluent,DATASET_03_MELBOURNE_ETP_OUTLET,observed,SHA256:47948ae79b2e703e4c0d89e3bb62f4d8bdc4def6bf8452f69506dc59141e4b96
10/27/2017 2:57:00 AM,45.0,,0.05,3.0,,,1098,2017-10-27T02:57:00.000000Z,MWC_ETP_MELBOURNE,final_effluent,DATASET_03_MELBOURNE_ETP_OUTLET,observed,SHA256:47948ae79b2e703e4c0d89e3bb62f4d8bdc4def6bf8452f69506dc59141e4b96
10/30/2017 1:44:00 AM,30.0,,0.1,3.9,,,1099,2017-10-30T01:44:00.000000Z,MWC_ETP_MELBOURNE,final_effluent,DATASET_03_MELBOURNE_ETP_OUTLET,observed,SHA256:47948ae79b2e703e4c0d89e3bb62f4d8bdc4def6bf8452f69506dc59141e4b96
10/31/2017 1:31:00 AM,35.0,,0.7,3.2,,,1100,2017-10-31T01:31:00.000000Z,MWC_ETP_MELBOURNE,final_effluent,DATASET_03_MELBOURNE_ETP_OUTLET,observed,SHA256:47948ae79b2e703e4c0d89e3bb62f4d8bdc4def6bf8452f69506dc59141e4b96
11/1/2017 1:46:00 AM,30.0,,0.07,3.0,,,1101,2017-11-01T01:46:00.000000Z,MWC_ETP_MELBOURNE,final_effluent,DATASET_03_MELBOURNE_ETP_OUTLET,observed,SHA256:47948ae79b2e703e4c0d89e3bb62f4d8bdc4def6bf8452f69506dc59141e4b96
11/2/2017 2:16:00 AM,29.0,,0.16,3.0,,,1102,2017-11-02T02:16:00.000000Z,MWC_ETP_MELBOURNE,final_effluent,DATASET_03_MELBOURNE_ETP_OUTLET,observed,SHA256:47948ae79b2e703e4c0d89e3bb62f4d8bdc4def6bf8452f69506dc59141e4b96
11/3/2017 2:01:00 AM,35.0,,0.06,3.5,,,1103,2017-11-03T02:01:00.000000Z,MWC_ETP_MELBOURNE,final_effluent,DATASET_03_MELBOURNE_ETP_OUTLET,observed,SHA256:47948ae79b2e703e4c0d89e3bb62f4d8bdc4def6bf8452f69506dc59141e4b96
11/6/2017 2:57:00 AM,25.0,,0.09,2.6,,,1104,2017-11-06T02:57:00.000000Z,MWC_ETP_MELBOURNE,final_effluent,DATASET_03_MELBOURNE_ETP_OUTLET,observed,SHA256:47948ae79b2e703e4c0d89e3bb62f4d8bdc4def6bf8452f69506dc59141e4b96
11/8/2017 2:44:00 AM,25.0,,0.06,2.0,,,1105,2017-11-08T02:44:00.000000Z,MWC_ETP_MELBOURNE,final_effluent,DATASET_03_MELBOURNE_ETP_OUTLET,observed,SHA256:47948ae79b2e703e4c0d89e3bb62f4d8bdc4def6bf8452f69506dc59141e4b96
11/9/2017 2:22:00 AM,15.0,,0.08,2.4,,,1106,2017-11-09T02:22:00.000000Z,MWC_ETP_MELBOURNE,final_effluent,DATASET_03_MELBOURNE_ETP_OUTLET,observed,SHA256:47948ae79b2e703e4c0d89e3bb62f4d8bdc4def6bf8452f69506dc59141e4b96
11/9/2017 8:00:00 PM,,2.0,0.1,,,,1107,2017-11-09T20:00:00.000000Z,MWC_ETP_MELBOURNE,final_effluent,DATASET_03_MELBOURNE_ETP_OUTLET,observed,SHA256:47948ae79b2e703e4c0d89e3bb62f4d8bdc4def6bf8452f69506dc59141e4b96
11/10/2017 3:28:00 AM,25.0,,0.1,1.8,,,1108,2017-11-10T03:28:00.000000Z,MWC_ETP_MELBOURNE,final_effluent,DATASET_03_MELBOURNE_ETP_OUTLET,observed,SHA256:47948ae79b2e703e4c0d89e3bb62f4d8bdc4def6bf8452f69506dc59141e4b96
11/13/2017 3:40:00 AM,30.0,,0.3,2.0,,,1109,2017-11-13T03:40:00.000000Z,MWC_ETP_MELBOURNE,final_effluent,DATASET_03_MELBOURNE_ETP_OUTLET,observed,SHA256:47948ae79b2e703e4c0d89e3bb62f4d8bdc4def6bf8452f69506dc59141e4b96
11/14/2017 1:24:00 AM,30.0,,0.11,2.6,,,1110,2017-11-14T01:24:00.000000Z,MWC_ETP_MELBOURNE,final_effluent,DATASET_03_MELBOURNE_ETP_OUTLET,observed,SHA256:47948ae79b2e703e4c0d89e3bb62f4d8bdc4def6bf8452f69506dc59141e4b96
11/15/2017 1:36:00 AM,29.0,,0.09,2.5,,,1111,2017-11-15T01:36:00.000000Z,MWC_ETP_MELBOURNE,final_effluent,DATASET_03_MELBOURNE_ETP_OUTLET,observed,SHA256:47948ae79b2e703e4c0d89e3bb62f4d8bdc4def6bf8452f69506dc59141e4b96
11/15/2017 8:00:00 PM,,2.0,0.1,1.4,12.0,11.0,1112,2017-11-15T20:00:00.000000Z,MWC_ETP_MELBOURNE,final_effluent,DATASET_03_MELBOURNE_ETP_OUTLET,observed,SHA256:47948ae79b2e703e4c0d89e3bb62f4d8bdc4def6bf8452f69506dc59141e4b96
11/16/2017 1:41:00 AM,30.0,,0.05,3.4,,,1113,2017-11-16T01:41:00.000000Z,MWC_ETP_MELBOURNE,final_effluent,DATASET_03_MELBOURNE_ETP_OUTLET,observed,SHA256:47948ae79b2e703e4c0d89e3bb62f4d8bdc4def6bf8452f69506dc59141e4b96
11/17/2017 12:41:00 AM,25.0,,0.05,3.0,,,1114,2017-11-17T00:41:00.000000Z,MWC_ETP_MELBOURNE,final_effluent,DATASET_03_MELBOURNE_ETP_OUTLET,observed,SHA256:47948ae79b2e703e4c0d89e3bb62f4d8bdc4def6bf8452f69506dc59141e4b96
11/20/2017 5:12:00 AM,15.0,,0.05,1.6,,,1115,2017-11-20T05:12:00.000000Z,MWC_ETP_MELBOURNE,final_effluent,DATASET_03_MELBOURNE_ETP_OUTLET,observed,SHA256:47948ae79b2e703e4c0d89e3bb62f4d8bdc4def6bf8452f69506dc59141e4b96
11/21/2017 1:42:00 AM,28.0,,0.03,2.1,,,1116,2017-11-21T01:42:00.000000Z,MWC_ETP_MELBOURNE,final_effluent,DATASET_03_MELBOURNE_ETP_OUTLET,observed,SHA256:47948ae79b2e703e4c0d89e3bb62f4d8bdc4def6bf8452f69506dc59141e4b96
11/21/2017 8:00:00 PM,,2.0,0.1,,,,1117,2017-11-21T20:00:00.000000Z,MWC_ETP_MELBOURNE,final_effluent,DATASET_03_MELBOURNE_ETP_OUTLET,observed,SHA256:47948ae79b2e703e4c0d89e3bb62f4d8bdc4def6bf8452f69506dc59141e4b96
11/22/2017 3:08:00 AM,35.0,,0.02,2.0,,,1118,2017-11-22T03:08:00.000000Z,MWC_ETP_MELBOURNE,final_effluent,DATASET_03_MELBOURNE_ETP_OUTLET,observed,SHA256:47948ae79b2e703e4c0d89e3bb62f4d8bdc4def6bf8452f69506dc59141e4b96
11/23/2017 2:10:00 AM,29.0,,0.02,3.0,,,1119,2017-11-23T02:10:00.000000Z,MWC_ETP_MELBOURNE,final_effluent,DATASET_03_MELBOURNE_ETP_OUTLET,observed,SHA256:47948ae79b2e703e4c0d89e3bb62f4d8bdc4def6bf8452f69506dc59141e4b96
11/24/2017 2:10:00 AM,30.0,,0.03,2.6,,,1120,2017-11-24T02:10:00.000000Z,MWC_ETP_MELBOURNE,final_effluent,DATASET_03_MELBOURNE_ETP_OUTLET,observed,SHA256:47948ae79b2e703e4c0d89e3bb62f4d8bdc4def6bf8452f69506dc59141e4b96
11/27/2017 4:43:00 AM,10.0,,0.04,1.9,,,1121,2017-11-27T04:43:00.000000Z,MWC_ETP_MELBOURNE,final_effluent,DATASET_03_MELBOURNE_ETP_OUTLET,observed,SHA256:47948ae79b2e703e4c0d89e3bb62f4d8bdc4def6bf8452f69506dc59141e4b96
11/27/2017 8:00:00 PM,,2.0,0.1,1.9,14.0,12.0,1122,2017-11-27T20:00:00.000000Z,MWC_ETP_MELBOURNE,final_effluent,DATASET_03_MELBOURNE_ETP_OUTLET,observed,SHA256:47948ae79b2e703e4c0d89e3bb62f4d8bdc4def6bf8452f69506dc59141e4b96
11/28/2017 4:40:00 AM,11.0,,0.03,2.3,,,1123,2017-11-28T04:40:00.000000Z,MWC_ETP_MELBOURNE,final_effluent,DATASET_03_MELBOURNE_ETP_OUTLET,observed,SHA256:47948ae79b2e703e4c0d89e3bb62f4d8bdc4def6bf8452f69506dc59141e4b96
11/29/2017 4:25:00 AM,11.0,,0.03,1.8,,,1124,2017-11-29T04:25:00.000000Z,MWC_ETP_MELBOURNE,final_effluent,DATASET_03_MELBOURNE_ETP_OUTLET,observed,SHA256:47948ae79b2e703e4c0d89e3bb62f4d8bdc4def6bf8452f69506dc59141e4b96
11/30/2017 3:48:00 AM,25.0,,0.03,2.4,,,1125,2017-11-30T03:48:00.000000Z,MWC_ETP_MELBOURNE,final_effluent,DATASET_03_MELBOURNE_ETP_OUTLET,observed,SHA256:47948ae79b2e703e4c0d89e3bb62f4d8bdc4def6bf8452f69506dc59141e4b96
12/1/2017 2:10:00 AM,30.0,,0.03,3.0,,,1126,2017-12-01T02:10:00.000000Z,MWC_ETP_MELBOURNE,final_effluent,DATASET_03_MELBOURNE_ETP_OUTLET,observed,SHA256:47948ae79b2e703e4c0d89e3bb62f4d8bdc4def6bf8452f69506dc59141e4b96
12/3/2017 8:00:00 PM,,2.0,0.1,,,,1127,2017-12-03T20:00:00.000000Z,MWC_ETP_MELBOURNE,final_effluent,DATASET_03_MELBOURNE_ETP_OUTLET,observed,SHA256:47948ae79b2e703e4c0d89e3bb62f4d8bdc4def6bf8452f69506dc59141e4b96
12/4/2017 2:03:00 AM,30.0,,0.12,5.9,,,1128,2017-12-04T02:03:00.000000Z,MWC_ETP_MELBOURNE,final_effluent,DATASET_03_MELBOURNE_ETP_OUTLET,observed,SHA256:47948ae79b2e703e4c0d89e3bb62f4d8bdc4def6bf8452f69506dc59141e4b96
12/5/2017 2:30:00 AM,18.0,,0.06,1.5,,,1129,2017-12-05T02:30:00.000000Z,MWC_ETP_MELBOURNE,final_effluent,DATASET_03_MELBOURNE_ETP_OUTLET,observed,SHA256:47948ae79b2e703e4c0d89e3bb62f4d8bdc4def6bf8452f69506dc59141e4b96
12/6/2017 12:55:00 AM,35.0,,0.05,2.0,,,1130,2017-12-06T00:55:00.000000Z,MWC_ETP_MELBOURNE,final_effluent,DATASET_03_MELBOURNE_ETP_OUTLET,observed,SHA256:47948ae79b2e703e4c0d89e3bb62f4d8bdc4def6bf8452f69506dc59141e4b96
12/7/2017 2:29:00 AM,28.0,,0.06,1.7,,,1131,2017-12-07T02:29:00.000000Z,MWC_ETP_MELBOURNE,final_effluent,DATASET_03_MELBOURNE_ETP_OUTLET,observed,SHA256:47948ae79b2e703e4c0d89e3bb62f4d8bdc4def6bf8452f69506dc59141e4b96
12/8/2017 2:43:00 AM,35.0,,0.05,2.5,,,1132,2017-12-08T02:43:00.000000Z,MWC_ETP_MELBOURNE,final_effluent,DATASET_03_MELBOURNE_ETP_OUTLET,observed,SHA256:47948ae79b2e703e4c0d89e3bb62f4d8bdc4def6bf8452f69506dc59141e4b96
12/11/2017 2:25:00 AM,35.0,,0.06,3.0,,,1133,2017-12-11T02:25:00.000000Z,MWC_ETP_MELBOURNE,final_effluent,DATASET_03_MELBOURNE_ETP_OUTLET,observed,SHA256:47948ae79b2e703e4c0d89e3bb62f4d8bdc4def6bf8452f69506dc59141e4b96
12/11/2017 8:00:00 PM,,3.0,0.1,1.6,15.0,14.0,1134,2017-12-11T20:00:00.000000Z,MWC_ETP_MELBOURNE,final_effluent,DATASET_03_MELBOURNE_ETP_OUTLET,observed,SHA256:47948ae79b2e703e4c0d89e3bb62f4d8bdc4def6bf8452f69506dc59141e4b96
12/12/2017 2:30:00 AM,35.0,,0.06,1.8,,,1135,2017-12-12T02:30:00.000000Z,MWC_ETP_MELBOURNE,final_effluent,DATASET_03_MELBOURNE_ETP_OUTLET,observed,SHA256:47948ae79b2e703e4c0d89e3bb62f4d8bdc4def6bf8452f69506dc59141e4b96
12/13/2017 1:50:00 AM,35.0,,0.06,1.8,,,1136,2017-12-13T01:50:00.000000Z,MWC_ETP_MELBOURNE,final_effluent,DATASET_03_MELBOURNE_ETP_OUTLET,observed,SHA256:47948ae79b2e703e4c0d89e3bb62f4d8bdc4def6bf8452f69506dc59141e4b96
12/14/2017 1:24:00 AM,35.0,,0.06,2.4,,,1137,2017-12-14T01:24:00.000000Z,MWC_ETP_MELBOURNE,final_effluent,DATASET_03_MELBOURNE_ETP_OUTLET,observed,SHA256:47948ae79b2e703e4c0d89e3bb62f4d8bdc4def6bf8452f69506dc59141e4b96
12/15/2017 1:30:00 AM,30.0,,0.06,3.6,,,1138,2017-12-15T01:30:00.000000Z,MWC_ETP_MELBOURNE,final_effluent,DATASET_03_MELBOURNE_ETP_OUTLET,observed,SHA256:47948ae79b2e703e4c0d89e3bb62f4d8bdc4def6bf8452f69506dc59141e4b96
12/18/2017 2:17:00 AM,35.0,,0.13,2.7,,,1139,2017-12-18T02:17:00.000000Z,MWC_ETP_MELBOURNE,final_effluent,DATASET_03_MELBOURNE_ETP_OUTLET,observed,SHA256:47948ae79b2e703e4c0d89e3bb62f4d8bdc4def6bf8452f69506dc59141e4b96
12/19/2017 2:06:00 AM,30.0,,0.12,2.4,,,1140,2017-12-19T02:06:00.000000Z,MWC_ETP_MELBOURNE,final_effluent,DATASET_03_MELBOURNE_ETP_OUTLET,observed,SHA256:47948ae79b2e703e4c0d89e3bb62f4d8bdc4def6bf8452f69506dc59141e4b96
12/19/2017 8:00:00 PM,,3.0,0.1,,,,1141,2017-12-19T20:00:00.000000Z,MWC_ETP_MELBOURNE,final_effluent,DATASET_03_MELBOURNE_ETP_OUTLET,observed,SHA256:47948ae79b2e703e4c0d89e3bb62f4d8bdc4def6bf8452f69506dc59141e4b96
12/20/2017 2:38:00 AM,35.0,,0.11,2.7,,,1142,2017-12-20T02:38:00.000000Z,MWC_ETP_MELBOURNE,final_effluent,DATASET_03_MELBOURNE_ETP_OUTLET,observed,SHA256:47948ae79b2e703e4c0d89e3bb62f4d8bdc4def6bf8452f69506dc59141e4b96
12/21/2017 1:08:00 AM,35.0,,0.13,2.5,,,1143,2017-12-21T01:08:00.000000Z,MWC_ETP_MELBOURNE,final_effluent,DATASET_03_MELBOURNE_ETP_OUTLET,observed,SHA256:47948ae79b2e703e4c0d89e3bb62f4d8bdc4def6bf8452f69506dc59141e4b96
12/22/2017 2:13:00 AM,20.0,,0.12,2.7,,,1144,2017-12-22T02:13:00.000000Z,MWC_ETP_MELBOURNE,final_effluent,DATASET_03_MELBOURNE_ETP_OUTLET,observed,SHA256:47948ae79b2e703e4c0d89e3bb62f4d8bdc4def6bf8452f69506dc59141e4b96
12/24/2017 2:05:00 AM,30.0,,0.13,2.3,,,1145,2017-12-24T02:05:00.000000Z,MWC_ETP_MELBOURNE,final_effluent,DATASET_03_MELBOURNE_ETP_OUTLET,observed,SHA256:47948ae79b2e703e4c0d89e3bb62f4d8bdc4def6bf8452f69506dc59141e4b96
12/27/2017 1:30:00 AM,15.0,,0.09,4.5,,,1146,2017-12-27T01:30:00.000000Z,MWC_ETP_MELBOURNE,final_effluent,DATASET_03_MELBOURNE_ETP_OUTLET,observed,SHA256:47948ae79b2e703e4c0d89e3bb62f4d8bdc4def6bf8452f69506dc59141e4b96
12/27/2017 8:00:00 PM,,2.0,0.4,1.2,22.0,21.0,1147,2017-12-27T20:00:00.000000Z,MWC_ETP_MELBOURNE,final_effluent,DATASET_03_MELBOURNE_ETP_OUTLET,observed,SHA256:47948ae79b2e703e4c0d89e3bb62f4d8bdc4def6bf8452f69506dc59141e4b96
12/28/2017 1:29:00 AM,20.0,,0.08,2.8,,,1148,2017-12-28T01:29:00.000000Z,MWC_ETP_MELBOURNE,final_effluent,DATASET_03_MELBOURNE_ETP_OUTLET,observed,SHA256:47948ae79b2e703e4c0d89e3bb62f4d8bdc4def6bf8452f69506dc59141e4b96
12/29/2017 12:43:00 AM,30.0,,0.07,2.4,,,1149,2017-12-29T00:43:00.000000Z,MWC_ETP_MELBOURNE,final_effluent,DATASET_03_MELBOURNE_ETP_OUTLET,observed,SHA256:47948ae79b2e703e4c0d89e3bb62f4d8bdc4def6bf8452f69506dc59141e4b96
12/30/2017 12:00:00 AM,30.0,,0.06,2.4,,,1150,2017-12-30T00:00:00.000000Z,MWC_ETP_MELBOURNE,final_effluent,DATASET_03_MELBOURNE_ETP_OUTLET,observed,SHA256:47948ae79b2e703e4c0d89e3bb62f4d8bdc4def6bf8452f69506dc59141e4b96
3/10/2017 2:13:00 AM,30.0,,0.08,2.7,,,1151,2017-03-10T02:13:00.000000Z,MWC_ETP_MELBOURNE,final_effluent,DATASET_03_MELBOURNE_ETP_OUTLET,observed,SHA256:47948ae79b2e703e4c0d89e3bb62f4d8bdc4def6bf8452f69506dc59141e4b96
3/11/2017 12:53:00 AM,25.0,,0.1,2.0,,,1152,2017-03-11T00:53:00.000000Z,MWC_ETP_MELBOURNE,final_effluent,DATASET_03_MELBOURNE_ETP_OUTLET,observed,SHA256:47948ae79b2e703e4c0d89e3bb62f4d8bdc4def6bf8452f69506dc59141e4b96
3/14/2017 1:59:00 AM,20.0,,0.16,2.1,,,1153,2017-03-14T01:59:00.000000Z,MWC_ETP_MELBOURNE,final_effluent,DATASET_03_MELBOURNE_ETP_OUTLET,observed,SHA256:47948ae79b2e703e4c0d89e3bb62f4d8bdc4def6bf8452f69506dc59141e4b96
3/15/2017 1:15:00 AM,21.0,,0.09,2.8,,,1154,2017-03-15T01:15:00.000000Z,MWC_ETP_MELBOURNE,final_effluent,DATASET_03_MELBOURNE_ETP_OUTLET,observed,SHA256:47948ae79b2e703e4c0d89e3bb62f4d8bdc4def6bf8452f69506dc59141e4b96
3/15/2017 8:00:00 PM,,3.0,0.1,,,,1155,2017-03-15T20:00:00.000000Z,MWC_ETP_MELBOURNE,final_effluent,DATASET_03_MELBOURNE_ETP_OUTLET,observed,SHA256:47948ae79b2e703e4c0d89e3bb62f4d8bdc4def6bf8452f69506dc59141e4b96
3/16/2017 2:49:00 AM,30.0,,0.15,3.0,,,1156,2017-03-16T02:49:00.000000Z,MWC_ETP_MELBOURNE,final_effluent,DATASET_03_MELBOURNE_ETP_OUTLET,observed,SHA256:47948ae79b2e703e4c0d89e3bb62f4d8bdc4def6bf8452f69506dc59141e4b96
3/17/2017 4:49:00 AM,30.0,,0.13,3.8,,,1157,2017-03-17T04:49:00.000000Z,MWC_ETP_MELBOURNE,final_effluent,DATASET_03_MELBOURNE_ETP_OUTLET,observed,SHA256:47948ae79b2e703e4c0d89e3bb62f4d8bdc4def6bf8452f69506dc59141e4b96
3/20/2017 3:07:00 AM,16.0,,0.14,2.1,,,1158,2017-03-20T03:07:00.000000Z,MWC_ETP_MELBOURNE,final_effluent,DATASET_03_MELBOURNE_ETP_OUTLET,observed,SHA256:47948ae79b2e703e4c0d89e3bb62f4d8bdc4def6bf8452f69506dc59141e4b96
3/20/2017 8:00:00 PM,,3.0,0.1,1.7,15.0,14.0,1159,2017-03-20T20:00:00.000000Z,MWC_ETP_MELBOURNE,final_effluent,DATASET_03_MELBOURNE_ETP_OUTLET,observed,SHA256:47948ae79b2e703e4c0d89e3bb62f4d8bdc4def6bf8452f69506dc59141e4b96
3/21/2017 4:23:00 AM,26.0,,0.06,2.6,,,1160,2017-03-21T04:23:00.000000Z,MWC_ETP_MELBOURNE,final_effluent,DATASET_03_MELBOURNE_ETP_OUTLET,observed,SHA256:47948ae79b2e703e4c0d89e3bb62f4d8bdc4def6bf8452f69506dc59141e4b96
3/22/2017 1:56:00 AM,30.0,,0.09,3.1,,,1161,2017-03-22T01:56:00.000000Z,MWC_ETP_MELBOURNE,final_effluent,DATASET_03_MELBOURNE_ETP_OUTLET,observed,SHA256:47948ae79b2e703e4c0d89e3bb62f4d8bdc4def6bf8452f69506dc59141e4b96
3/23/2017 1:56:00 AM,25.0,,0.11,2.6,,,1162,2017-03-23T01:56:00.000000Z,MWC_ETP_MELBOURNE,final_effluent,DATASET_03_MELBOURNE_ETP_OUTLET,observed,SHA256:47948ae79b2e703e4c0d89e3bb62f4d8bdc4def6bf8452f69506dc59141e4b96
3/24/2017 2:01:00 AM,26.0,,0.1,2.7,,,1163,2017-03-24T02:01:00.000000Z,MWC_ETP_MELBOURNE,final_effluent,DATASET_03_MELBOURNE_ETP_OUTLET,observed,SHA256:47948ae79b2e703e4c0d89e3bb62f4d8bdc4def6bf8452f69506dc59141e4b96
3/27/2017 2:37:00 AM,30.0,,0.12,3.0,,,1164,2017-03-27T02:37:00.000000Z,MWC_ETP_MELBOURNE,final_effluent,DATASET_03_MELBOURNE_ETP_OUTLET,observed,SHA256:47948ae79b2e703e4c0d89e3bb62f4d8bdc4def6bf8452f69506dc59141e4b96
3/28/2017 1:27:00 AM,21.0,,0.1,4.0,,,1165,2017-03-28T01:27:00.000000Z,MWC_ETP_MELBOURNE,final_effluent,DATASET_03_MELBOURNE_ETP_OUTLET,observed,SHA256:47948ae79b2e703e4c0d89e3bb62f4d8bdc4def6bf8452f69506dc59141e4b96
3/28/2017 8:00:00 PM,,2.0,0.1,,,,1166,2017-03-28T20:00:00.000000Z,MWC_ETP_MELBOURNE,final_effluent,DATASET_03_MELBOURNE_ETP_OUTLET,observed,SHA256:47948ae79b2e703e4c0d89e3bb62f4d8bdc4def6bf8452f69506dc59141e4b96
3/29/2017 1:07:00 AM,28.0,,0.05,2.4,,,1167,2017-03-29T01:07:00.000000Z,MWC_ETP_MELBOURNE,final_effluent,DATASET_03_MELBOURNE_ETP_OUTLET,observed,SHA256:47948ae79b2e703e4c0d89e3bb62f4d8bdc4def6bf8452f69506dc59141e4b96
3/30/2017 1:38:00 AM,30.0,,0.07,2.8,,,1168,2017-03-30T01:38:00.000000Z,MWC_ETP_MELBOURNE,final_effluent,DATASET_03_MELBOURNE_ETP_OUTLET,observed,SHA256:47948ae79b2e703e4c0d89e3bb62f4d8bdc4def6bf8452f69506dc59141e4b96
3/31/2017 1:42:00 AM,25.0,,0.1,2.6,,,1169,2017-03-31T01:42:00.000000Z,MWC_ETP_MELBOURNE,final_effluent,DATASET_03_MELBOURNE_ETP_OUTLET,observed,SHA256:47948ae79b2e703e4c0d89e3bb62f4d8bdc4def6bf8452f69506dc59141e4b96
4/2/2017 9:00:00 PM,,2.0,0.1,2.4,17.0,14.0,1170,2017-04-02T21:00:00.000000Z,MWC_ETP_MELBOURNE,final_effluent,DATASET_03_MELBOURNE_ETP_OUTLET,observed,SHA256:47948ae79b2e703e4c0d89e3bb62f4d8bdc4def6bf8452f69506dc59141e4b96
4/3/2017 3:53:00 AM,30.0,,0.21,4.0,,,1171,2017-04-03T03:53:00.000000Z,MWC_ETP_MELBOURNE,final_effluent,DATASET_03_MELBOURNE_ETP_OUTLET,observed,SHA256:47948ae79b2e703e4c0d89e3bb62f4d8bdc4def6bf8452f69506dc59141e4b96
4/4/2017 2:16:00 AM,38.0,,0.15,1.6,,,1172,2017-04-04T02:16:00.000000Z,MWC_ETP_MELBOURNE,final_effluent,DATASET_03_MELBOURNE_ETP_OUTLET,observed,SHA256:47948ae79b2e703e4c0d89e3bb62f4d8bdc4def6bf8452f69506dc59141e4b96
4/5/2017 3:09:00 AM,25.0,,1.0,2.2,,,1173,2017-04-05T03:09:00.000000Z,MWC_ETP_MELBOURNE,final_effluent,DATASET_03_MELBOURNE_ETP_OUTLET,observed,SHA256:47948ae79b2e703e4c0d89e3bb62f4d8bdc4def6bf8452f69506dc59141e4b96
4/6/2017 2:26:00 AM,20.0,,0.05,2.1,,,1174,2017-04-06T02:26:00.000000Z,MWC_ETP_MELBOURNE,final_effluent,DATASET_03_MELBOURNE_ETP_OUTLET,observed,SHA256:47948ae79b2e703e4c0d89e3bb62f4d8bdc4def6bf8452f69506dc59141e4b96
4/7/2017 2:38:00 AM,30.0,,0.05,2.1,,,1175,2017-04-07T02:38:00.000000Z,MWC_ETP_MELBOURNE,final_effluent,DATASET_03_MELBOURNE_ETP_OUTLET,observed,SHA256:47948ae79b2e703e4c0d89e3bb62f4d8bdc4def6bf8452f69506dc59141e4b96
4/10/2017 4:03:00 AM,25.0,,0.09,2.2,,,1176,2017-04-10T04:03:00.000000Z,MWC_ETP_MELBOURNE,final_effluent,DATASET_03_MELBOURNE_ETP_OUTLET,observed,SHA256:47948ae79b2e703e4c0d89e3bb62f4d8bdc4def6bf8452f69506dc59141e4b96
4/10/2017 9:00:00 PM,,2.0,0.1,,,,1177,2017-04-10T21:00:00.000000Z,MWC_ETP_MELBOURNE,final_effluent,DATASET_03_MELBOURNE_ETP_OUTLET,observed,SHA256:47948ae79b2e703e4c0d89e3bb62f4d8bdc4def6bf8452f69506dc59141e4b96
4/11/2017 3:57:00 AM,28.0,,0.06,2.0,,,1178,2017-04-11T03:57:00.000000Z,MWC_ETP_MELBOURNE,final_effluent,DATASET_03_MELBOURNE_ETP_OUTLET,observed,SHA256:47948ae79b2e703e4c0d89e3bb62f4d8bdc4def6bf8452f69506dc59141e4b96
4/12/2017 2:40:00 AM,25.0,,0.04,3.3,,,1179,2017-04-12T02:40:00.000000Z,MWC_ETP_MELBOURNE,final_effluent,DATASET_03_MELBOURNE_ETP_OUTLET,observed,SHA256:47948ae79b2e703e4c0d89e3bb62f4d8bdc4def6bf8452f69506dc59141e4b96
4/13/2017 3:30:00 AM,29.0,,0.06,2.6,,,1180,2017-04-13T03:30:00.000000Z,MWC_ETP_MELBOURNE,final_effluent,DATASET_03_MELBOURNE_ETP_OUTLET,observed,SHA256:47948ae79b2e703e4c0d89e3bb62f4d8bdc4def6bf8452f69506dc59141e4b96
4/18/2017 2:42:00 AM,25.0,,0.15,1.6,,,1181,2017-04-18T02:42:00.000000Z,MWC_ETP_MELBOURNE,final_effluent,DATASET_03_MELBOURNE_ETP_OUTLET,observed,SHA256:47948ae79b2e703e4c0d89e3bb62f4d8bdc4def6bf8452f69506dc59141e4b96
4/18/2017 9:00:00 PM,,2.0,0.1,1.3,19.0,18.0,1182,2017-04-18T21:00:00.000000Z,MWC_ETP_MELBOURNE,final_effluent,DATASET_03_MELBOURNE_ETP_OUTLET,observed,SHA256:47948ae79b2e703e4c0d89e3bb62f4d8bdc4def6bf8452f69506dc59141e4b96
4/19/2017 2:08:00 AM,23.0,,0.09,3.0,,,1183,2017-04-19T02:08:00.000000Z,MWC_ETP_MELBOURNE,final_effluent,DATASET_03_MELBOURNE_ETP_OUTLET,observed,SHA256:47948ae79b2e703e4c0d89e3bb62f4d8bdc4def6bf8452f69506dc59141e4b96
4/20/2017 2:03:00 AM,26.0,,0.09,2.7,,,1184,2017-04-20T02:03:00.000000Z,MWC_ETP_MELBOURNE,final_effluent,DATASET_03_MELBOURNE_ETP_OUTLET,observed,SHA256:47948ae79b2e703e4c0d89e3bb62f4d8bdc4def6bf8452f69506dc59141e4b96
4/21/2017 2:24:00 AM,28.0,,0.08,1.8,,,1185,2017-04-21T02:24:00.000000Z,MWC_ETP_MELBOURNE,final_effluent,DATASET_03_MELBOURNE_ETP_OUTLET,observed,SHA256:47948ae79b2e703e4c0d89e3bb62f4d8bdc4def6bf8452f69506dc59141e4b96
4/24/2017 2:39:00 AM,27.0,,0.09,5.0,,,1186,2017-04-24T02:39:00.000000Z,MWC_ETP_MELBOURNE,final_effluent,DATASET_03_MELBOURNE_ETP_OUTLET,observed,SHA256:47948ae79b2e703e4c0d89e3bb62f4d8bdc4def6bf8452f69506dc59141e4b96
4/26/2017 2:22:00 AM,20.0,,0.05,3.5,,,1187,2017-04-26T02:22:00.000000Z,MWC_ETP_MELBOURNE,final_effluent,DATASET_03_MELBOURNE_ETP_OUTLET,observed,SHA256:47948ae79b2e703e4c0d89e3bb62f4d8bdc4def6bf8452f69506dc59141e4b96
4/26/2017 9:00:00 PM,,2.0,0.1,,,,1188,2017-04-26T21:00:00.000000Z,MWC_ETP_MELBOURNE,final_effluent,DATASET_03_MELBOURNE_ETP_OUTLET,observed,SHA256:47948ae79b2e703e4c0d89e3bb62f4d8bdc4def6bf8452f69506dc59141e4b96
4/27/2017 3:04:00 AM,25.0,,0.1,2.0,,,1189,2017-04-27T03:04:00.000000Z,MWC_ETP_MELBOURNE,final_effluent,DATASET_03_MELBOURNE_ETP_OUTLET,observed,SHA256:47948ae79b2e703e4c0d89e3bb62f4d8bdc4def6bf8452f69506dc59141e4b96
4/28/2017 2:52:00 AM,30.0,,0.04,2.2,,,1190,2017-04-28T02:52:00.000000Z,MWC_ETP_MELBOURNE,final_effluent,DATASET_03_MELBOURNE_ETP_OUTLET,observed,SHA256:47948ae79b2e703e4c0d89e3bb62f4d8bdc4def6bf8452f69506dc59141e4b96
5/1/2017 2:34:00 AM,40.0,,0.08,3.7,,,1191,2017-05-01T02:34:00.000000Z,MWC_ETP_MELBOURNE,final_effluent,DATASET_03_MELBOURNE_ETP_OUTLET,observed,SHA256:47948ae79b2e703e4c0d89e3bb62f4d8bdc4def6bf8452f69506dc59141e4b96
5/2/2017 2:25:00 AM,26.0,,0.1,5.0,,,1192,2017-05-02T02:25:00.000000Z,MWC_ETP_MELBOURNE,final_effluent,DATASET_03_MELBOURNE_ETP_OUTLET,observed,SHA256:47948ae79b2e703e4c0d89e3bb62f4d8bdc4def6bf8452f69506dc59141e4b96
5/2/2017 9:00:00 PM,,2.0,0.1,1.7,16.0,14.0,1193,2017-05-02T21:00:00.000000Z,MWC_ETP_MELBOURNE,final_effluent,DATASET_03_MELBOURNE_ETP_OUTLET,observed,SHA256:47948ae79b2e703e4c0d89e3bb62f4d8bdc4def6bf8452f69506dc59141e4b96
5/3/2017 2:50:00 AM,30.0,,,2.5,,,1194,2017-05-03T02:50:00.000000Z,MWC_ETP_MELBOURNE,final_effluent,DATASET_03_MELBOURNE_ETP_OUTLET,observed,SHA256:47948ae79b2e703e4c0d89e3bb62f4d8bdc4def6bf8452f69506dc59141e4b96
5/4/2017 2:40:00 AM,29.0,,0.08,4.0,,,1195,2017-05-04T02:40:00.000000Z,MWC_ETP_MELBOURNE,final_effluent,DATASET_03_MELBOURNE_ETP_OUTLET,observed,SHA256:47948ae79b2e703e4c0d89e3bb62f4d8bdc4def6bf8452f69506dc59141e4b96
5/5/2017 2:02:00 AM,33.0,,0.08,2.7,,,1196,2017-05-05T02:02:00.000000Z,MWC_ETP_MELBOURNE,final_effluent,DATASET_03_MELBOURNE_ETP_OUTLET,observed,SHA256:47948ae79b2e703e4c0d89e3bb62f4d8bdc4def6bf8452f69506dc59141e4b96
5/8/2017 2:52:00 AM,30.0,,0.09,2.8,,,1197,2017-05-08T02:52:00.000000Z,MWC_ETP_MELBOURNE,final_effluent,DATASET_03_MELBOURNE_ETP_OUTLET,observed,SHA256:47948ae79b2e703e4c0d89e3bb62f4d8bdc4def6bf8452f69506dc59141e4b96
5/9/2017 2:40:00 AM,29.0,,0.08,2.6,,,1198,2017-05-09T02:40:00.000000Z,MWC_ETP_MELBOURNE,final_effluent,DATASET_03_MELBOURNE_ETP_OUTLET,observed,SHA256:47948ae79b2e703e4c0d89e3bb62f4d8bdc4def6bf8452f69506dc59141e4b96
5/10/2017 3:23:00 AM,25.0,,0.08,2.0,,,1199,2017-05-10T03:23:00.000000Z,MWC_ETP_MELBOURNE,final_effluent,DATASET_03_MELBOURNE_ETP_OUTLET,observed,SHA256:47948ae79b2e703e4c0d89e3bb62f4d8bdc4def6bf8452f69506dc59141e4b96
5/10/2017 9:00:00 PM,,2.0,0.1,,,,1200,2017-05-10T21:00:00.000000Z,MWC_ETP_MELBOURNE,final_effluent,DATASET_03_MELBOURNE_ETP_OUTLET,observed,SHA256:47948ae79b2e703e4c0d89e3bb62f4d8bdc4def6bf8452f69506dc59141e4b96
12/18/2018 2:06:00 AM,15.0,,0.24,3.2,,,1201,2018-12-18T02:06:00.000000Z,MWC_ETP_MELBOURNE,final_effluent,DATASET_03_MELBOURNE_ETP_OUTLET,observed,SHA256:47948ae79b2e703e4c0d89e3bb62f4d8bdc4def6bf8452f69506dc59141e4b96
6/28/2018 2:59:00 AM,20.0,,0.16,1.4,,,1202,2018-06-28T02:59:00.000000Z,MWC_ETP_MELBOURNE,final_effluent,DATASET_03_MELBOURNE_ETP_OUTLET,observed,SHA256:47948ae79b2e703e4c0d89e3bb62f4d8bdc4def6bf8452f69506dc59141e4b96
12/18/2018 8:00:00 PM,,2.0,0.1,,,,1203,2018-12-18T20:00:00.000000Z,MWC_ETP_MELBOURNE,final_effluent,DATASET_03_MELBOURNE_ETP_OUTLET,observed,SHA256:47948ae79b2e703e4c0d89e3bb62f4d8bdc4def6bf8452f69506dc59141e4b96
12/19/2018 2:13:00 AM,24.0,,0.1,4.3,,,1204,2018-12-19T02:13:00.000000Z,MWC_ETP_MELBOURNE,final_effluent,DATASET_03_MELBOURNE_ETP_OUTLET,observed,SHA256:47948ae79b2e703e4c0d89e3bb62f4d8bdc4def6bf8452f69506dc59141e4b96
6/29/2018 3:00:00 AM,25.0,,0.36,1.9,,,1205,2018-06-29T03:00:00.000000Z,MWC_ETP_MELBOURNE,final_effluent,DATASET_03_MELBOURNE_ETP_OUTLET,observed,SHA256:47948ae79b2e703e4c0d89e3bb62f4d8bdc4def6bf8452f69506dc59141e4b96
12/20/2018 12:53:00 AM,20.0,,0.01,3.7,,,1206,2018-12-20T00:53:00.000000Z,MWC_ETP_MELBOURNE,final_effluent,DATASET_03_MELBOURNE_ETP_OUTLET,observed,SHA256:47948ae79b2e703e4c0d89e3bb62f4d8bdc4def6bf8452f69506dc59141e4b96
7/2/2018 3:22:00 AM,20.0,,0.06,1.5,,,1207,2018-07-02T03:22:00.000000Z,MWC_ETP_MELBOURNE,final_effluent,DATASET_03_MELBOURNE_ETP_OUTLET,observed,SHA256:47948ae79b2e703e4c0d89e3bb62f4d8bdc4def6bf8452f69506dc59141e4b96
12/21/2018 2:09:00 AM,15.0,,0.13,3.5,,,1208,2018-12-21T02:09:00.000000Z,MWC_ETP_MELBOURNE,final_effluent,DATASET_03_MELBOURNE_ETP_OUTLET,observed,SHA256:47948ae79b2e703e4c0d89e3bb62f4d8bdc4def6bf8452f69506dc59141e4b96
7/2/2018 9:00:00 PM,,2.0,0.1,,,,1209,2018-07-02T21:00:00.000000Z,MWC_ETP_MELBOURNE,final_effluent,DATASET_03_MELBOURNE_ETP_OUTLET,observed,SHA256:47948ae79b2e703e4c0d89e3bb62f4d8bdc4def6bf8452f69506dc59141e4b96
12/24/2018 4:02:00 AM,4.0,,,,,,1210,2018-12-24T04:02:00.000000Z,MWC_ETP_MELBOURNE,final_effluent,DATASET_03_MELBOURNE_ETP_OUTLET,observed,SHA256:47948ae79b2e703e4c0d89e3bb62f4d8bdc4def6bf8452f69506dc59141e4b96
7/3/2018 2:51:00 AM,30.0,,0.06,1.8,,,1211,2018-07-03T02:51:00.000000Z,MWC_ETP_MELBOURNE,final_effluent,DATASET_03_MELBOURNE_ETP_OUTLET,observed,SHA256:47948ae79b2e703e4c0d89e3bb62f4d8bdc4def6bf8452f69506dc59141e4b96
12/27/2018 3:53:00 AM,2.0,,,,,,1212,2018-12-27T03:53:00.000000Z,MWC_ETP_MELBOURNE,final_effluent,DATASET_03_MELBOURNE_ETP_OUTLET,observed,SHA256:47948ae79b2e703e4c0d89e3bb62f4d8bdc4def6bf8452f69506dc59141e4b96
7/4/2018 2:59:00 AM,20.0,,0.08,1.0,,,1213,2018-07-04T02:59:00.000000Z,MWC_ETP_MELBOURNE,final_effluent,DATASET_03_MELBOURNE_ETP_OUTLET,observed,SHA256:47948ae79b2e703e4c0d89e3bb62f4d8bdc4def6bf8452f69506dc59141e4b96
12/27/2018 8:00:00 PM,,2.0,0.1,1.3,18.0,17.0,1214,2018-12-27T20:00:00.000000Z,MWC_ETP_MELBOURNE,final_effluent,DATASET_03_MELBOURNE_ETP_OUTLET,observed,SHA256:47948ae79b2e703e4c0d89e3bb62f4d8bdc4def6bf8452f69506dc59141e4b96
7/5/2018 2:38:00 AM,25.0,,0.08,1.6,,,1215,2018-07-05T02:38:00.000000Z,MWC_ETP_MELBOURNE,final_effluent,DATASET_03_MELBOURNE_ETP_OUTLET,observed,SHA256:47948ae79b2e703e4c0d89e3bb62f4d8bdc4def6bf8452f69506dc59141e4b96
12/28/2018 4:05:00 AM,4.0,,,,,,1216,2018-12-28T04:05:00.000000Z,MWC_ETP_MELBOURNE,final_effluent,DATASET_03_MELBOURNE_ETP_OUTLET,observed,SHA256:47948ae79b2e703e4c0d89e3bb62f4d8bdc4def6bf8452f69506dc59141e4b96
7/6/2018 2:30:00 AM,15.0,,0.05,1.1,,,1217,2018-07-06T02:30:00.000000Z,MWC_ETP_MELBOURNE,final_effluent,DATASET_03_MELBOURNE_ETP_OUTLET,observed,SHA256:47948ae79b2e703e4c0d89e3bb62f4d8bdc4def6bf8452f69506dc59141e4b96
12/31/2018 3:54:00 AM,6.0,,,,,,1218,2018-12-31T03:54:00.000000Z,MWC_ETP_MELBOURNE,final_effluent,DATASET_03_MELBOURNE_ETP_OUTLET,observed,SHA256:47948ae79b2e703e4c0d89e3bb62f4d8bdc4def6bf8452f69506dc59141e4b96
7/8/2018 9:00:00 PM,,2.0,0.1,1.5,17.0,16.0,1219,2018-07-08T21:00:00.000000Z,MWC_ETP_MELBOURNE,final_effluent,DATASET_03_MELBOURNE_ETP_OUTLET,observed,SHA256:47948ae79b2e703e4c0d89e3bb62f4d8bdc4def6bf8452f69506dc59141e4b96
1/2/2019 3:39:00 AM,2.0,,,,,,1220,2019-01-02T03:39:00.000000Z,MWC_ETP_MELBOURNE,final_effluent,DATASET_03_MELBOURNE_ETP_OUTLET,observed,SHA256:47948ae79b2e703e4c0d89e3bb62f4d8bdc4def6bf8452f69506dc59141e4b96
7/9/2018 5:49:00 AM,2.0,,0.05,1.4,,,1221,2018-07-09T05:49:00.000000Z,MWC_ETP_MELBOURNE,final_effluent,DATASET_03_MELBOURNE_ETP_OUTLET,observed,SHA256:47948ae79b2e703e4c0d89e3bb62f4d8bdc4def6bf8452f69506dc59141e4b96
1/3/2019 3:27:00 AM,2.0,,,,,,1222,2019-01-03T03:27:00.000000Z,MWC_ETP_MELBOURNE,final_effluent,DATASET_03_MELBOURNE_ETP_OUTLET,observed,SHA256:47948ae79b2e703e4c0d89e3bb62f4d8bdc4def6bf8452f69506dc59141e4b96
1/3/2019 8:00:00 PM,,3.0,0.1,,,,1223,2019-01-03T20:00:00.000000Z,MWC_ETP_MELBOURNE,final_effluent,DATASET_03_MELBOURNE_ETP_OUTLET,observed,SHA256:47948ae79b2e703e4c0d89e3bb62f4d8bdc4def6bf8452f69506dc59141e4b96
7/10/2018 4:57:00 AM,10.0,,0.06,,,,1224,2018-07-10T04:57:00.000000Z,MWC_ETP_MELBOURNE,final_effluent,DATASET_03_MELBOURNE_ETP_OUTLET,observed,SHA256:47948ae79b2e703e4c0d89e3bb62f4d8bdc4def6bf8452f69506dc59141e4b96
1/4/2019 3:46:00 AM,2.0,,,,,,1225,2019-01-04T03:46:00.000000Z,MWC_ETP_MELBOURNE,final_effluent,DATASET_03_MELBOURNE_ETP_OUTLET,observed,SHA256:47948ae79b2e703e4c0d89e3bb62f4d8bdc4def6bf8452f69506dc59141e4b96
1/7/2019 1:58:00 AM,20.0,,0.2,1.8,,,1226,2019-01-07T01:58:00.000000Z,MWC_ETP_MELBOURNE,final_effluent,DATASET_03_MELBOURNE_ETP_OUTLET,observed,SHA256:47948ae79b2e703e4c0d89e3bb62f4d8bdc4def6bf8452f69506dc59141e4b96
7/11/2018 4:52:00 AM,24.0,,0.04,,,,1227,2018-07-11T04:52:00.000000Z,MWC_ETP_MELBOURNE,final_effluent,DATASET_03_MELBOURNE_ETP_OUTLET,observed,SHA256:47948ae79b2e703e4c0d89e3bb62f4d8bdc4def6bf8452f69506dc59141e4b96
1/8/2019 1:34:00 AM,15.0,,0.13,1.9,,,1228,2019-01-08T01:34:00.000000Z,MWC_ETP_MELBOURNE,final_effluent,DATASET_03_MELBOURNE_ETP_OUTLET,observed,SHA256:47948ae79b2e703e4c0d89e3bb62f4d8bdc4def6bf8452f69506dc59141e4b96
7/11/2018 5:18:00 AM,,,,1.3,,,1229,2018-07-11T05:18:00.000000Z,MWC_ETP_MELBOURNE,final_effluent,DATASET_03_MELBOURNE_ETP_OUTLET,observed,SHA256:47948ae79b2e703e4c0d89e3bb62f4d8bdc4def6bf8452f69506dc59141e4b96
1/9/2019 2:15:00 AM,25.0,,0.01,2.0,,,1230,2019-01-09T02:15:00.000000Z,MWC_ETP_MELBOURNE,final_effluent,DATASET_03_MELBOURNE_ETP_OUTLET,observed,SHA256:47948ae79b2e703e4c0d89e3bb62f4d8bdc4def6bf8452f69506dc59141e4b96
7/12/2018 4:49:00 AM,7.0,,0.04,1.5,,,1231,2018-07-12T04:49:00.000000Z,MWC_ETP_MELBOURNE,final_effluent,DATASET_03_MELBOURNE_ETP_OUTLET,observed,SHA256:47948ae79b2e703e4c0d89e3bb62f4d8bdc4def6bf8452f69506dc59141e4b96
1/9/2019 1:00:00 PM,,2.0,0.1,1.5,10.0,8.0,1232,2019-01-09T13:00:00.000000Z,MWC_ETP_MELBOURNE,final_effluent,DATASET_03_MELBOURNE_ETP_OUTLET,observed,SHA256:47948ae79b2e703e4c0d89e3bb62f4d8bdc4def6bf8452f69506dc59141e4b96
7/13/2018 4:44:00 AM,5.0,,0.03,,,,1233,2018-07-13T04:44:00.000000Z,MWC_ETP_MELBOURNE,final_effluent,DATASET_03_MELBOURNE_ETP_OUTLET,observed,SHA256:47948ae79b2e703e4c0d89e3bb62f4d8bdc4def6bf8452f69506dc59141e4b96
1/10/2019 1:23:00 AM,25.0,,0.1,2.4,,,1234,2019-01-10T01:23:00.000000Z,MWC_ETP_MELBOURNE,final_effluent,DATASET_03_MELBOURNE_ETP_OUTLET,observed,SHA256:47948ae79b2e703e4c0d89e3bb62f4d8bdc4def6bf8452f69506dc59141e4b96
7/16/2018 4:39:00 AM,16.0,,0.03,,,,1235,2018-07-16T04:39:00.000000Z,MWC_ETP_MELBOURNE,final_effluent,DATASET_03_MELBOURNE_ETP_OUTLET,observed,SHA256:47948ae79b2e703e4c0d89e3bb62f4d8bdc4def6bf8452f69506dc59141e4b96
1/11/2019 1:20:00 AM,30.0,,0.16,4.0,,,1236,2019-01-11T01:20:00.000000Z,MWC_ETP_MELBOURNE,final_effluent,DATASET_03_MELBOURNE_ETP_OUTLET,observed,SHA256:47948ae79b2e703e4c0d89e3bb62f4d8bdc4def6bf8452f69506dc59141e4b96
7/16/2018 9:00:00 PM,,2.0,0.1,,,,1237,2018-07-16T21:00:00.000000Z,MWC_ETP_MELBOURNE,final_effluent,DATASET_03_MELBOURNE_ETP_OUTLET,observed,SHA256:47948ae79b2e703e4c0d89e3bb62f4d8bdc4def6bf8452f69506dc59141e4b96
1/14/2019 1:20:00 AM,,,1.0,3.5,,,1238,2019-01-14T01:20:00.000000Z,MWC_ETP_MELBOURNE,final_effluent,DATASET_03_MELBOURNE_ETP_OUTLET,observed,SHA256:47948ae79b2e703e4c0d89e3bb62f4d8bdc4def6bf8452f69506dc59141e4b96
7/17/2018 4:41:00 AM,11.0,,0.08,,,,1239,2018-07-17T04:41:00.000000Z,MWC_ETP_MELBOURNE,final_effluent,DATASET_03_MELBOURNE_ETP_OUTLET,observed,SHA256:47948ae79b2e703e4c0d89e3bb62f4d8bdc4def6bf8452f69506dc59141e4b96
1/15/2019 1:26:00 AM,20.0,,0.1,3.7,,,1240,2019-01-15T01:26:00.000000Z,MWC_ETP_MELBOURNE,final_effluent,DATASET_03_MELBOURNE_ETP_OUTLET,observed,SHA256:47948ae79b2e703e4c0d89e3bb62f4d8bdc4def6bf8452f69506dc59141e4b96
7/18/2018 4:26:00 AM,10.0,,0.07,1.8,,,1241,2018-07-18T04:26:00.000000Z,MWC_ETP_MELBOURNE,final_effluent,DATASET_03_MELBOURNE_ETP_OUTLET,observed,SHA256:47948ae79b2e703e4c0d89e3bb62f4d8bdc4def6bf8452f69506dc59141e4b96
1/15/2019 8:00:00 PM,,4.0,0.1,,,,1242,2019-01-15T20:00:00.000000Z,MWC_ETP_MELBOURNE,final_effluent,DATASET_03_MELBOURNE_ETP_OUTLET,observed,SHA256:47948ae79b2e703e4c0d89e3bb62f4d8bdc4def6bf8452f69506dc59141e4b96
7/19/2018 4:33:00 AM,23.0,,0.06,,,,1243,2018-07-19T04:33:00.000000Z,MWC_ETP_MELBOURNE,final_effluent,DATASET_03_MELBOURNE_ETP_OUTLET,observed,SHA256:47948ae79b2e703e4c0d89e3bb62f4d8bdc4def6bf8452f69506dc59141e4b96
1/16/2019 2:13:00 AM,16.0,,0.12,3.8,,,1244,2019-01-16T02:13:00.000000Z,MWC_ETP_MELBOURNE,final_effluent,DATASET_03_MELBOURNE_ETP_OUTLET,observed,SHA256:47948ae79b2e703e4c0d89e3bb62f4d8bdc4def6bf8452f69506dc59141e4b96
7/20/2018 4:49:00 AM,10.0,,0.06,,,,1245,2018-07-20T04:49:00.000000Z,MWC_ETP_MELBOURNE,final_effluent,DATASET_03_MELBOURNE_ETP_OUTLET,observed,SHA256:47948ae79b2e703e4c0d89e3bb62f4d8bdc4def6bf8452f69506dc59141e4b96
1/17/2019 3:10:00 AM,16.0,,0.06,1.6,,,1246,2019-01-17T03:10:00.000000Z,MWC_ETP_MELBOURNE,final_effluent,DATASET_03_MELBOURNE_ETP_OUTLET,observed,SHA256:47948ae79b2e703e4c0d89e3bb62f4d8bdc4def6bf8452f69506dc59141e4b96
7/23/2018 4:43:00 AM,15.0,,0.12,,,,1247,2018-07-23T04:43:00.000000Z,MWC_ETP_MELBOURNE,final_effluent,DATASET_03_MELBOURNE_ETP_OUTLET,observed,SHA256:47948ae79b2e703e4c0d89e3bb62f4d8bdc4def6bf8452f69506dc59141e4b96
7/23/2018 5:19:00 AM,,,,1.9,,,1248,2018-07-23T05:19:00.000000Z,MWC_ETP_MELBOURNE,final_effluent,DATASET_03_MELBOURNE_ETP_OUTLET,observed,SHA256:47948ae79b2e703e4c0d89e3bb62f4d8bdc4def6bf8452f69506dc59141e4b96
1/18/2019 2:47:00 AM,20.0,,0.09,2.8,,,1249,2019-01-18T02:47:00.000000Z,MWC_ETP_MELBOURNE,final_effluent,DATASET_03_MELBOURNE_ETP_OUTLET,observed,SHA256:47948ae79b2e703e4c0d89e3bb62f4d8bdc4def6bf8452f69506dc59141e4b96
7/24/2018 4:26:00 AM,5.0,,0.09,1.6,,,1250,2018-07-24T04:26:00.000000Z,MWC_ETP_MELBOURNE,final_effluent,DATASET_03_MELBOURNE_ETP_OUTLET,observed,SHA256:47948ae79b2e703e4c0d89e3bb62f4d8bdc4def6bf8452f69506dc59141e4b96
1/21/2019 1:16:00 AM,25.0,,0.01,3.3,,,1251,2019-01-21T01:16:00.000000Z,MWC_ETP_MELBOURNE,final_effluent,DATASET_03_MELBOURNE_ETP_OUTLET,observed,SHA256:47948ae79b2e703e4c0d89e3bb62f4d8bdc4def6bf8452f69506dc59141e4b96
7/24/2018 9:00:00 PM,,2.0,0.2,1.5,16.0,15.0,1252,2018-07-24T21:00:00.000000Z,MWC_ETP_MELBOURNE,final_effluent,DATASET_03_MELBOURNE_ETP_OUTLET,observed,SHA256:47948ae79b2e703e4c0d89e3bb62f4d8bdc4def6bf8452f69506dc59141e4b96
1/21/2019 8:00:00 PM,,2.0,0.1,1.6,18.0,17.0,1253,2019-01-21T20:00:00.000000Z,MWC_ETP_MELBOURNE,final_effluent,DATASET_03_MELBOURNE_ETP_OUTLET,observed,SHA256:47948ae79b2e703e4c0d89e3bb62f4d8bdc4def6bf8452f69506dc59141e4b96
7/25/2018 2:29:00 AM,20.0,,0.08,1.6,,,1254,2018-07-25T02:29:00.000000Z,MWC_ETP_MELBOURNE,final_effluent,DATASET_03_MELBOURNE_ETP_OUTLET,observed,SHA256:47948ae79b2e703e4c0d89e3bb62f4d8bdc4def6bf8452f69506dc59141e4b96
1/22/2019 1:12:00 AM,25.0,,0.1,3.3,,,1255,2019-01-22T01:12:00.000000Z,MWC_ETP_MELBOURNE,final_effluent,DATASET_03_MELBOURNE_ETP_OUTLET,observed,SHA256:47948ae79b2e703e4c0d89e3bb62f4d8bdc4def6bf8452f69506dc59141e4b96
10/19/2018 1:49:00 AM,25.0,,0.25,5.2,,,1256,2018-10-19T01:49:00.000000Z,MWC_ETP_MELBOURNE,final_effluent,DATASET_03_MELBOURNE_ETP_OUTLET,observed,SHA256:47948ae79b2e703e4c0d89e3bb62f4d8bdc4def6bf8452f69506dc59141e4b96
2/18/2019 1:02:00 AM,30.0,,0.16,3.8,,,1257,2019-02-18T01:02:00.000000Z,MWC_ETP_MELBOURNE,final_effluent,DATASET_03_MELBOURNE_ETP_OUTLET,observed,SHA256:47948ae79b2e703e4c0d89e3bb62f4d8bdc4def6bf8452f69506dc59141e4b96
7/26/2018 1:42:00 AM,25.0,,0.05,1.0,,,1258,2018-07-26T01:42:00.000000Z,MWC_ETP_MELBOURNE,final_effluent,DATASET_03_MELBOURNE_ETP_OUTLET,observed,SHA256:47948ae79b2e703e4c0d89e3bb62f4d8bdc4def6bf8452f69506dc59141e4b96
7/27/2018 2:53:00 AM,29.0,,0.06,1.0,,,1259,2018-07-27T02:53:00.000000Z,MWC_ETP_MELBOURNE,final_effluent,DATASET_03_MELBOURNE_ETP_OUTLET,observed,SHA256:47948ae79b2e703e4c0d89e3bb62f4d8bdc4def6bf8452f69506dc59141e4b96
7/30/2018 3:08:00 AM,25.0,,0.1,2.0,,,1260,2018-07-30T03:08:00.000000Z,MWC_ETP_MELBOURNE,final_effluent,DATASET_03_MELBOURNE_ETP_OUTLET,observed,SHA256:47948ae79b2e703e4c0d89e3bb62f4d8bdc4def6bf8452f69506dc59141e4b96
7/31/2018 2:06:00 AM,25.0,,0.08,1.6,,,1261,2018-07-31T02:06:00.000000Z,MWC_ETP_MELBOURNE,final_effluent,DATASET_03_MELBOURNE_ETP_OUTLET,observed,SHA256:47948ae79b2e703e4c0d89e3bb62f4d8bdc4def6bf8452f69506dc59141e4b96
8/1/2018 2:20:00 AM,25.0,,0.09,1.0,,,1262,2018-08-01T02:20:00.000000Z,MWC_ETP_MELBOURNE,final_effluent,DATASET_03_MELBOURNE_ETP_OUTLET,observed,SHA256:47948ae79b2e703e4c0d89e3bb62f4d8bdc4def6bf8452f69506dc59141e4b96
8/1/2018 9:00:00 PM,,3.0,0.1,,,,1263,2018-08-01T21:00:00.000000Z,MWC_ETP_MELBOURNE,final_effluent,DATASET_03_MELBOURNE_ETP_OUTLET,observed,SHA256:47948ae79b2e703e4c0d89e3bb62f4d8bdc4def6bf8452f69506dc59141e4b96
8/2/2018 2:43:00 AM,25.0,,0.09,1.6,,,1264,2018-08-02T02:43:00.000000Z,MWC_ETP_MELBOURNE,final_effluent,DATASET_03_MELBOURNE_ETP_OUTLET,observed,SHA256:47948ae79b2e703e4c0d89e3bb62f4d8bdc4def6bf8452f69506dc59141e4b96
8/3/2018 2:41:00 AM,25.0,,0.09,1.7,,,1265,2018-08-03T02:41:00.000000Z,MWC_ETP_MELBOURNE,final_effluent,DATASET_03_MELBOURNE_ETP_OUTLET,observed,SHA256:47948ae79b2e703e4c0d89e3bb62f4d8bdc4def6bf8452f69506dc59141e4b96
8/6/2018 2:48:00 AM,20.0,,0.09,1.1,,,1266,2018-08-06T02:48:00.000000Z,MWC_ETP_MELBOURNE,final_effluent,DATASET_03_MELBOURNE_ETP_OUTLET,observed,SHA256:47948ae79b2e703e4c0d89e3bb62f4d8bdc4def6bf8452f69506dc59141e4b96
8/7/2018 2:31:00 AM,25.0,,0.09,1.1,,,1267,2018-08-07T02:31:00.000000Z,MWC_ETP_MELBOURNE,final_effluent,DATASET_03_MELBOURNE_ETP_OUTLET,observed,SHA256:47948ae79b2e703e4c0d89e3bb62f4d8bdc4def6bf8452f69506dc59141e4b96
8/8/2018 2:40:00 AM,24.0,,0.09,1.7,,,1268,2018-08-08T02:40:00.000000Z,MWC_ETP_MELBOURNE,final_effluent,DATASET_03_MELBOURNE_ETP_OUTLET,observed,SHA256:47948ae79b2e703e4c0d89e3bb62f4d8bdc4def6bf8452f69506dc59141e4b96
8/9/2018 2:12:00 AM,25.0,,0.09,2.2,,,1269,2018-08-09T02:12:00.000000Z,MWC_ETP_MELBOURNE,final_effluent,DATASET_03_MELBOURNE_ETP_OUTLET,observed,SHA256:47948ae79b2e703e4c0d89e3bb62f4d8bdc4def6bf8452f69506dc59141e4b96
8/9/2018 9:00:00 PM,,2.0,0.1,1.5,15.0,13.0,1270,2018-08-09T21:00:00.000000Z,MWC_ETP_MELBOURNE,final_effluent,DATASET_03_MELBOURNE_ETP_OUTLET,observed,SHA256:47948ae79b2e703e4c0d89e3bb62f4d8bdc4def6bf8452f69506dc59141e4b96
8/10/2018 2:21:00 AM,20.0,,0.06,1.7,,,1271,2018-08-10T02:21:00.000000Z,MWC_ETP_MELBOURNE,final_effluent,DATASET_03_MELBOURNE_ETP_OUTLET,observed,SHA256:47948ae79b2e703e4c0d89e3bb62f4d8bdc4def6bf8452f69506dc59141e4b96
8/13/2018 2:18:00 AM,25.0,,0.08,1.1,,,1272,2018-08-13T02:18:00.000000Z,MWC_ETP_MELBOURNE,final_effluent,DATASET_03_MELBOURNE_ETP_OUTLET,observed,SHA256:47948ae79b2e703e4c0d89e3bb62f4d8bdc4def6bf8452f69506dc59141e4b96
8/14/2018 2:15:00 AM,25.0,,0.1,1.4,,,1273,2018-08-14T02:15:00.000000Z,MWC_ETP_MELBOURNE,final_effluent,DATASET_03_MELBOURNE_ETP_OUTLET,observed,SHA256:47948ae79b2e703e4c0d89e3bb62f4d8bdc4def6bf8452f69506dc59141e4b96
8/15/2018 2:20:00 AM,30.0,,0.11,1.5,,,1274,2018-08-15T02:20:00.000000Z,MWC_ETP_MELBOURNE,final_effluent,DATASET_03_MELBOURNE_ETP_OUTLET,observed,SHA256:47948ae79b2e703e4c0d89e3bb62f4d8bdc4def6bf8452f69506dc59141e4b96
8/15/2018 9:00:00 PM,,2.0,0.1,,,,1275,2018-08-15T21:00:00.000000Z,MWC_ETP_MELBOURNE,final_effluent,DATASET_03_MELBOURNE_ETP_OUTLET,observed,SHA256:47948ae79b2e703e4c0d89e3bb62f4d8bdc4def6bf8452f69506dc59141e4b96
8/16/2018 2:47:00 AM,30.0,,0.09,1.2,,,1276,2018-08-16T02:47:00.000000Z,MWC_ETP_MELBOURNE,final_effluent,DATASET_03_MELBOURNE_ETP_OUTLET,observed,SHA256:47948ae79b2e703e4c0d89e3bb62f4d8bdc4def6bf8452f69506dc59141e4b96
8/17/2018 2:06:00 AM,30.0,,0.09,1.3,,,1277,2018-08-17T02:06:00.000000Z,MWC_ETP_MELBOURNE,final_effluent,DATASET_03_MELBOURNE_ETP_OUTLET,observed,SHA256:47948ae79b2e703e4c0d89e3bb62f4d8bdc4def6bf8452f69506dc59141e4b96
8/20/2018 2:57:00 AM,20.0,,0.08,1.4,,,1278,2018-08-20T02:57:00.000000Z,MWC_ETP_MELBOURNE,final_effluent,DATASET_03_MELBOURNE_ETP_OUTLET,observed,SHA256:47948ae79b2e703e4c0d89e3bb62f4d8bdc4def6bf8452f69506dc59141e4b96
8/21/2018 2:43:00 AM,15.0,,0.04,1.1,,,1279,2018-08-21T02:43:00.000000Z,MWC_ETP_MELBOURNE,final_effluent,DATASET_03_MELBOURNE_ETP_OUTLET,observed,SHA256:47948ae79b2e703e4c0d89e3bb62f4d8bdc4def6bf8452f69506dc59141e4b96
8/21/2018 9:00:00 PM,,2.0,0.1,1.0,14.0,13.0,1280,2018-08-21T21:00:00.000000Z,MWC_ETP_MELBOURNE,final_effluent,DATASET_03_MELBOURNE_ETP_OUTLET,observed,SHA256:47948ae79b2e703e4c0d89e3bb62f4d8bdc4def6bf8452f69506dc59141e4b96
8/22/2018 3:56:00 AM,10.0,,0.08,1.1,,,1281,2018-08-22T03:56:00.000000Z,MWC_ETP_MELBOURNE,final_effluent,DATASET_03_MELBOURNE_ETP_OUTLET,observed,SHA256:47948ae79b2e703e4c0d89e3bb62f4d8bdc4def6bf8452f69506dc59141e4b96
8/23/2018 2:23:00 AM,25.0,,0.06,1.4,,,1282,2018-08-23T02:23:00.000000Z,MWC_ETP_MELBOURNE,final_effluent,DATASET_03_MELBOURNE_ETP_OUTLET,observed,SHA256:47948ae79b2e703e4c0d89e3bb62f4d8bdc4def6bf8452f69506dc59141e4b96
1/2/2018 1:20:00 AM,25.0,,0.07,1.2,,,1283,2018-01-02T01:20:00.000000Z,MWC_ETP_MELBOURNE,final_effluent,DATASET_03_MELBOURNE_ETP_OUTLET,observed,SHA256:47948ae79b2e703e4c0d89e3bb62f4d8bdc4def6bf8452f69506dc59141e4b96
2/28/2018 1:38:00 AM,26.0,,0.0,2.7,,,1284,2018-02-28T01:38:00.000000Z,MWC_ETP_MELBOURNE,final_effluent,DATASET_03_MELBOURNE_ETP_OUTLET,observed,SHA256:47948ae79b2e703e4c0d89e3bb62f4d8bdc4def6bf8452f69506dc59141e4b96
3/1/2018 1:42:00 AM,20.0,,0.05,1.5,,,1285,2018-03-01T01:42:00.000000Z,MWC_ETP_MELBOURNE,final_effluent,DATASET_03_MELBOURNE_ETP_OUTLET,observed,SHA256:47948ae79b2e703e4c0d89e3bb62f4d8bdc4def6bf8452f69506dc59141e4b96
8/24/2018 2:51:00 AM,20.0,,0.05,1.4,,,1286,2018-08-24T02:51:00.000000Z,MWC_ETP_MELBOURNE,final_effluent,DATASET_03_MELBOURNE_ETP_OUTLET,observed,SHA256:47948ae79b2e703e4c0d89e3bb62f4d8bdc4def6bf8452f69506dc59141e4b96
1/3/2018 1:37:00 AM,30.0,,0.09,1.8,,,1287,2018-01-03T01:37:00.000000Z,MWC_ETP_MELBOURNE,final_effluent,DATASET_03_MELBOURNE_ETP_OUTLET,observed,SHA256:47948ae79b2e703e4c0d89e3bb62f4d8bdc4def6bf8452f69506dc59141e4b96
3/2/2018 1:36:00 AM,20.0,,0.05,2.1,,,1288,2018-03-02T01:36:00.000000Z,MWC_ETP_MELBOURNE,final_effluent,DATASET_03_MELBOURNE_ETP_OUTLET,observed,SHA256:47948ae79b2e703e4c0d89e3bb62f4d8bdc4def6bf8452f69506dc59141e4b96
10/22/2018 1:55:00 AM,25.0,,0.12,2.8,,,1289,2018-10-22T01:55:00.000000Z,MWC_ETP_MELBOURNE,final_effluent,DATASET_03_MELBOURNE_ETP_OUTLET,observed,SHA256:47948ae79b2e703e4c0d89e3bb62f4d8bdc4def6bf8452f69506dc59141e4b96
2/19/2019 1:30:00 AM,25.0,,0.09,3.3,,,1290,2019-02-19T01:30:00.000000Z,MWC_ETP_MELBOURNE,final_effluent,DATASET_03_MELBOURNE_ETP_OUTLET,observed,SHA256:47948ae79b2e703e4c0d89e3bb62f4d8bdc4def6bf8452f69506dc59141e4b96
8/27/2018 2:52:00 AM,25.0,,0.06,2.4,,,1291,2018-08-27T02:52:00.000000Z,MWC_ETP_MELBOURNE,final_effluent,DATASET_03_MELBOURNE_ETP_OUTLET,observed,SHA256:47948ae79b2e703e4c0d89e3bb62f4d8bdc4def6bf8452f69506dc59141e4b96
1/4/2018 1:07:00 AM,30.0,,7.0,2.6,,,1292,2018-01-04T01:07:00.000000Z,MWC_ETP_MELBOURNE,final_effluent,DATASET_03_MELBOURNE_ETP_OUTLET,observed,SHA256:47948ae79b2e703e4c0d89e3bb62f4d8bdc4def6bf8452f69506dc59141e4b96
1/23/2019 1:41:00 AM,25.0,,0.33,3.0,,,1293,2019-01-23T01:41:00.000000Z,MWC_ETP_MELBOURNE,final_effluent,DATASET_03_MELBOURNE_ETP_OUTLET,observed,SHA256:47948ae79b2e703e4c0d89e3bb62f4d8bdc4def6bf8452f69506dc59141e4b96
3/4/2018 11:42:00 PM,,,0.06,1.8,,,1294,2018-03-04T23:42:00.000000Z,MWC_ETP_MELBOURNE,final_effluent,DATASET_03_MELBOURNE_ETP_OUTLET,observed,SHA256:47948ae79b2e703e4c0d89e3bb62f4d8bdc4def6bf8452f69506dc59141e4b96
10/22/2018 8:00:00 PM,,2.0,0.1,,,,1295,2018-10-22T20:00:00.000000Z,MWC_ETP_MELBOURNE,final_effluent,DATASET_03_MELBOURNE_ETP_OUTLET,observed,SHA256:47948ae79b2e703e4c0d89e3bb62f4d8bdc4def6bf8452f69506dc59141e4b96
2/20/2019 1:05:00 AM,25.0,,0.1,4.0,,,1296,2019-02-20T01:05:00.000000Z,MWC_ETP_MELBOURNE,final_effluent,DATASET_03_MELBOURNE_ETP_OUTLET,observed,SHA256:47948ae79b2e703e4c0d89e3bb62f4d8bdc4def6bf8452f69506dc59141e4b96
8/27/2018 9:00:00 PM,,2.0,0.1,,,,1297,2018-08-27T21:00:00.000000Z,MWC_ETP_MELBOURNE,final_effluent,DATASET_03_MELBOURNE_ETP_OUTLET,observed,SHA256:47948ae79b2e703e4c0d89e3bb62f4d8bdc4def6bf8452f69506dc59141e4b96
1/4/2018 8:00:00 PM,,3.0,0.2,,,,1298,2018-01-04T20:00:00.000000Z,MWC_ETP_MELBOURNE,final_effluent,DATASET_03_MELBOURNE_ETP_OUTLET,observed,SHA256:47948ae79b2e703e4c0d89e3bb62f4d8bdc4def6bf8452f69506dc59141e4b96
1/24/2019 12:52:00 AM,25.0,,0.16,4.5,,,1299,2019-01-24T00:52:00.000000Z,MWC_ETP_MELBOURNE,final_effluent,DATASET_03_MELBOURNE_ETP_OUTLET,observed,SHA256:47948ae79b2e703e4c0d89e3bb62f4d8bdc4def6bf8452f69506dc59141e4b96
3/5/2018 8:00:00 PM,,2.0,0.1,1.6,17.0,15.0,1300,2018-03-05T20:00:00.000000Z,MWC_ETP_MELBOURNE,final_effluent,DATASET_03_MELBOURNE_ETP_OUTLET,observed,SHA256:47948ae79b2e703e4c0d89e3bb62f4d8bdc4def6bf8452f69506dc59141e4b96
10/23/2018 2:00:00 AM,25.0,,0.18,2.3,,,1301,2018-10-23T02:00:00.000000Z,MWC_ETP_MELBOURNE,final_effluent,DATASET_03_MELBOURNE_ETP_OUTLET,observed,SHA256:47948ae79b2e703e4c0d89e3bb62f4d8bdc4def6bf8452f69506dc59141e4b96
2/20/2019 8:00:00 PM,,2.0,0.1,1.5,13.0,11.0,1302,2019-02-20T20:00:00.000000Z,MWC_ETP_MELBOURNE,final_effluent,DATASET_03_MELBOURNE_ETP_OUTLET,observed,SHA256:47948ae79b2e703e4c0d89e3bb62f4d8bdc4def6bf8452f69506dc59141e4b96
8/28/2018 2:46:00 AM,15.0,,0.06,1.2,,,1303,2018-08-28T02:46:00.000000Z,MWC_ETP_MELBOURNE,final_effluent,DATASET_03_MELBOURNE_ETP_OUTLET,observed,SHA256:47948ae79b2e703e4c0d89e3bb62f4d8bdc4def6bf8452f69506dc59141e4b96
1/5/2018 1:35:00 AM,30.0,,0.06,1.8,,,1304,2018-01-05T01:35:00.000000Z,MWC_ETP_MELBOURNE,final_effluent,DATASET_03_MELBOURNE_ETP_OUTLET,observed,SHA256:47948ae79b2e703e4c0d89e3bb62f4d8bdc4def6bf8452f69506dc59141e4b96
1/25/2019 4:27:00 AM,2.0,,,,,,1305,2019-01-25T04:27:00.000000Z,MWC_ETP_MELBOURNE,final_effluent,DATASET_03_MELBOURNE_ETP_OUTLET,observed,SHA256:47948ae79b2e703e4c0d89e3bb62f4d8bdc4def6bf8452f69506dc59141e4b96
3/6/2018 2:30:00 AM,20.0,,0.05,1.0,,,1306,2018-03-06T02:30:00.000000Z,MWC_ETP_MELBOURNE,final_effluent,DATASET_03_MELBOURNE_ETP_OUTLET,observed,SHA256:47948ae79b2e703e4c0d89e3bb62f4d8bdc4def6bf8452f69506dc59141e4b96
10/24/2018 2:01:00 AM,25.0,,0.15,6.0,,,1307,2018-10-24T02:01:00.000000Z,MWC_ETP_MELBOURNE,final_effluent,DATASET_03_MELBOURNE_ETP_OUTLET,observed,SHA256:47948ae79b2e703e4c0d89e3bb62f4d8bdc4def6bf8452f69506dc59141e4b96
2/21/2019 1:21:00 AM,30.0,,0.15,1.3,,,1308,2019-02-21T01:21:00.000000Z,MWC_ETP_MELBOURNE,final_effluent,DATASET_03_MELBOURNE_ETP_OUTLET,observed,SHA256:47948ae79b2e703e4c0d89e3bb62f4d8bdc4def6bf8452f69506dc59141e4b96
8/29/2018 2:23:00 AM,20.0,,0.08,2.6,,,1309,2018-08-29T02:23:00.000000Z,MWC_ETP_MELBOURNE,final_effluent,DATASET_03_MELBOURNE_ETP_OUTLET,observed,SHA256:47948ae79b2e703e4c0d89e3bb62f4d8bdc4def6bf8452f69506dc59141e4b96
1/8/2018 2:21:00 AM,35.0,,0.09,2.5,,,1310,2018-01-08T02:21:00.000000Z,MWC_ETP_MELBOURNE,final_effluent,DATASET_03_MELBOURNE_ETP_OUTLET,observed,SHA256:47948ae79b2e703e4c0d89e3bb62f4d8bdc4def6bf8452f69506dc59141e4b96
1/26/2019 12:31:00 AM,25.0,,0.1,3.9,,,1311,2019-01-26T00:31:00.000000Z,MWC_ETP_MELBOURNE,final_effluent,DATASET_03_MELBOURNE_ETP_OUTLET,observed,SHA256:47948ae79b2e703e4c0d89e3bb62f4d8bdc4def6bf8452f69506dc59141e4b96
3/7/2018 3:02:00 AM,30.0,,0.12,1.9,,,1312,2018-03-07T03:02:00.000000Z,MWC_ETP_MELBOURNE,final_effluent,DATASET_03_MELBOURNE_ETP_OUTLET,observed,SHA256:47948ae79b2e703e4c0d89e3bb62f4d8bdc4def6bf8452f69506dc59141e4b96
10/25/2018 1:16:00 AM,25.0,,0.2,2.0,,,1313,2018-10-25T01:16:00.000000Z,MWC_ETP_MELBOURNE,final_effluent,DATASET_03_MELBOURNE_ETP_OUTLET,observed,SHA256:47948ae79b2e703e4c0d89e3bb62f4d8bdc4def6bf8452f69506dc59141e4b96
2/22/2019 1:26:00 AM,25.0,,0.1,2.5,,,1314,2019-02-22T01:26:00.000000Z,MWC_ETP_MELBOURNE,final_effluent,DATASET_03_MELBOURNE_ETP_OUTLET,observed,SHA256:47948ae79b2e703e4c0d89e3bb62f4d8bdc4def6bf8452f69506dc59141e4b96
8/30/2018 1:55:00 AM,30.0,,0.2,1.9,,,1315,2018-08-30T01:55:00.000000Z,MWC_ETP_MELBOURNE,final_effluent,DATASET_03_MELBOURNE_ETP_OUTLET,observed,SHA256:47948ae79b2e703e4c0d89e3bb62f4d8bdc4def6bf8452f69506dc59141e4b96
1/9/2018 2:10:00 AM,35.0,,0.09,2.6,,,1316,2018-01-09T02:10:00.000000Z,MWC_ETP_MELBOURNE,final_effluent,DATASET_03_MELBOURNE_ETP_OUTLET,observed,SHA256:47948ae79b2e703e4c0d89e3bb62f4d8bdc4def6bf8452f69506dc59141e4b96
1/29/2019 1:25:00 AM,20.0,,0.09,2.8,,,1317,2019-01-29T01:25:00.000000Z,MWC_ETP_MELBOURNE,final_effluent,DATASET_03_MELBOURNE_ETP_OUTLET,observed,SHA256:47948ae79b2e703e4c0d89e3bb62f4d8bdc4def6bf8452f69506dc59141e4b96
3/8/2018 1:48:00 AM,25.0,,0.11,1.1,,,1318,2018-03-08T01:48:00.000000Z,MWC_ETP_MELBOURNE,final_effluent,DATASET_03_MELBOURNE_ETP_OUTLET,observed,SHA256:47948ae79b2e703e4c0d89e3bb62f4d8bdc4def6bf8452f69506dc59141e4b96
10/26/2018 1:06:00 AM,30.0,,0.15,2.2,,,1319,2018-10-26T01:06:00.000000Z,MWC_ETP_MELBOURNE,final_effluent,DATASET_03_MELBOURNE_ETP_OUTLET,observed,SHA256:47948ae79b2e703e4c0d89e3bb62f4d8bdc4def6bf8452f69506dc59141e4b96
2/25/2019 1:30:00 AM,25.0,,0.1,3.8,,,1320,2019-02-25T01:30:00.000000Z,MWC_ETP_MELBOURNE,final_effluent,DATASET_03_MELBOURNE_ETP_OUTLET,observed,SHA256:47948ae79b2e703e4c0d89e3bb62f4d8bdc4def6bf8452f69506dc59141e4b96
8/31/2018 2:37:00 AM,20.0,,0.04,1.3,,,1321,2018-08-31T02:37:00.000000Z,MWC_ETP_MELBOURNE,final_effluent,DATASET_03_MELBOURNE_ETP_OUTLET,observed,SHA256:47948ae79b2e703e4c0d89e3bb62f4d8bdc4def6bf8452f69506dc59141e4b96
1/10/2018 2:01:00 AM,33.0,,0.09,1.9,,,1322,2018-01-10T02:01:00.000000Z,MWC_ETP_MELBOURNE,final_effluent,DATASET_03_MELBOURNE_ETP_OUTLET,observed,SHA256:47948ae79b2e703e4c0d89e3bb62f4d8bdc4def6bf8452f69506dc59141e4b96
1/29/2019 8:00:00 PM,,2.0,0.1,,,,1323,2019-01-29T20:00:00.000000Z,MWC_ETP_MELBOURNE,final_effluent,DATASET_03_MELBOURNE_ETP_OUTLET,observed,SHA256:47948ae79b2e703e4c0d89e3bb62f4d8bdc4def6bf8452f69506dc59141e4b96
3/9/2018 2:44:00 AM,25.0,,0.14,1.0,,,1324,2018-03-09T02:44:00.000000Z,MWC_ETP_MELBOURNE,final_effluent,DATASET_03_MELBOURNE_ETP_OUTLET,observed,SHA256:47948ae79b2e703e4c0d89e3bb62f4d8bdc4def6bf8452f69506dc59141e4b96
10/29/2018 1:58:00 AM,22.0,,0.14,4.5,,,1325,2018-10-29T01:58:00.000000Z,MWC_ETP_MELBOURNE,final_effluent,DATASET_03_MELBOURNE_ETP_OUTLET,observed,SHA256:47948ae79b2e703e4c0d89e3bb62f4d8bdc4def6bf8452f69506dc59141e4b96
2/25/2019 11:54:00 PM,15.0,,0.08,3.4,,,1326,2019-02-25T23:54:00.000000Z,MWC_ETP_MELBOURNE,final_effluent,DATASET_03_MELBOURNE_ETP_OUTLET,observed,SHA256:47948ae79b2e703e4c0d89e3bb62f4d8bdc4def6bf8452f69506dc59141e4b96
9/3/2018 2:14:00 AM,25.0,,0.09,1.0,,,1327,2018-09-03T02:14:00.000000Z,MWC_ETP_MELBOURNE,final_effluent,DATASET_03_MELBOURNE_ETP_OUTLET,observed,SHA256:47948ae79b2e703e4c0d89e3bb62f4d8bdc4def6bf8452f69506dc59141e4b96
1/10/2018 8:00:00 PM,,2.0,0.1,1.8,15.0,13.0,1328,2018-01-10T20:00:00.000000Z,MWC_ETP_MELBOURNE,final_effluent,DATASET_03_MELBOURNE_ETP_OUTLET,observed,SHA256:47948ae79b2e703e4c0d89e3bb62f4d8bdc4def6bf8452f69506dc59141e4b96
1/30/2019 1:41:00 AM,20.0,,0.17,2.0,,,1329,2019-01-30T01:41:00.000000Z,MWC_ETP_MELBOURNE,final_effluent,DATASET_03_MELBOURNE_ETP_OUTLET,observed,SHA256:47948ae79b2e703e4c0d89e3bb62f4d8bdc4def6bf8452f69506dc59141e4b96
3/10/2018 12:43:00 AM,25.0,,0.11,1.7,,,1330,2018-03-10T00:43:00.000000Z,MWC_ETP_MELBOURNE,final_effluent,DATASET_03_MELBOURNE_ETP_OUTLET,observed,SHA256:47948ae79b2e703e4c0d89e3bb62f4d8bdc4def6bf8452f69506dc59141e4b96
10/30/2018 1:27:00 AM,23.0,,0.16,3.6,,,1331,2018-10-30T01:27:00.000000Z,MWC_ETP_MELBOURNE,final_effluent,DATASET_03_MELBOURNE_ETP_OUTLET,observed,SHA256:47948ae79b2e703e4c0d89e3bb62f4d8bdc4def6bf8452f69506dc59141e4b96
2/26/2019 8:00:00 PM,,2.0,0.1,,,,1332,2019-02-26T20:00:00.000000Z,MWC_ETP_MELBOURNE,final_effluent,DATASET_03_MELBOURNE_ETP_OUTLET,observed,SHA256:47948ae79b2e703e4c0d89e3bb62f4d8bdc4def6bf8452f69506dc59141e4b96
9/4/2018 2:07:00 AM,25.0,,0.09,2.0,,,1333,2018-09-04T02:07:00.000000Z,MWC_ETP_MELBOURNE,final_effluent,DATASET_03_MELBOURNE_ETP_OUTLET,observed,SHA256:47948ae79b2e703e4c0d89e3bb62f4d8bdc4def6bf8452f69506dc59141e4b96
1/11/2018 1:59:00 AM,35.0,,0.09,2.2,,,1334,2018-01-11T01:59:00.000000Z,MWC_ETP_MELBOURNE,final_effluent,DATASET_03_MELBOURNE_ETP_OUTLET,observed,SHA256:47948ae79b2e703e4c0d89e3bb62f4d8bdc4def6bf8452f69506dc59141e4b96
1/30/2019 11:44:00 PM,23.0,,0.02,1.7,,,1335,2019-01-30T23:44:00.000000Z,MWC_ETP_MELBOURNE,final_effluent,DATASET_03_MELBOURNE_ETP_OUTLET,observed,SHA256:47948ae79b2e703e4c0d89e3bb62f4d8bdc4def6bf8452f69506dc59141e4b96
3/13/2018 1:53:00 AM,25.0,,0.07,2.1,,,1336,2018-03-13T01:53:00.000000Z,MWC_ETP_MELBOURNE,final_effluent,DATASET_03_MELBOURNE_ETP_OUTLET,observed,SHA256:47948ae79b2e703e4c0d89e3bb62f4d8bdc4def6bf8452f69506dc59141e4b96
10/30/2018 8:00:00 PM,,2.0,0.1,1.9,17.0,15.0,1337,2018-10-30T20:00:00.000000Z,MWC_ETP_MELBOURNE,final_effluent,DATASET_03_MELBOURNE_ETP_OUTLET,observed,SHA256:47948ae79b2e703e4c0d89e3bb62f4d8bdc4def6bf8452f69506dc59141e4b96
2/27/2019 1:20:00 AM,25.0,,0.05,2.5,,,1338,2019-02-27T01:20:00.000000Z,MWC_ETP_MELBOURNE,final_effluent,DATASET_03_MELBOURNE_ETP_OUTLET,observed,SHA256:47948ae79b2e703e4c0d89e3bb62f4d8bdc4def6bf8452f69506dc59141e4b96
9/4/2018 9:00:00 PM,,2.0,0.1,1.6,16.0,15.0,1339,2018-09-04T21:00:00.000000Z,MWC_ETP_MELBOURNE,final_effluent,DATASET_03_MELBOURNE_ETP_OUTLET,observed,SHA256:47948ae79b2e703e4c0d89e3bb62f4d8bdc4def6bf8452f69506dc59141e4b96
1/12/2018 1:36:00 AM,35.0,,0.09,2.1,,,1340,2018-01-12T01:36:00.000000Z,MWC_ETP_MELBOURNE,final_effluent,DATASET_03_MELBOURNE_ETP_OUTLET,observed,SHA256:47948ae79b2e703e4c0d89e3bb62f4d8bdc4def6bf8452f69506dc59141e4b96
2/1/2019 2:00:00 AM,20.0,,0.1,4.2,,,1341,2019-02-01T02:00:00.000000Z,MWC_ETP_MELBOURNE,final_effluent,DATASET_03_MELBOURNE_ETP_OUTLET,observed,SHA256:47948ae79b2e703e4c0d89e3bb62f4d8bdc4def6bf8452f69506dc59141e4b96
3/13/2018 8:00:00 PM,,2.0,0.2,,,,1342,2018-03-13T20:00:00.000000Z,MWC_ETP_MELBOURNE,final_effluent,DATASET_03_MELBOURNE_ETP_OUTLET,observed,SHA256:47948ae79b2e703e4c0d89e3bb62f4d8bdc4def6bf8452f69506dc59141e4b96
10/31/2018 1:12:00 AM,25.0,,0.13,2.6,,,1343,2018-10-31T01:12:00.000000Z,MWC_ETP_MELBOURNE,final_effluent,DATASET_03_MELBOURNE_ETP_OUTLET,observed,SHA256:47948ae79b2e703e4c0d89e3bb62f4d8bdc4def6bf8452f69506dc59141e4b96
2/28/2019 1:05:00 AM,25.0,,0.1,2.4,,,1344,2019-02-28T01:05:00.000000Z,MWC_ETP_MELBOURNE,final_effluent,DATASET_03_MELBOURNE_ETP_OUTLET,observed,SHA256:47948ae79b2e703e4c0d89e3bb62f4d8bdc4def6bf8452f69506dc59141e4b96
9/5/2018 3:06:00 AM,35.0,,0.13,1.1,,,1345,2018-09-05T03:06:00.000000Z,MWC_ETP_MELBOURNE,final_effluent,DATASET_03_MELBOURNE_ETP_OUTLET,observed,SHA256:47948ae79b2e703e4c0d89e3bb62f4d8bdc4def6bf8452f69506dc59141e4b96
1/15/2018 1:33:00 AM,30.0,,0.1,2.5,,,1346,2018-01-15T01:33:00.000000Z,MWC_ETP_MELBOURNE,final_effluent,DATASET_03_MELBOURNE_ETP_OUTLET,observed,SHA256:47948ae79b2e703e4c0d89e3bb62f4d8bdc4def6bf8452f69506dc59141e4b96
2/4/2019 1:47:00 AM,25.0,,0.14,2.9,,,1347,2019-02-04T01:47:00.000000Z,MWC_ETP_MELBOURNE,final_effluent,DATASET_03_MELBOURNE_ETP_OUTLET,observed,SHA256:47948ae79b2e703e4c0d89e3bb62f4d8bdc4def6bf8452f69506dc59141e4b96
3/14/2018 2:09:00 AM,25.0,,0.06,1.5,,,1348,2018-03-14T02:09:00.000000Z,MWC_ETP_MELBOURNE,final_effluent,DATASET_03_MELBOURNE_ETP_OUTLET,observed,SHA256:47948ae79b2e703e4c0d89e3bb62f4d8bdc4def6bf8452f69506dc59141e4b96
11/1/2018 1:06:00 AM,25.0,,0.1,2.2,,,1349,2018-11-01T01:06:00.000000Z,MWC_ETP_MELBOURNE,final_effluent,DATASET_03_MELBOURNE_ETP_OUTLET,observed,SHA256:47948ae79b2e703e4c0d89e3bb62f4d8bdc4def6bf8452f69506dc59141e4b96
11/2/2018 1:17:00 AM,25.0,,0.21,2.3,,,1350,2018-11-02T01:17:00.000000Z,MWC_ETP_MELBOURNE,final_effluent,DATASET_03_MELBOURNE_ETP_OUTLET,observed,SHA256:47948ae79b2e703e4c0d89e3bb62f4d8bdc4def6bf8452f69506dc59141e4b96
11/5/2018 1:29:00 AM,25.0,,0.08,2.4,,,1351,2018-11-05T01:29:00.000000Z,MWC_ETP_MELBOURNE,final_effluent,DATASET_03_MELBOURNE_ETP_OUTLET,observed,SHA256:47948ae79b2e703e4c0d89e3bb62f4d8bdc4def6bf8452f69506dc59141e4b96
11/7/2018 2:23:00 AM,20.0,,0.43,3.7,,,1352,2018-11-07T02:23:00.000000Z,MWC_ETP_MELBOURNE,final_effluent,DATASET_03_MELBOURNE_ETP_OUTLET,observed,SHA256:47948ae79b2e703e4c0d89e3bb62f4d8bdc4def6bf8452f69506dc59141e4b96
11/8/2018 1:46:00 AM,20.0,,0.18,5.0,,,1353,2018-11-08T01:46:00.000000Z,MWC_ETP_MELBOURNE,final_effluent,DATASET_03_MELBOURNE_ETP_OUTLET,observed,SHA256:47948ae79b2e703e4c0d89e3bb62f4d8bdc4def6bf8452f69506dc59141e4b96
11/8/2018 8:00:00 PM,,2.0,0.1,,,,1354,2018-11-08T20:00:00.000000Z,MWC_ETP_MELBOURNE,final_effluent,DATASET_03_MELBOURNE_ETP_OUTLET,observed,SHA256:47948ae79b2e703e4c0d89e3bb62f4d8bdc4def6bf8452f69506dc59141e4b96
11/9/2018 1:39:00 AM,25.0,,0.1,3.2,,,1355,2018-11-09T01:39:00.000000Z,MWC_ETP_MELBOURNE,final_effluent,DATASET_03_MELBOURNE_ETP_OUTLET,observed,SHA256:47948ae79b2e703e4c0d89e3bb62f4d8bdc4def6bf8452f69506dc59141e4b96
11/12/2018 3:53:00 AM,5.0,,,,,,1356,2018-11-12T03:53:00.000000Z,MWC_ETP_MELBOURNE,final_effluent,DATASET_03_MELBOURNE_ETP_OUTLET,observed,SHA256:47948ae79b2e703e4c0d89e3bb62f4d8bdc4def6bf8452f69506dc59141e4b96
11/13/2018 3:23:00 AM,4.0,,0.04,2.9,,,1357,2018-11-13T03:23:00.000000Z,MWC_ETP_MELBOURNE,final_effluent,DATASET_03_MELBOURNE_ETP_OUTLET,observed,SHA256:47948ae79b2e703e4c0d89e3bb62f4d8bdc4def6bf8452f69506dc59141e4b96
11/14/2018 3:43:00 AM,4.0,,,,,,1358,2018-11-14T03:43:00.000000Z,MWC_ETP_MELBOURNE,final_effluent,DATASET_03_MELBOURNE_ETP_OUTLET,observed,SHA256:47948ae79b2e703e4c0d89e3bb62f4d8bdc4def6bf8452f69506dc59141e4b96
11/14/2018 8:00:00 PM,,2.0,0.1,1.3,13.0,12.0,1359,2018-11-14T20:00:00.000000Z,MWC_ETP_MELBOURNE,final_effluent,DATASET_03_MELBOURNE_ETP_OUTLET,observed,SHA256:47948ae79b2e703e4c0d89e3bb62f4d8bdc4def6bf8452f69506dc59141e4b96
11/15/2018 3:59:00 AM,9.0,,,,,,1360,2018-11-15T03:59:00.000000Z,MWC_ETP_MELBOURNE,final_effluent,DATASET_03_MELBOURNE_ETP_OUTLET,observed,SHA256:47948ae79b2e703e4c0d89e3bb62f4d8bdc4def6bf8452f69506dc59141e4b96
11/16/2018 3:42:00 AM,4.0,,,,,,1361,2018-11-16T03:42:00.000000Z,MWC_ETP_MELBOURNE,final_effluent,DATASET_03_MELBOURNE_ETP_OUTLET,observed,SHA256:47948ae79b2e703e4c0d89e3bb62f4d8bdc4def6bf8452f69506dc59141e4b96
11/16/2018 4:34:00 AM,,,0.09,3.6,,,1362,2018-11-16T04:34:00.000000Z,MWC_ETP_MELBOURNE,final_effluent,DATASET_03_MELBOURNE_ETP_OUTLET,observed,SHA256:47948ae79b2e703e4c0d89e3bb62f4d8bdc4def6bf8452f69506dc59141e4b96
11/19/2018 2:10:00 AM,20.0,,0.31,3.1,,,1363,2018-11-19T02:10:00.000000Z,MWC_ETP_MELBOURNE,final_effluent,DATASET_03_MELBOURNE_ETP_OUTLET,observed,SHA256:47948ae79b2e703e4c0d89e3bb62f4d8bdc4def6bf8452f69506dc59141e4b96
11/20/2018 1:26:00 AM,16.0,,0.14,1.6,,,1364,2018-11-20T01:26:00.000000Z,MWC_ETP_MELBOURNE,final_effluent,DATASET_03_MELBOURNE_ETP_OUTLET,observed,SHA256:47948ae79b2e703e4c0d89e3bb62f4d8bdc4def6bf8452f69506dc59141e4b96
11/20/2018 8:00:00 PM,,2.0,0.1,,,,1365,2018-11-20T20:00:00.000000Z,MWC_ETP_MELBOURNE,final_effluent,DATASET_03_MELBOURNE_ETP_OUTLET,observed,SHA256:47948ae79b2e703e4c0d89e3bb62f4d8bdc4def6bf8452f69506dc59141e4b96
11/21/2018 2:14:00 AM,20.0,,0.14,2.1,,,1366,2018-11-21T02:14:00.000000Z,MWC_ETP_MELBOURNE,final_effluent,DATASET_03_MELBOURNE_ETP_OUTLET,observed,SHA256:47948ae79b2e703e4c0d89e3bb62f4d8bdc4def6bf8452f69506dc59141e4b96
11/23/2018 1:52:00 AM,20.0,,0.13,3.3,,,1367,2018-11-23T01:52:00.000000Z,MWC_ETP_MELBOURNE,final_effluent,DATASET_03_MELBOURNE_ETP_OUTLET,observed,SHA256:47948ae79b2e703e4c0d89e3bb62f4d8bdc4def6bf8452f69506dc59141e4b96
11/26/2018 1:52:00 AM,20.0,,0.3,4.8,,,1368,2018-11-26T01:52:00.000000Z,MWC_ETP_MELBOURNE,final_effluent,DATASET_03_MELBOURNE_ETP_OUTLET,observed,SHA256:47948ae79b2e703e4c0d89e3bb62f4d8bdc4def6bf8452f69506dc59141e4b96
11/26/2018 8:00:00 PM,,2.0,0.1,1.3,14.0,13.0,1369,2018-11-26T20:00:00.000000Z,MWC_ETP_MELBOURNE,final_effluent,DATASET_03_MELBOURNE_ETP_OUTLET,observed,SHA256:47948ae79b2e703e4c0d89e3bb62f4d8bdc4def6bf8452f69506dc59141e4b96
11/27/2018 1:20:00 AM,20.0,,0.3,2.6,,,1370,2018-11-27T01:20:00.000000Z,MWC_ETP_MELBOURNE,final_effluent,DATASET_03_MELBOURNE_ETP_OUTLET,observed,SHA256:47948ae79b2e703e4c0d89e3bb62f4d8bdc4def6bf8452f69506dc59141e4b96
11/28/2018 1:48:00 AM,18.0,,0.18,4.6,,,1371,2018-11-28T01:48:00.000000Z,MWC_ETP_MELBOURNE,final_effluent,DATASET_03_MELBOURNE_ETP_OUTLET,observed,SHA256:47948ae79b2e703e4c0d89e3bb62f4d8bdc4def6bf8452f69506dc59141e4b96
11/29/2018 2:19:00 AM,25.0,,0.08,3.8,,,1372,2018-11-29T02:19:00.000000Z,MWC_ETP_MELBOURNE,final_effluent,DATASET_03_MELBOURNE_ETP_OUTLET,observed,SHA256:47948ae79b2e703e4c0d89e3bb62f4d8bdc4def6bf8452f69506dc59141e4b96
11/30/2018 1:25:00 AM,20.0,,0.12,3.8,,,1373,2018-11-30T01:25:00.000000Z,MWC_ETP_MELBOURNE,final_effluent,DATASET_03_MELBOURNE_ETP_OUTLET,observed,SHA256:47948ae79b2e703e4c0d89e3bb62f4d8bdc4def6bf8452f69506dc59141e4b96
12/2/2018 8:00:00 PM,,2.0,0.1,,,,1374,2018-12-02T20:00:00.000000Z,MWC_ETP_MELBOURNE,final_effluent,DATASET_03_MELBOURNE_ETP_OUTLET,observed,SHA256:47948ae79b2e703e4c0d89e3bb62f4d8bdc4def6bf8452f69506dc59141e4b96
12/3/2018 2:06:00 AM,17.0,,0.14,4.9,,,1375,2018-12-03T02:06:00.000000Z,MWC_ETP_MELBOURNE,final_effluent,DATASET_03_MELBOURNE_ETP_OUTLET,observed,SHA256:47948ae79b2e703e4c0d89e3bb62f4d8bdc4def6bf8452f69506dc59141e4b96
12/4/2018 1:28:00 AM,15.0,,0.07,4.2,,,1376,2018-12-04T01:28:00.000000Z,MWC_ETP_MELBOURNE,final_effluent,DATASET_03_MELBOURNE_ETP_OUTLET,observed,SHA256:47948ae79b2e703e4c0d89e3bb62f4d8bdc4def6bf8452f69506dc59141e4b96
12/5/2018 1:50:00 AM,15.0,,0.14,3.0,,,1377,2018-12-05T01:50:00.000000Z,MWC_ETP_MELBOURNE,final_effluent,DATASET_03_MELBOURNE_ETP_OUTLET,observed,SHA256:47948ae79b2e703e4c0d89e3bb62f4d8bdc4def6bf8452f69506dc59141e4b96
12/6/2018 1:10:00 AM,20.0,,0.3,3.9,,,1378,2018-12-06T01:10:00.000000Z,MWC_ETP_MELBOURNE,final_effluent,DATASET_03_MELBOURNE_ETP_OUTLET,observed,SHA256:47948ae79b2e703e4c0d89e3bb62f4d8bdc4def6bf8452f69506dc59141e4b96
12/7/2018 1:34:00 AM,30.0,,0.13,4.4,,,1379,2018-12-07T01:34:00.000000Z,MWC_ETP_MELBOURNE,final_effluent,DATASET_03_MELBOURNE_ETP_OUTLET,observed,SHA256:47948ae79b2e703e4c0d89e3bb62f4d8bdc4def6bf8452f69506dc59141e4b96
12/10/2018 1:41:00 AM,25.0,,0.07,4.2,,,1380,2018-12-10T01:41:00.000000Z,MWC_ETP_MELBOURNE,final_effluent,DATASET_03_MELBOURNE_ETP_OUTLET,observed,SHA256:47948ae79b2e703e4c0d89e3bb62f4d8bdc4def6bf8452f69506dc59141e4b96
12/10/2018 8:00:00 PM,,2.0,0.1,1.3,13.0,11.0,1381,2018-12-10T20:00:00.000000Z,MWC_ETP_MELBOURNE,final_effluent,DATASET_03_MELBOURNE_ETP_OUTLET,observed,SHA256:47948ae79b2e703e4c0d89e3bb62f4d8bdc4def6bf8452f69506dc59141e4b96
12/11/2018 1:44:00 AM,25.0,,0.2,3.0,,,1382,2018-12-11T01:44:00.000000Z,MWC_ETP_MELBOURNE,final_effluent,DATASET_03_MELBOURNE_ETP_OUTLET,observed,SHA256:47948ae79b2e703e4c0d89e3bb62f4d8bdc4def6bf8452f69506dc59141e4b96
12/12/2018 1:23:00 AM,25.0,,0.16,2.6,,,1383,2018-12-12T01:23:00.000000Z,MWC_ETP_MELBOURNE,final_effluent,DATASET_03_MELBOURNE_ETP_OUTLET,observed,SHA256:47948ae79b2e703e4c0d89e3bb62f4d8bdc4def6bf8452f69506dc59141e4b96
12/13/2018 1:03:00 AM,25.0,,0.18,3.8,,,1384,2018-12-13T01:03:00.000000Z,MWC_ETP_MELBOURNE,final_effluent,DATASET_03_MELBOURNE_ETP_OUTLET,observed,SHA256:47948ae79b2e703e4c0d89e3bb62f4d8bdc4def6bf8452f69506dc59141e4b96
12/14/2018 1:46:00 AM,28.0,,0.1,2.5,,,1385,2018-12-14T01:46:00.000000Z,MWC_ETP_MELBOURNE,final_effluent,DATASET_03_MELBOURNE_ETP_OUTLET,observed,SHA256:47948ae79b2e703e4c0d89e3bb62f4d8bdc4def6bf8452f69506dc59141e4b96
12/17/2018 1:45:00 AM,20.0,,0.1,4.0,,,1386,2018-12-17T01:45:00.000000Z,MWC_ETP_MELBOURNE,final_effluent,DATASET_03_MELBOURNE_ETP_OUTLET,observed,SHA256:47948ae79b2e703e4c0d89e3bb62f4d8bdc4def6bf8452f69506dc59141e4b96
12/18/2018 1:50:00 AM,15.0,,0.24,3.2,,,1387,2018-12-18T01:50:00.000000Z,MWC_ETP_MELBOURNE,final_effluent,DATASET_03_MELBOURNE_ETP_OUTLET,observed,SHA256:47948ae79b2e703e4c0d89e3bb62f4d8bdc4def6bf8452f69506dc59141e4b96
5/1/2018 9:00:00 PM,,2.0,0.1,1.3,15.0,14.0,1388,2018-05-01T21:00:00.000000Z,MWC_ETP_MELBOURNE,final_effluent,DATASET_03_MELBOURNE_ETP_OUTLET,observed,SHA256:47948ae79b2e703e4c0d89e3bb62f4d8bdc4def6bf8452f69506dc59141e4b96
5/2/2018 3:19:00 AM,30.0,,0.09,2.4,,,1389,2018-05-02T03:19:00.000000Z,MWC_ETP_MELBOURNE,final_effluent,DATASET_03_MELBOURNE_ETP_OUTLET,observed,SHA256:47948ae79b2e703e4c0d89e3bb62f4d8bdc4def6bf8452f69506dc59141e4b96
5/3/2018 2:01:00 AM,25.0,,0.09,2.5,,,1390,2018-05-03T02:01:00.000000Z,MWC_ETP_MELBOURNE,final_effluent,DATASET_03_MELBOURNE_ETP_OUTLET,observed,SHA256:47948ae79b2e703e4c0d89e3bb62f4d8bdc4def6bf8452f69506dc59141e4b96
5/4/2018 2:21:00 AM,25.0,,0.09,2.1,,,1391,2018-05-04T02:21:00.000000Z,MWC_ETP_MELBOURNE,final_effluent,DATASET_03_MELBOURNE_ETP_OUTLET,observed,SHA256:47948ae79b2e703e4c0d89e3bb62f4d8bdc4def6bf8452f69506dc59141e4b96
5/7/2018 3:33:00 AM,15.0,,0.09,1.0,,,1392,2018-05-07T03:33:00.000000Z,MWC_ETP_MELBOURNE,final_effluent,DATASET_03_MELBOURNE_ETP_OUTLET,observed,SHA256:47948ae79b2e703e4c0d89e3bb62f4d8bdc4def6bf8452f69506dc59141e4b96
5/8/2018 1:58:00 AM,30.0,,0.08,2.3,,,1393,2018-05-08T01:58:00.000000Z,MWC_ETP_MELBOURNE,final_effluent,DATASET_03_MELBOURNE_ETP_OUTLET,observed,SHA256:47948ae79b2e703e4c0d89e3bb62f4d8bdc4def6bf8452f69506dc59141e4b96
5/9/2018 2:59:00 AM,25.0,,0.07,1.0,,,1394,2018-05-09T02:59:00.000000Z,MWC_ETP_MELBOURNE,final_effluent,DATASET_03_MELBOURNE_ETP_OUTLET,observed,SHA256:47948ae79b2e703e4c0d89e3bb62f4d8bdc4def6bf8452f69506dc59141e4b96
5/9/2018 9:00:00 PM,,2.0,0.1,,,,1395,2018-05-09T21:00:00.000000Z,MWC_ETP_MELBOURNE,final_effluent,DATASET_03_MELBOURNE_ETP_OUTLET,observed,SHA256:47948ae79b2e703e4c0d89e3bb62f4d8bdc4def6bf8452f69506dc59141e4b96
5/10/2018 2:44:00 AM,20.0,,0.09,1.0,,,1396,2018-05-10T02:44:00.000000Z,MWC_ETP_MELBOURNE,final_effluent,DATASET_03_MELBOURNE_ETP_OUTLET,observed,SHA256:47948ae79b2e703e4c0d89e3bb62f4d8bdc4def6bf8452f69506dc59141e4b96
5/11/2018 2:26:00 AM,20.0,,0.11,1.7,,,1397,2018-05-11T02:26:00.000000Z,MWC_ETP_MELBOURNE,final_effluent,DATASET_03_MELBOURNE_ETP_OUTLET,observed,SHA256:47948ae79b2e703e4c0d89e3bb62f4d8bdc4def6bf8452f69506dc59141e4b96
5/14/2018 3:57:00 AM,16.0,,0.07,1.5,,,1398,2018-05-14T03:57:00.000000Z,MWC_ETP_MELBOURNE,final_effluent,DATASET_03_MELBOURNE_ETP_OUTLET,observed,SHA256:47948ae79b2e703e4c0d89e3bb62f4d8bdc4def6bf8452f69506dc59141e4b96
5/15/2018 3:23:00 AM,25.0,,0.1,1.0,,,1399,2018-05-15T03:23:00.000000Z,MWC_ETP_MELBOURNE,final_effluent,DATASET_03_MELBOURNE_ETP_OUTLET,observed,SHA256:47948ae79b2e703e4c0d89e3bb62f4d8bdc4def6bf8452f69506dc59141e4b96
5/15/2018 9:00:00 PM,,2.0,0.1,1.6,17.0,15.0,1400,2018-05-15T21:00:00.000000Z,MWC_ETP_MELBOURNE,final_effluent,DATASET_03_MELBOURNE_ETP_OUTLET,observed,SHA256:47948ae79b2e703e4c0d89e3bb62f4d8bdc4def6bf8452f69506dc59141e4b96
5/16/2018 2:57:00 AM,15.0,,0.08,1.0,,,1401,2018-05-16T02:57:00.000000Z,MWC_ETP_MELBOURNE,final_effluent,DATASET_03_MELBOURNE_ETP_OUTLET,observed,SHA256:47948ae79b2e703e4c0d89e3bb62f4d8bdc4def6bf8452f69506dc59141e4b96
5/17/2018 2:26:00 AM,25.0,,0.08,1.0,,,1402,2018-05-17T02:26:00.000000Z,MWC_ETP_MELBOURNE,final_effluent,DATASET_03_MELBOURNE_ETP_OUTLET,observed,SHA256:47948ae79b2e703e4c0d89e3bb62f4d8bdc4def6bf8452f69506dc59141e4b96
5/18/2018 2:09:00 AM,28.0,,0.08,1.4,,,1403,2018-05-18T02:09:00.000000Z,MWC_ETP_MELBOURNE,final_effluent,DATASET_03_MELBOURNE_ETP_OUTLET,observed,SHA256:47948ae79b2e703e4c0d89e3bb62f4d8bdc4def6bf8452f69506dc59141e4b96
5/21/2018 3:47:00 AM,25.0,,0.09,1.1,,,1404,2018-05-21T03:47:00.000000Z,MWC_ETP_MELBOURNE,final_effluent,DATASET_03_MELBOURNE_ETP_OUTLET,observed,SHA256:47948ae79b2e703e4c0d89e3bb62f4d8bdc4def6bf8452f69506dc59141e4b96
5/21/2018 9:00:00 PM,,2.0,0.1,,,,1405,2018-05-21T21:00:00.000000Z,MWC_ETP_MELBOURNE,final_effluent,DATASET_03_MELBOURNE_ETP_OUTLET,observed,SHA256:47948ae79b2e703e4c0d89e3bb62f4d8bdc4def6bf8452f69506dc59141e4b96
5/22/2018 3:44:00 AM,15.0,,0.09,0.5,,,1406,2018-05-22T03:44:00.000000Z,MWC_ETP_MELBOURNE,final_effluent,DATASET_03_MELBOURNE_ETP_OUTLET,observed,SHA256:47948ae79b2e703e4c0d89e3bb62f4d8bdc4def6bf8452f69506dc59141e4b96
5/23/2018 3:24:00 AM,30.0,,0.08,0.5,,,1407,2018-05-23T03:24:00.000000Z,MWC_ETP_MELBOURNE,final_effluent,DATASET_03_MELBOURNE_ETP_OUTLET,observed,SHA256:47948ae79b2e703e4c0d89e3bb62f4d8bdc4def6bf8452f69506dc59141e4b96
5/24/2018 2:43:00 AM,25.0,,0.07,1.0,,,1408,2018-05-24T02:43:00.000000Z,MWC_ETP_MELBOURNE,final_effluent,DATASET_03_MELBOURNE_ETP_OUTLET,observed,SHA256:47948ae79b2e703e4c0d89e3bb62f4d8bdc4def6bf8452f69506dc59141e4b96
5/25/2018 2:53:00 AM,25.0,,0.12,1.5,,,1409,2018-05-25T02:53:00.000000Z,MWC_ETP_MELBOURNE,final_effluent,DATASET_03_MELBOURNE_ETP_OUTLET,observed,SHA256:47948ae79b2e703e4c0d89e3bb62f4d8bdc4def6bf8452f69506dc59141e4b96
5/27/2018 9:00:00 PM,,2.0,0.1,1.2,19.0,18.0,1410,2018-05-27T21:00:00.000000Z,MWC_ETP_MELBOURNE,final_effluent,DATASET_03_MELBOURNE_ETP_OUTLET,observed,SHA256:47948ae79b2e703e4c0d89e3bb62f4d8bdc4def6bf8452f69506dc59141e4b96
5/28/2018 3:51:00 AM,22.0,,0.1,2.3,,,1411,2018-05-28T03:51:00.000000Z,MWC_ETP_MELBOURNE,final_effluent,DATASET_03_MELBOURNE_ETP_OUTLET,observed,SHA256:47948ae79b2e703e4c0d89e3bb62f4d8bdc4def6bf8452f69506dc59141e4b96
5/29/2018 3:33:00 AM,25.0,,0.1,3.4,,,1412,2018-05-29T03:33:00.000000Z,MWC_ETP_MELBOURNE,final_effluent,DATASET_03_MELBOURNE_ETP_OUTLET,observed,SHA256:47948ae79b2e703e4c0d89e3bb62f4d8bdc4def6bf8452f69506dc59141e4b96
5/30/2018 3:26:00 AM,20.0,,0.08,3.2,,,1413,2018-05-30T03:26:00.000000Z,MWC_ETP_MELBOURNE,final_effluent,DATASET_03_MELBOURNE_ETP_OUTLET,observed,SHA256:47948ae79b2e703e4c0d89e3bb62f4d8bdc4def6bf8452f69506dc59141e4b96
5/31/2018 3:16:00 AM,25.0,,0.06,1.0,,,1414,2018-05-31T03:16:00.000000Z,MWC_ETP_MELBOURNE,final_effluent,DATASET_03_MELBOURNE_ETP_OUTLET,observed,SHA256:47948ae79b2e703e4c0d89e3bb62f4d8bdc4def6bf8452f69506dc59141e4b96
6/1/2018 2:12:00 AM,25.0,,0.09,1.1,,,1415,2018-06-01T02:12:00.000000Z,MWC_ETP_MELBOURNE,final_effluent,DATASET_03_MELBOURNE_ETP_OUTLET,observed,SHA256:47948ae79b2e703e4c0d89e3bb62f4d8bdc4def6bf8452f69506dc59141e4b96
3/1/2019 1:17:00 AM,28.0,,0.09,3.7,,,1416,2019-03-01T01:17:00.000000Z,MWC_ETP_MELBOURNE,final_effluent,DATASET_03_MELBOURNE_ETP_OUTLET,observed,SHA256:47948ae79b2e703e4c0d89e3bb62f4d8bdc4def6bf8452f69506dc59141e4b96
6/4/2018 3:59:00 AM,25.0,,0.05,1.3,,,1417,2018-06-04T03:59:00.000000Z,MWC_ETP_MELBOURNE,final_effluent,DATASET_03_MELBOURNE_ETP_OUTLET,observed,SHA256:47948ae79b2e703e4c0d89e3bb62f4d8bdc4def6bf8452f69506dc59141e4b96
2/4/2019 8:00:00 PM,,2.0,0.2,2.0,16.0,14.0,1418,2019-02-04T20:00:00.000000Z,MWC_ETP_MELBOURNE,final_effluent,DATASET_03_MELBOURNE_ETP_OUTLET,observed,SHA256:47948ae79b2e703e4c0d89e3bb62f4d8bdc4def6bf8452f69506dc59141e4b96
1/16/2018 2:15:00 AM,20.0,,0.1,1.8,,,1419,2018-01-16T02:15:00.000000Z,MWC_ETP_MELBOURNE,final_effluent,DATASET_03_MELBOURNE_ETP_OUTLET,observed,SHA256:47948ae79b2e703e4c0d89e3bb62f4d8bdc4def6bf8452f69506dc59141e4b96
3/4/2019 2:05:00 AM,26.0,,0.12,4.0,,,1420,2019-03-04T02:05:00.000000Z,MWC_ETP_MELBOURNE,final_effluent,DATASET_03_MELBOURNE_ETP_OUTLET,observed,SHA256:47948ae79b2e703e4c0d89e3bb62f4d8bdc4def6bf8452f69506dc59141e4b96
6/4/2018 9:00:00 PM,,2.0,0.1,,,,1421,2018-06-04T21:00:00.000000Z,MWC_ETP_MELBOURNE,final_effluent,DATASET_03_MELBOURNE_ETP_OUTLET,observed,SHA256:47948ae79b2e703e4c0d89e3bb62f4d8bdc4def6bf8452f69506dc59141e4b96
3/15/2018 1:45:00 AM,30.0,,0.09,1.7,,,1422,2018-03-15T01:45:00.000000Z,MWC_ETP_MELBOURNE,final_effluent,DATASET_03_MELBOURNE_ETP_OUTLET,observed,SHA256:47948ae79b2e703e4c0d89e3bb62f4d8bdc4def6bf8452f69506dc59141e4b96
2/5/2019 1:36:00 AM,25.0,,0.1,1.9,,,1423,2019-02-05T01:36:00.000000Z,MWC_ETP_MELBOURNE,final_effluent,DATASET_03_MELBOURNE_ETP_OUTLET,observed,SHA256:47948ae79b2e703e4c0d89e3bb62f4d8bdc4def6bf8452f69506dc59141e4b96
1/16/2018 8:00:00 PM,,2.0,0.5,,,,1424,2018-01-16T20:00:00.000000Z,MWC_ETP_MELBOURNE,final_effluent,DATASET_03_MELBOURNE_ETP_OUTLET,observed,SHA256:47948ae79b2e703e4c0d89e3bb62f4d8bdc4def6bf8452f69506dc59141e4b96
9/6/2018 2:23:00 AM,30.0,,0.09,1.4,,,1425,2018-09-06T02:23:00.000000Z,MWC_ETP_MELBOURNE,final_effluent,DATASET_03_MELBOURNE_ETP_OUTLET,observed,SHA256:47948ae79b2e703e4c0d89e3bb62f4d8bdc4def6bf8452f69506dc59141e4b96
3/4/2019 8:00:00 PM,,2.0,0.1,1.7,15.0,14.0,1426,2019-03-04T20:00:00.000000Z,MWC_ETP_MELBOURNE,final_effluent,DATASET_03_MELBOURNE_ETP_OUTLET,observed,SHA256:47948ae79b2e703e4c0d89e3bb62f4d8bdc4def6bf8452f69506dc59141e4b96
6/5/2018 3:04:00 AM,30.0,,3.0,1.1,,,1427,2018-06-05T03:04:00.000000Z,MWC_ETP_MELBOURNE,final_effluent,DATASET_03_MELBOURNE_ETP_OUTLET,observed,SHA256:47948ae79b2e703e4c0d89e3bb62f4d8bdc4def6bf8452f69506dc59141e4b96
3/16/2018 1:13:00 AM,30.0,,0.06,1.4,,,1428,2018-03-16T01:13:00.000000Z,MWC_ETP_MELBOURNE,final_effluent,DATASET_03_MELBOURNE_ETP_OUTLET,observed,SHA256:47948ae79b2e703e4c0d89e3bb62f4d8bdc4def6bf8452f69506dc59141e4b96
2/6/2019 1:43:00 AM,20.0,,0.03,3.3,,,1429,2019-02-06T01:43:00.000000Z,MWC_ETP_MELBOURNE,final_effluent,DATASET_03_MELBOURNE_ETP_OUTLET,observed,SHA256:47948ae79b2e703e4c0d89e3bb62f4d8bdc4def6bf8452f69506dc59141e4b96
1/17/2018 2:58:00 AM,25.0,,0.07,2.0,,,1430,2018-01-17T02:58:00.000000Z,MWC_ETP_MELBOURNE,final_effluent,DATASET_03_MELBOURNE_ETP_OUTLET,observed,SHA256:47948ae79b2e703e4c0d89e3bb62f4d8bdc4def6bf8452f69506dc59141e4b96
9/7/2018 2:15:00 AM,30.0,,0.09,1.0,,,1431,2018-09-07T02:15:00.000000Z,MWC_ETP_MELBOURNE,final_effluent,DATASET_03_MELBOURNE_ETP_OUTLET,observed,SHA256:47948ae79b2e703e4c0d89e3bb62f4d8bdc4def6bf8452f69506dc59141e4b96
3/5/2019 12:48:00 AM,25.0,,0.2,2.0,,,1432,2019-03-05T00:48:00.000000Z,MWC_ETP_MELBOURNE,final_effluent,DATASET_03_MELBOURNE_ETP_OUTLET,observed,SHA256:47948ae79b2e703e4c0d89e3bb62f4d8bdc4def6bf8452f69506dc59141e4b96
6/6/2018 4:43:00 AM,30.0,,0.1,1.2,,,1433,2018-06-06T04:43:00.000000Z,MWC_ETP_MELBOURNE,final_effluent,DATASET_03_MELBOURNE_ETP_OUTLET,observed,SHA256:47948ae79b2e703e4c0d89e3bb62f4d8bdc4def6bf8452f69506dc59141e4b96
3/19/2018 2:27:00 AM,30.0,,0.08,1.5,,,1434,2018-03-19T02:27:00.000000Z,MWC_ETP_MELBOURNE,final_effluent,DATASET_03_MELBOURNE_ETP_OUTLET,observed,SHA256:47948ae79b2e703e4c0d89e3bb62f4d8bdc4def6bf8452f69506dc59141e4b96
2/7/2019 1:52:00 AM,25.0,,0.18,3.1,,,1435,2019-02-07T01:52:00.000000Z,MWC_ETP_MELBOURNE,final_effluent,DATASET_03_MELBOURNE_ETP_OUTLET,observed,SHA256:47948ae79b2e703e4c0d89e3bb62f4d8bdc4def6bf8452f69506dc59141e4b96
1/18/2018 1:55:00 AM,29.0,,0.1,3.1,,,1436,2018-01-18T01:55:00.000000Z,MWC_ETP_MELBOURNE,final_effluent,DATASET_03_MELBOURNE_ETP_OUTLET,observed,SHA256:47948ae79b2e703e4c0d89e3bb62f4d8bdc4def6bf8452f69506dc59141e4b96
9/10/2018 2:33:00 AM,30.0,,0.09,1.4,,,1437,2018-09-10T02:33:00.000000Z,MWC_ETP_MELBOURNE,final_effluent,DATASET_03_MELBOURNE_ETP_OUTLET,observed,SHA256:47948ae79b2e703e4c0d89e3bb62f4d8bdc4def6bf8452f69506dc59141e4b96
3/6/2019 2:20:00 AM,30.0,,0.1,2.3,,,1438,2019-03-06T02:20:00.000000Z,MWC_ETP_MELBOURNE,final_effluent,DATASET_03_MELBOURNE_ETP_OUTLET,observed,SHA256:47948ae79b2e703e4c0d89e3bb62f4d8bdc4def6bf8452f69506dc59141e4b96
3/7/2019 1:35:00 AM,25.0,,0.13,4.0,,,1439,2019-03-07T01:35:00.000000Z,MWC_ETP_MELBOURNE,final_effluent,DATASET_03_MELBOURNE_ETP_OUTLET,observed,SHA256:47948ae79b2e703e4c0d89e3bb62f4d8bdc4def6bf8452f69506dc59141e4b96
3/8/2019 1:27:00 AM,30.0,,0.1,3.5,,,1440,2019-03-08T01:27:00.000000Z,MWC_ETP_MELBOURNE,final_effluent,DATASET_03_MELBOURNE_ETP_OUTLET,observed,SHA256:47948ae79b2e703e4c0d89e3bb62f4d8bdc4def6bf8452f69506dc59141e4b96
3/9/2019 12:12:00 AM,25.0,,0.12,3.2,,,1441,2019-03-09T00:12:00.000000Z,MWC_ETP_MELBOURNE,final_effluent,DATASET_03_MELBOURNE_ETP_OUTLET,observed,SHA256:47948ae79b2e703e4c0d89e3bb62f4d8bdc4def6bf8452f69506dc59141e4b96
3/11/2019 6:19:00 PM,20.0,,0.08,2.5,,,1442,2019-03-11T18:19:00.000000Z,MWC_ETP_MELBOURNE,final_effluent,DATASET_03_MELBOURNE_ETP_OUTLET,observed,SHA256:47948ae79b2e703e4c0d89e3bb62f4d8bdc4def6bf8452f69506dc59141e4b96
3/12/2019 8:00:00 PM,,2.0,0.1,,,,1443,2019-03-12T20:00:00.000000Z,MWC_ETP_MELBOURNE,final_effluent,DATASET_03_MELBOURNE_ETP_OUTLET,observed,SHA256:47948ae79b2e703e4c0d89e3bb62f4d8bdc4def6bf8452f69506dc59141e4b96
3/13/2019 1:43:00 AM,25.0,,0.09,4.7,,,1444,2019-03-13T01:43:00.000000Z,MWC_ETP_MELBOURNE,final_effluent,DATASET_03_MELBOURNE_ETP_OUTLET,observed,SHA256:47948ae79b2e703e4c0d89e3bb62f4d8bdc4def6bf8452f69506dc59141e4b96
3/14/2019 2:28:00 AM,25.0,,0.13,3.3,,,1445,2019-03-14T02:28:00.000000Z,MWC_ETP_MELBOURNE,final_effluent,DATASET_03_MELBOURNE_ETP_OUTLET,observed,SHA256:47948ae79b2e703e4c0d89e3bb62f4d8bdc4def6bf8452f69506dc59141e4b96
3/15/2019 1:42:00 AM,25.0,,0.07,3.3,,,1446,2019-03-15T01:42:00.000000Z,MWC_ETP_MELBOURNE,final_effluent,DATASET_03_MELBOURNE_ETP_OUTLET,observed,SHA256:47948ae79b2e703e4c0d89e3bb62f4d8bdc4def6bf8452f69506dc59141e4b96
3/18/2019 1:19:00 AM,30.0,,0.07,3.1,,,1447,2019-03-18T01:19:00.000000Z,MWC_ETP_MELBOURNE,final_effluent,DATASET_03_MELBOURNE_ETP_OUTLET,observed,SHA256:47948ae79b2e703e4c0d89e3bb62f4d8bdc4def6bf8452f69506dc59141e4b96
3/19/2019 1:28:00 AM,20.0,,0.1,3.7,,,1448,2019-03-19T01:28:00.000000Z,MWC_ETP_MELBOURNE,final_effluent,DATASET_03_MELBOURNE_ETP_OUTLET,observed,SHA256:47948ae79b2e703e4c0d89e3bb62f4d8bdc4def6bf8452f69506dc59141e4b96
3/20/2019 1:22:00 AM,17.0,,0.11,3.2,,,1449,2019-03-20T01:22:00.000000Z,MWC_ETP_MELBOURNE,final_effluent,DATASET_03_MELBOURNE_ETP_OUTLET,observed,SHA256:47948ae79b2e703e4c0d89e3bb62f4d8bdc4def6bf8452f69506dc59141e4b96
3/20/2019 8:00:00 PM,,2.0,0.1,2.4,14.0,11.0,1450,2019-03-20T20:00:00.000000Z,MWC_ETP_MELBOURNE,final_effluent,DATASET_03_MELBOURNE_ETP_OUTLET,observed,SHA256:47948ae79b2e703e4c0d89e3bb62f4d8bdc4def6bf8452f69506dc59141e4b96
3/21/2019 1:12:00 AM,15.0,,0.15,2.5,,,1451,2019-03-21T01:12:00.000000Z,MWC_ETP_MELBOURNE,final_effluent,DATASET_03_MELBOURNE_ETP_OUTLET,observed,SHA256:47948ae79b2e703e4c0d89e3bb62f4d8bdc4def6bf8452f69506dc59141e4b96
3/22/2019 1:43:00 AM,25.0,,0.13,4.7,,,1452,2019-03-22T01:43:00.000000Z,MWC_ETP_MELBOURNE,final_effluent,DATASET_03_MELBOURNE_ETP_OUTLET,observed,SHA256:47948ae79b2e703e4c0d89e3bb62f4d8bdc4def6bf8452f69506dc59141e4b96
3/24/2019 8:00:00 PM,,2.0,0.1,,,,1453,2019-03-24T20:00:00.000000Z,MWC_ETP_MELBOURNE,final_effluent,DATASET_03_MELBOURNE_ETP_OUTLET,observed,SHA256:47948ae79b2e703e4c0d89e3bb62f4d8bdc4def6bf8452f69506dc59141e4b96
3/25/2019 1:56:00 AM,20.0,,0.05,1.6,,,1454,2019-03-25T01:56:00.000000Z,MWC_ETP_MELBOURNE,final_effluent,DATASET_03_MELBOURNE_ETP_OUTLET,observed,SHA256:47948ae79b2e703e4c0d89e3bb62f4d8bdc4def6bf8452f69506dc59141e4b96
3/26/2019 1:13:00 AM,25.0,,0.13,1.3,,,1455,2019-03-26T01:13:00.000000Z,MWC_ETP_MELBOURNE,final_effluent,DATASET_03_MELBOURNE_ETP_OUTLET,observed,SHA256:47948ae79b2e703e4c0d89e3bb62f4d8bdc4def6bf8452f69506dc59141e4b96
3/27/2019 1:40:00 AM,25.0,,0.16,1.3,,,1456,2019-03-27T01:40:00.000000Z,MWC_ETP_MELBOURNE,final_effluent,DATASET_03_MELBOURNE_ETP_OUTLET,observed,SHA256:47948ae79b2e703e4c0d89e3bb62f4d8bdc4def6bf8452f69506dc59141e4b96
3/28/2019 1:51:00 AM,25.0,,0.06,3.6,,,1457,2019-03-28T01:51:00.000000Z,MWC_ETP_MELBOURNE,final_effluent,DATASET_03_MELBOURNE_ETP_OUTLET,observed,SHA256:47948ae79b2e703e4c0d89e3bb62f4d8bdc4def6bf8452f69506dc59141e4b96
3/29/2019 1:33:00 AM,40.0,,0.2,1.6,,,1458,2019-03-29T01:33:00.000000Z,MWC_ETP_MELBOURNE,final_effluent,DATASET_03_MELBOURNE_ETP_OUTLET,observed,SHA256:47948ae79b2e703e4c0d89e3bb62f4d8bdc4def6bf8452f69506dc59141e4b96
4/1/2019 2:02:00 AM,25.0,,0.08,3.1,,,1459,2019-04-01T02:02:00.000000Z,MWC_ETP_MELBOURNE,final_effluent,DATASET_03_MELBOURNE_ETP_OUTLET,observed,SHA256:47948ae79b2e703e4c0d89e3bb62f4d8bdc4def6bf8452f69506dc59141e4b96
4/1/2019 8:00:00 PM,,2.0,0.4,1.8,17.0,15.0,1460,2019-04-01T20:00:00.000000Z,MWC_ETP_MELBOURNE,final_effluent,DATASET_03_MELBOURNE_ETP_OUTLET,observed,SHA256:47948ae79b2e703e4c0d89e3bb62f4d8bdc4def6bf8452f69506dc59141e4b96
4/2/2019 1:25:00 AM,30.0,,0.2,2.0,,,1461,2019-04-02T01:25:00.000000Z,MWC_ETP_MELBOURNE,final_effluent,DATASET_03_MELBOURNE_ETP_OUTLET,observed,SHA256:47948ae79b2e703e4c0d89e3bb62f4d8bdc4def6bf8452f69506dc59141e4b96
4/3/2019 1:24:00 AM,35.0,,0.08,1.2,,,1462,2019-04-03T01:24:00.000000Z,MWC_ETP_MELBOURNE,final_effluent,DATASET_03_MELBOURNE_ETP_OUTLET,observed,SHA256:47948ae79b2e703e4c0d89e3bb62f4d8bdc4def6bf8452f69506dc59141e4b96
4/4/2019 12:01:00 AM,30.0,,0.05,1.3,,,1463,2019-04-04T00:01:00.000000Z,MWC_ETP_MELBOURNE,final_effluent,DATASET_03_MELBOURNE_ETP_OUTLET,observed,SHA256:47948ae79b2e703e4c0d89e3bb62f4d8bdc4def6bf8452f69506dc59141e4b96
4/5/2019 1:44:00 AM,35.0,,0.1,2.3,,,1464,2019-04-05T01:44:00.000000Z,MWC_ETP_MELBOURNE,final_effluent,DATASET_03_MELBOURNE_ETP_OUTLET,observed,SHA256:47948ae79b2e703e4c0d89e3bb62f4d8bdc4def6bf8452f69506dc59141e4b96
4/8/2019 2:09:00 AM,28.0,,0.1,2.9,,,1465,2019-04-08T02:09:00.000000Z,MWC_ETP_MELBOURNE,final_effluent,DATASET_03_MELBOURNE_ETP_OUTLET,observed,SHA256:47948ae79b2e703e4c0d89e3bb62f4d8bdc4def6bf8452f69506dc59141e4b96
4/9/2019 1:56:00 AM,30.0,,0.08,2.9,,,1466,2019-04-09T01:56:00.000000Z,MWC_ETP_MELBOURNE,final_effluent,DATASET_03_MELBOURNE_ETP_OUTLET,observed,SHA256:47948ae79b2e703e4c0d89e3bb62f4d8bdc4def6bf8452f69506dc59141e4b96
4/9/2019 9:00:00 PM,,2.0,0.2,,,,1467,2019-04-09T21:00:00.000000Z,MWC_ETP_MELBOURNE,final_effluent,DATASET_03_MELBOURNE_ETP_OUTLET,observed,SHA256:47948ae79b2e703e4c0d89e3bb62f4d8bdc4def6bf8452f69506dc59141e4b96
4/10/2019 3:11:00 AM,35.0,,0.12,1.7,,,1468,2019-04-10T03:11:00.000000Z,MWC_ETP_MELBOURNE,final_effluent,DATASET_03_MELBOURNE_ETP_OUTLET,observed,SHA256:47948ae79b2e703e4c0d89e3bb62f4d8bdc4def6bf8452f69506dc59141e4b96
4/11/2019 2:35:00 AM,29.0,,0.05,3.2,,,1469,2019-04-11T02:35:00.000000Z,MWC_ETP_MELBOURNE,final_effluent,DATASET_03_MELBOURNE_ETP_OUTLET,observed,SHA256:47948ae79b2e703e4c0d89e3bb62f4d8bdc4def6bf8452f69506dc59141e4b96
4/12/2019 3:50:00 AM,30.0,,0.12,3.2,,,1470,2019-04-12T03:50:00.000000Z,MWC_ETP_MELBOURNE,final_effluent,DATASET_03_MELBOURNE_ETP_OUTLET,observed,SHA256:47948ae79b2e703e4c0d89e3bb62f4d8bdc4def6bf8452f69506dc59141e4b96
4/14/2019 9:00:00 PM,,2.0,0.1,2.3,19.0,17.0,1471,2019-04-14T21:00:00.000000Z,MWC_ETP_MELBOURNE,final_effluent,DATASET_03_MELBOURNE_ETP_OUTLET,observed,SHA256:47948ae79b2e703e4c0d89e3bb62f4d8bdc4def6bf8452f69506dc59141e4b96
4/15/2019 2:53:00 AM,30.0,,0.09,3.6,,,1472,2019-04-15T02:53:00.000000Z,MWC_ETP_MELBOURNE,final_effluent,DATASET_03_MELBOURNE_ETP_OUTLET,observed,SHA256:47948ae79b2e703e4c0d89e3bb62f4d8bdc4def6bf8452f69506dc59141e4b96
9/11/2018 2:33:00 AM,30.0,,0.18,1.6,,,1473,2018-09-11T02:33:00.000000Z,MWC_ETP_MELBOURNE,final_effluent,DATASET_03_MELBOURNE_ETP_OUTLET,observed,SHA256:47948ae79b2e703e4c0d89e3bb62f4d8bdc4def6bf8452f69506dc59141e4b96
9/12/2018 1:49:00 AM,25.0,,0.11,2.2,,,1474,2018-09-12T01:49:00.000000Z,MWC_ETP_MELBOURNE,final_effluent,DATASET_03_MELBOURNE_ETP_OUTLET,observed,SHA256:47948ae79b2e703e4c0d89e3bb62f4d8bdc4def6bf8452f69506dc59141e4b96
9/12/2018 9:00:00 PM,,2.0,0.1,,,,1475,2018-09-12T21:00:00.000000Z,MWC_ETP_MELBOURNE,final_effluent,DATASET_03_MELBOURNE_ETP_OUTLET,observed,SHA256:47948ae79b2e703e4c0d89e3bb62f4d8bdc4def6bf8452f69506dc59141e4b96
9/13/2018 3:04:00 AM,25.0,,0.06,2.4,,,1476,2018-09-13T03:04:00.000000Z,MWC_ETP_MELBOURNE,final_effluent,DATASET_03_MELBOURNE_ETP_OUTLET,observed,SHA256:47948ae79b2e703e4c0d89e3bb62f4d8bdc4def6bf8452f69506dc59141e4b96
9/14/2018 2:32:00 AM,25.0,,0.06,2.2,,,1477,2018-09-14T02:32:00.000000Z,MWC_ETP_MELBOURNE,final_effluent,DATASET_03_MELBOURNE_ETP_OUTLET,observed,SHA256:47948ae79b2e703e4c0d89e3bb62f4d8bdc4def6bf8452f69506dc59141e4b96
9/17/2018 2:49:00 AM,25.0,,0.09,1.2,,,1478,2018-09-17T02:49:00.000000Z,MWC_ETP_MELBOURNE,final_effluent,DATASET_03_MELBOURNE_ETP_OUTLET,observed,SHA256:47948ae79b2e703e4c0d89e3bb62f4d8bdc4def6bf8452f69506dc59141e4b96
9/18/2018 2:19:00 AM,20.0,,0.08,1.6,,,1479,2018-09-18T02:19:00.000000Z,MWC_ETP_MELBOURNE,final_effluent,DATASET_03_MELBOURNE_ETP_OUTLET,observed,SHA256:47948ae79b2e703e4c0d89e3bb62f4d8bdc4def6bf8452f69506dc59141e4b96
9/19/2018 2:40:00 AM,20.0,,0.05,2.9,,,1480,2018-09-19T02:40:00.000000Z,MWC_ETP_MELBOURNE,final_effluent,DATASET_03_MELBOURNE_ETP_OUTLET,observed,SHA256:47948ae79b2e703e4c0d89e3bb62f4d8bdc4def6bf8452f69506dc59141e4b96
9/20/2018 2:08:00 AM,20.0,,0.04,2.0,,,1481,2018-09-20T02:08:00.000000Z,MWC_ETP_MELBOURNE,final_effluent,DATASET_03_MELBOURNE_ETP_OUTLET,observed,SHA256:47948ae79b2e703e4c0d89e3bb62f4d8bdc4def6bf8452f69506dc59141e4b96
9/20/2018 9:00:00 PM,,2.0,0.1,1.4,14.0,13.0,1482,2018-09-20T21:00:00.000000Z,MWC_ETP_MELBOURNE,final_effluent,DATASET_03_MELBOURNE_ETP_OUTLET,observed,SHA256:47948ae79b2e703e4c0d89e3bb62f4d8bdc4def6bf8452f69506dc59141e4b96
9/21/2018 3:02:00 AM,17.0,,0.04,2.8,,,1483,2018-09-21T03:02:00.000000Z,MWC_ETP_MELBOURNE,final_effluent,DATASET_03_MELBOURNE_ETP_OUTLET,observed,SHA256:47948ae79b2e703e4c0d89e3bb62f4d8bdc4def6bf8452f69506dc59141e4b96
9/21/2018 3:14:00 AM,17.0,,0.04,2.8,,,1484,2018-09-21T03:14:00.000000Z,MWC_ETP_MELBOURNE,final_effluent,DATASET_03_MELBOURNE_ETP_OUTLET,observed,SHA256:47948ae79b2e703e4c0d89e3bb62f4d8bdc4def6bf8452f69506dc59141e4b96
9/24/2018 2:39:00 AM,25.0,,0.2,2.0,,,1485,2018-09-24T02:39:00.000000Z,MWC_ETP_MELBOURNE,final_effluent,DATASET_03_MELBOURNE_ETP_OUTLET,observed,SHA256:47948ae79b2e703e4c0d89e3bb62f4d8bdc4def6bf8452f69506dc59141e4b96
9/25/2018 2:58:00 AM,20.0,,0.15,2.0,,,1486,2018-09-25T02:58:00.000000Z,MWC_ETP_MELBOURNE,final_effluent,DATASET_03_MELBOURNE_ETP_OUTLET,observed,SHA256:47948ae79b2e703e4c0d89e3bb62f4d8bdc4def6bf8452f69506dc59141e4b96
9/26/2018 2:38:00 AM,25.0,,0.15,2.8,,,1487,2018-09-26T02:38:00.000000Z,MWC_ETP_MELBOURNE,final_effluent,DATASET_03_MELBOURNE_ETP_OUTLET,observed,SHA256:47948ae79b2e703e4c0d89e3bb62f4d8bdc4def6bf8452f69506dc59141e4b96
9/26/2018 9:00:00 PM,,2.0,0.1,,,,1488,2018-09-26T21:00:00.000000Z,MWC_ETP_MELBOURNE,final_effluent,DATASET_03_MELBOURNE_ETP_OUTLET,observed,SHA256:47948ae79b2e703e4c0d89e3bb62f4d8bdc4def6bf8452f69506dc59141e4b96
9/27/2018 1:43:00 AM,25.0,,0.2,1.3,,,1489,2018-09-27T01:43:00.000000Z,MWC_ETP_MELBOURNE,final_effluent,DATASET_03_MELBOURNE_ETP_OUTLET,observed,SHA256:47948ae79b2e703e4c0d89e3bb62f4d8bdc4def6bf8452f69506dc59141e4b96
9/29/2018 1:50:00 AM,25.0,,0.16,1.4,,,1490,2018-09-29T01:50:00.000000Z,MWC_ETP_MELBOURNE,final_effluent,DATASET_03_MELBOURNE_ETP_OUTLET,observed,SHA256:47948ae79b2e703e4c0d89e3bb62f4d8bdc4def6bf8452f69506dc59141e4b96
10/1/2018 2:40:00 AM,25.0,,0.08,1.5,,,1491,2018-10-01T02:40:00.000000Z,MWC_ETP_MELBOURNE,final_effluent,DATASET_03_MELBOURNE_ETP_OUTLET,observed,SHA256:47948ae79b2e703e4c0d89e3bb62f4d8bdc4def6bf8452f69506dc59141e4b96
10/2/2018 2:34:00 AM,20.0,,0.07,1.4,,,1492,2018-10-02T02:34:00.000000Z,MWC_ETP_MELBOURNE,final_effluent,DATASET_03_MELBOURNE_ETP_OUTLET,observed,SHA256:47948ae79b2e703e4c0d89e3bb62f4d8bdc4def6bf8452f69506dc59141e4b96
10/2/2018 9:00:00 PM,,2.0,0.1,1.6,17.0,16.0,1493,2018-10-02T21:00:00.000000Z,MWC_ETP_MELBOURNE,final_effluent,DATASET_03_MELBOURNE_ETP_OUTLET,observed,SHA256:47948ae79b2e703e4c0d89e3bb62f4d8bdc4def6bf8452f69506dc59141e4b96
10/3/2018 3:11:00 AM,20.0,,0.11,1.7,,,1494,2018-10-03T03:11:00.000000Z,MWC_ETP_MELBOURNE,final_effluent,DATASET_03_MELBOURNE_ETP_OUTLET,observed,SHA256:47948ae79b2e703e4c0d89e3bb62f4d8bdc4def6bf8452f69506dc59141e4b96
10/4/2018 1:48:00 AM,30.0,,0.05,2.6,,,1495,2018-10-04T01:48:00.000000Z,MWC_ETP_MELBOURNE,final_effluent,DATASET_03_MELBOURNE_ETP_OUTLET,observed,SHA256:47948ae79b2e703e4c0d89e3bb62f4d8bdc4def6bf8452f69506dc59141e4b96
10/5/2018 3:03:00 AM,23.0,,0.4,2.8,,,1496,2018-10-05T03:03:00.000000Z,MWC_ETP_MELBOURNE,final_effluent,DATASET_03_MELBOURNE_ETP_OUTLET,observed,SHA256:47948ae79b2e703e4c0d89e3bb62f4d8bdc4def6bf8452f69506dc59141e4b96
3/20/2018 2:36:00 AM,25.0,,0.06,1.2,,,1497,2018-03-20T02:36:00.000000Z,MWC_ETP_MELBOURNE,final_effluent,DATASET_03_MELBOURNE_ETP_OUTLET,observed,SHA256:47948ae79b2e703e4c0d89e3bb62f4d8bdc4def6bf8452f69506dc59141e4b96
10/8/2018 1:46:00 AM,20.0,,0.13,2.0,,,1498,2018-10-08T01:46:00.000000Z,MWC_ETP_MELBOURNE,final_effluent,DATASET_03_MELBOURNE_ETP_OUTLET,observed,SHA256:47948ae79b2e703e4c0d89e3bb62f4d8bdc4def6bf8452f69506dc59141e4b96
1/19/2018 1:20:00 AM,30.0,,0.08,2.0,,,1499,2018-01-19T01:20:00.000000Z,MWC_ETP_MELBOURNE,final_effluent,DATASET_03_MELBOURNE_ETP_OUTLET,observed,SHA256:47948ae79b2e703e4c0d89e3bb62f4d8bdc4def6bf8452f69506dc59141e4b96
2/8/2019 1:13:00 AM,25.0,,0.1,3.7,,,1500,2019-02-08T01:13:00.000000Z,MWC_ETP_MELBOURNE,final_effluent,DATASET_03_MELBOURNE_ETP_OUTLET,observed,SHA256:47948ae79b2e703e4c0d89e3bb62f4d8bdc4def6bf8452f69506dc59141e4b96
3/21/2018 2:54:00 AM,25.0,,0.06,1.9,,,1501,2018-03-21T02:54:00.000000Z,MWC_ETP_MELBOURNE,final_effluent,DATASET_03_MELBOURNE_ETP_OUTLET,observed,SHA256:47948ae79b2e703e4c0d89e3bb62f4d8bdc4def6bf8452f69506dc59141e4b96
10/8/2018 8:00:00 PM,,3.0,0.1,,,,1502,2018-10-08T20:00:00.000000Z,MWC_ETP_MELBOURNE,final_effluent,DATASET_03_MELBOURNE_ETP_OUTLET,observed,SHA256:47948ae79b2e703e4c0d89e3bb62f4d8bdc4def6bf8452f69506dc59141e4b96
1/22/2018 2:05:00 AM,10.0,,0.05,2.2,,,1503,2018-01-22T02:05:00.000000Z,MWC_ETP_MELBOURNE,final_effluent,DATASET_03_MELBOURNE_ETP_OUTLET,observed,SHA256:47948ae79b2e703e4c0d89e3bb62f4d8bdc4def6bf8452f69506dc59141e4b96
2/11/2019 1:30:00 AM,24.0,,0.15,4.1,,,1504,2019-02-11T01:30:00.000000Z,MWC_ETP_MELBOURNE,final_effluent,DATASET_03_MELBOURNE_ETP_OUTLET,observed,SHA256:47948ae79b2e703e4c0d89e3bb62f4d8bdc4def6bf8452f69506dc59141e4b96
6/7/2018 2:57:00 AM,28.0,,0.08,1.4,,,1505,2018-06-07T02:57:00.000000Z,MWC_ETP_MELBOURNE,final_effluent,DATASET_03_MELBOURNE_ETP_OUTLET,observed,SHA256:47948ae79b2e703e4c0d89e3bb62f4d8bdc4def6bf8452f69506dc59141e4b96
3/21/2018 8:00:00 PM,,2.0,0.1,1.8,11.0,10.0,1506,2018-03-21T20:00:00.000000Z,MWC_ETP_MELBOURNE,final_effluent,DATASET_03_MELBOURNE_ETP_OUTLET,observed,SHA256:47948ae79b2e703e4c0d89e3bb62f4d8bdc4def6bf8452f69506dc59141e4b96
10/9/2018 1:39:00 AM,20.0,,0.08,2.4,,,1507,2018-10-09T01:39:00.000000Z,MWC_ETP_MELBOURNE,final_effluent,DATASET_03_MELBOURNE_ETP_OUTLET,observed,SHA256:47948ae79b2e703e4c0d89e3bb62f4d8bdc4def6bf8452f69506dc59141e4b96
1/22/2018 8:00:00 PM,,2.0,0.4,1.1,17.0,16.0,1508,2018-01-22T20:00:00.000000Z,MWC_ETP_MELBOURNE,final_effluent,DATASET_03_MELBOURNE_ETP_OUTLET,observed,SHA256:47948ae79b2e703e4c0d89e3bb62f4d8bdc4def6bf8452f69506dc59141e4b96
2/12/2019 1:15:00 AM,16.0,,0.07,3.3,,,1509,2019-02-12T01:15:00.000000Z,MWC_ETP_MELBOURNE,final_effluent,DATASET_03_MELBOURNE_ETP_OUTLET,observed,SHA256:47948ae79b2e703e4c0d89e3bb62f4d8bdc4def6bf8452f69506dc59141e4b96
6/8/2018 3:04:00 AM,30.0,,0.06,1.1,,,1510,2018-06-08T03:04:00.000000Z,MWC_ETP_MELBOURNE,final_effluent,DATASET_03_MELBOURNE_ETP_OUTLET,observed,SHA256:47948ae79b2e703e4c0d89e3bb62f4d8bdc4def6bf8452f69506dc59141e4b96
3/22/2018 2:05:00 AM,30.0,,0.06,1.6,,,1511,2018-03-22T02:05:00.000000Z,MWC_ETP_MELBOURNE,final_effluent,DATASET_03_MELBOURNE_ETP_OUTLET,observed,SHA256:47948ae79b2e703e4c0d89e3bb62f4d8bdc4def6bf8452f69506dc59141e4b96
10/10/2018 1:39:00 AM,30.0,,0.11,2.4,,,1512,2018-10-10T01:39:00.000000Z,MWC_ETP_MELBOURNE,final_effluent,DATASET_03_MELBOURNE_ETP_OUTLET,observed,SHA256:47948ae79b2e703e4c0d89e3bb62f4d8bdc4def6bf8452f69506dc59141e4b96
1/23/2018 4:11:00 AM,16.0,,0.05,1.7,,,1513,2018-01-23T04:11:00.000000Z,MWC_ETP_MELBOURNE,final_effluent,DATASET_03_MELBOURNE_ETP_OUTLET,observed,SHA256:47948ae79b2e703e4c0d89e3bb62f4d8bdc4def6bf8452f69506dc59141e4b96
2/12/2019 8:00:00 PM,,3.0,0.3,,,,1514,2019-02-12T20:00:00.000000Z,MWC_ETP_MELBOURNE,final_effluent,DATASET_03_MELBOURNE_ETP_OUTLET,observed,SHA256:47948ae79b2e703e4c0d89e3bb62f4d8bdc4def6bf8452f69506dc59141e4b96
6/9/2018 2:37:00 AM,30.0,,0.07,1.1,,,1515,2018-06-09T02:37:00.000000Z,MWC_ETP_MELBOURNE,final_effluent,DATASET_03_MELBOURNE_ETP_OUTLET,observed,SHA256:47948ae79b2e703e4c0d89e3bb62f4d8bdc4def6bf8452f69506dc59141e4b96
3/23/2018 2:55:00 AM,30.0,,0.06,1.9,,,1516,2018-03-23T02:55:00.000000Z,MWC_ETP_MELBOURNE,final_effluent,DATASET_03_MELBOURNE_ETP_OUTLET,observed,SHA256:47948ae79b2e703e4c0d89e3bb62f4d8bdc4def6bf8452f69506dc59141e4b96
10/11/2018 2:08:00 AM,25.0,,0.08,3.0,,,1517,2018-10-11T02:08:00.000000Z,MWC_ETP_MELBOURNE,final_effluent,DATASET_03_MELBOURNE_ETP_OUTLET,observed,SHA256:47948ae79b2e703e4c0d89e3bb62f4d8bdc4def6bf8452f69506dc59141e4b96
1/24/2018 1:51:00 AM,20.0,,0.04,2.0,,,1518,2018-01-24T01:51:00.000000Z,MWC_ETP_MELBOURNE,final_effluent,DATASET_03_MELBOURNE_ETP_OUTLET,observed,SHA256:47948ae79b2e703e4c0d89e3bb62f4d8bdc4def6bf8452f69506dc59141e4b96
2/13/2019 2:16:00 AM,20.0,,0.17,2.9,,,1519,2019-02-13T02:16:00.000000Z,MWC_ETP_MELBOURNE,final_effluent,DATASET_03_MELBOURNE_ETP_OUTLET,observed,SHA256:47948ae79b2e703e4c0d89e3bb62f4d8bdc4def6bf8452f69506dc59141e4b96
6/12/2018 3:11:00 AM,30.0,,0.08,1.0,,,1520,2018-06-12T03:11:00.000000Z,MWC_ETP_MELBOURNE,final_effluent,DATASET_03_MELBOURNE_ETP_OUTLET,observed,SHA256:47948ae79b2e703e4c0d89e3bb62f4d8bdc4def6bf8452f69506dc59141e4b96
3/25/2018 8:00:00 PM,,2.0,0.1,,,,1521,2018-03-25T20:00:00.000000Z,MWC_ETP_MELBOURNE,final_effluent,DATASET_03_MELBOURNE_ETP_OUTLET,observed,SHA256:47948ae79b2e703e4c0d89e3bb62f4d8bdc4def6bf8452f69506dc59141e4b96
10/12/2018 1:59:00 AM,25.0,,0.08,3.3,,,1522,2018-10-12T01:59:00.000000Z,MWC_ETP_MELBOURNE,final_effluent,DATASET_03_MELBOURNE_ETP_OUTLET,observed,SHA256:47948ae79b2e703e4c0d89e3bb62f4d8bdc4def6bf8452f69506dc59141e4b96
1/25/2018 1:24:00 AM,80.0,,0.06,1.8,,,1523,2018-01-25T01:24:00.000000Z,MWC_ETP_MELBOURNE,final_effluent,DATASET_03_MELBOURNE_ETP_OUTLET,observed,SHA256:47948ae79b2e703e4c0d89e3bb62f4d8bdc4def6bf8452f69506dc59141e4b96
2/14/2019 12:25:00 AM,25.0,,0.15,5.0,,,1524,2019-02-14T00:25:00.000000Z,MWC_ETP_MELBOURNE,final_effluent,DATASET_03_MELBOURNE_ETP_OUTLET,observed,SHA256:47948ae79b2e703e4c0d89e3bb62f4d8bdc4def6bf8452f69506dc59141e4b96
6/13/2018 3:05:00 AM,25.0,,0.11,1.4,,,1525,2018-06-13T03:05:00.000000Z,MWC_ETP_MELBOURNE,final_effluent,DATASET_03_MELBOURNE_ETP_OUTLET,observed,SHA256:47948ae79b2e703e4c0d89e3bb62f4d8bdc4def6bf8452f69506dc59141e4b96
3/26/2018 2:49:00 AM,35.0,,0.07,2.0,,,1526,2018-03-26T02:49:00.000000Z,MWC_ETP_MELBOURNE,final_effluent,DATASET_03_MELBOURNE_ETP_OUTLET,observed,SHA256:47948ae79b2e703e4c0d89e3bb62f4d8bdc4def6bf8452f69506dc59141e4b96
3/27/2018 1:39:00 AM,30.0,,0.08,2.8,,,1527,2018-03-27T01:39:00.000000Z,MWC_ETP_MELBOURNE,final_effluent,DATASET_03_MELBOURNE_ETP_OUTLET,observed,SHA256:47948ae79b2e703e4c0d89e3bb62f4d8bdc4def6bf8452f69506dc59141e4b96
3/28/2018 2:52:00 AM,30.0,,0.09,2.1,,,1528,2018-03-28T02:52:00.000000Z,MWC_ETP_MELBOURNE,final_effluent,DATASET_03_MELBOURNE_ETP_OUTLET,observed,SHA256:47948ae79b2e703e4c0d89e3bb62f4d8bdc4def6bf8452f69506dc59141e4b96
3/29/2018 1:07:00 AM,40.0,,0.09,1.4,,,1529,2018-03-29T01:07:00.000000Z,MWC_ETP_MELBOURNE,final_effluent,DATASET_03_MELBOURNE_ETP_OUTLET,observed,SHA256:47948ae79b2e703e4c0d89e3bb62f4d8bdc4def6bf8452f69506dc59141e4b96
3/31/2018 12:14:00 AM,35.0,,0.09,1.3,,,1530,2018-03-31T00:14:00.000000Z,MWC_ETP_MELBOURNE,final_effluent,DATASET_03_MELBOURNE_ETP_OUTLET,observed,SHA256:47948ae79b2e703e4c0d89e3bb62f4d8bdc4def6bf8452f69506dc59141e4b96
4/2/2018 9:00:00 PM,,3.0,0.1,1.4,15.0,14.0,1531,2018-04-02T21:00:00.000000Z,MWC_ETP_MELBOURNE,final_effluent,DATASET_03_MELBOURNE_ETP_OUTLET,observed,SHA256:47948ae79b2e703e4c0d89e3bb62f4d8bdc4def6bf8452f69506dc59141e4b96
4/3/2018 2:45:00 AM,30.0,,0.07,2.3,,,1532,2018-04-03T02:45:00.000000Z,MWC_ETP_MELBOURNE,final_effluent,DATASET_03_MELBOURNE_ETP_OUTLET,observed,SHA256:47948ae79b2e703e4c0d89e3bb62f4d8bdc4def6bf8452f69506dc59141e4b96
4/4/2018 3:34:00 AM,30.0,,0.08,4.4,,,1533,2018-04-04T03:34:00.000000Z,MWC_ETP_MELBOURNE,final_effluent,DATASET_03_MELBOURNE_ETP_OUTLET,observed,SHA256:47948ae79b2e703e4c0d89e3bb62f4d8bdc4def6bf8452f69506dc59141e4b96
4/5/2018 2:32:00 AM,35.0,,0.08,2.3,,,1534,2018-04-05T02:32:00.000000Z,MWC_ETP_MELBOURNE,final_effluent,DATASET_03_MELBOURNE_ETP_OUTLET,observed,SHA256:47948ae79b2e703e4c0d89e3bb62f4d8bdc4def6bf8452f69506dc59141e4b96
4/6/2018 3:02:00 AM,20.0,,0.08,2.0,,,1535,2018-04-06T03:02:00.000000Z,MWC_ETP_MELBOURNE,final_effluent,DATASET_03_MELBOURNE_ETP_OUTLET,observed,SHA256:47948ae79b2e703e4c0d89e3bb62f4d8bdc4def6bf8452f69506dc59141e4b96
4/9/2018 3:19:00 AM,30.0,,0.1,2.1,,,1536,2018-04-09T03:19:00.000000Z,MWC_ETP_MELBOURNE,final_effluent,DATASET_03_MELBOURNE_ETP_OUTLET,observed,SHA256:47948ae79b2e703e4c0d89e3bb62f4d8bdc4def6bf8452f69506dc59141e4b96
4/10/2018 2:55:00 AM,30.0,,0.08,2.0,,,1537,2018-04-10T02:55:00.000000Z,MWC_ETP_MELBOURNE,final_effluent,DATASET_03_MELBOURNE_ETP_OUTLET,observed,SHA256:47948ae79b2e703e4c0d89e3bb62f4d8bdc4def6bf8452f69506dc59141e4b96
4/11/2018 3:09:00 AM,35.0,,0.09,2.2,,,1538,2018-04-11T03:09:00.000000Z,MWC_ETP_MELBOURNE,final_effluent,DATASET_03_MELBOURNE_ETP_OUTLET,observed,SHA256:47948ae79b2e703e4c0d89e3bb62f4d8bdc4def6bf8452f69506dc59141e4b96
4/12/2018 3:01:00 AM,35.0,,0.08,2.2,,,1539,2018-04-12T03:01:00.000000Z,MWC_ETP_MELBOURNE,final_effluent,DATASET_03_MELBOURNE_ETP_OUTLET,observed,SHA256:47948ae79b2e703e4c0d89e3bb62f4d8bdc4def6bf8452f69506dc59141e4b96
4/13/2018 2:55:00 AM,25.0,,0.08,2.9,,,1540,2018-04-13T02:55:00.000000Z,MWC_ETP_MELBOURNE,final_effluent,DATASET_03_MELBOURNE_ETP_OUTLET,observed,SHA256:47948ae79b2e703e4c0d89e3bb62f4d8bdc4def6bf8452f69506dc59141e4b96
4/16/2018 3:43:00 AM,35.0,,0.09,3.0,,,1541,2018-04-16T03:43:00.000000Z,MWC_ETP_MELBOURNE,final_effluent,DATASET_03_MELBOURNE_ETP_OUTLET,observed,SHA256:47948ae79b2e703e4c0d89e3bb62f4d8bdc4def6bf8452f69506dc59141e4b96
4/17/2018 2:58:00 AM,35.0,,0.1,1.6,,,1542,2018-04-17T02:58:00.000000Z,MWC_ETP_MELBOURNE,final_effluent,DATASET_03_MELBOURNE_ETP_OUTLET,observed,SHA256:47948ae79b2e703e4c0d89e3bb62f4d8bdc4def6bf8452f69506dc59141e4b96
4/18/2018 4:00:00 AM,30.0,,0.09,3.4,,,1543,2018-04-18T04:00:00.000000Z,MWC_ETP_MELBOURNE,final_effluent,DATASET_03_MELBOURNE_ETP_OUTLET,observed,SHA256:47948ae79b2e703e4c0d89e3bb62f4d8bdc4def6bf8452f69506dc59141e4b96
4/18/2018 9:00:00 PM,,3.0,0.1,1.8,19.0,17.0,1544,2018-04-18T21:00:00.000000Z,MWC_ETP_MELBOURNE,final_effluent,DATASET_03_MELBOURNE_ETP_OUTLET,observed,SHA256:47948ae79b2e703e4c0d89e3bb62f4d8bdc4def6bf8452f69506dc59141e4b96
4/19/2018 3:26:00 AM,30.0,,0.1,1.4,,,1545,2018-04-19T03:26:00.000000Z,MWC_ETP_MELBOURNE,final_effluent,DATASET_03_MELBOURNE_ETP_OUTLET,observed,SHA256:47948ae79b2e703e4c0d89e3bb62f4d8bdc4def6bf8452f69506dc59141e4b96
4/20/2018 2:36:00 AM,30.0,,0.09,1.8,,,1546,2018-04-20T02:36:00.000000Z,MWC_ETP_MELBOURNE,final_effluent,DATASET_03_MELBOURNE_ETP_OUTLET,observed,SHA256:47948ae79b2e703e4c0d89e3bb62f4d8bdc4def6bf8452f69506dc59141e4b96
4/23/2018 2:53:00 AM,25.0,,0.11,1.7,,,1547,2018-04-23T02:53:00.000000Z,MWC_ETP_MELBOURNE,final_effluent,DATASET_03_MELBOURNE_ETP_OUTLET,observed,SHA256:47948ae79b2e703e4c0d89e3bb62f4d8bdc4def6bf8452f69506dc59141e4b96
4/24/2018 2:30:00 AM,25.0,,0.09,1.0,,,1548,2018-04-24T02:30:00.000000Z,MWC_ETP_MELBOURNE,final_effluent,DATASET_03_MELBOURNE_ETP_OUTLET,observed,SHA256:47948ae79b2e703e4c0d89e3bb62f4d8bdc4def6bf8452f69506dc59141e4b96
4/26/2018 2:57:00 AM,30.0,,0.07,1.4,,,1549,2018-04-26T02:57:00.000000Z,MWC_ETP_MELBOURNE,final_effluent,DATASET_03_MELBOURNE_ETP_OUTLET,observed,SHA256:47948ae79b2e703e4c0d89e3bb62f4d8bdc4def6bf8452f69506dc59141e4b96
4/26/2018 9:00:00 PM,,3.0,0.1,,,,1550,2018-04-26T21:00:00.000000Z,MWC_ETP_MELBOURNE,final_effluent,DATASET_03_MELBOURNE_ETP_OUTLET,observed,SHA256:47948ae79b2e703e4c0d89e3bb62f4d8bdc4def6bf8452f69506dc59141e4b96
4/27/2018 2:58:00 AM,25.0,,0.07,1.0,,,1551,2018-04-27T02:58:00.000000Z,MWC_ETP_MELBOURNE,final_effluent,DATASET_03_MELBOURNE_ETP_OUTLET,observed,SHA256:47948ae79b2e703e4c0d89e3bb62f4d8bdc4def6bf8452f69506dc59141e4b96
4/30/2018 2:49:00 AM,25.0,,0.08,1.7,,,1552,2018-04-30T02:49:00.000000Z,MWC_ETP_MELBOURNE,final_effluent,DATASET_03_MELBOURNE_ETP_OUTLET,observed,SHA256:47948ae79b2e703e4c0d89e3bb62f4d8bdc4def6bf8452f69506dc59141e4b96
5/1/2018 2:22:00 AM,25.0,,0.09,1.6,,,1553,2018-05-01T02:22:00.000000Z,MWC_ETP_MELBOURNE,final_effluent,DATASET_03_MELBOURNE_ETP_OUTLET,observed,SHA256:47948ae79b2e703e4c0d89e3bb62f4d8bdc4def6bf8452f69506dc59141e4b96
6/14/2018 2:41:00 AM,20.0,,0.16,1.0,,,1554,2018-06-14T02:41:00.000000Z,MWC_ETP_MELBOURNE,final_effluent,DATASET_03_MELBOURNE_ETP_OUTLET,observed,SHA256:47948ae79b2e703e4c0d89e3bb62f4d8bdc4def6bf8452f69506dc59141e4b96
6/14/2018 9:00:00 PM,,2.0,0.1,1.9,16.0,14.0,1555,2018-06-14T21:00:00.000000Z,MWC_ETP_MELBOURNE,final_effluent,DATASET_03_MELBOURNE_ETP_OUTLET,observed,SHA256:47948ae79b2e703e4c0d89e3bb62f4d8bdc4def6bf8452f69506dc59141e4b96
6/15/2018 2:36:00 AM,30.0,,0.1,1.2,,,1556,2018-06-15T02:36:00.000000Z,MWC_ETP_MELBOURNE,final_effluent,DATASET_03_MELBOURNE_ETP_OUTLET,observed,SHA256:47948ae79b2e703e4c0d89e3bb62f4d8bdc4def6bf8452f69506dc59141e4b96
6/18/2018 3:18:00 AM,20.0,,0.12,1.1,,,1557,2018-06-18T03:18:00.000000Z,MWC_ETP_MELBOURNE,final_effluent,DATASET_03_MELBOURNE_ETP_OUTLET,observed,SHA256:47948ae79b2e703e4c0d89e3bb62f4d8bdc4def6bf8452f69506dc59141e4b96
6/19/2018 3:26:00 AM,25.0,,0.15,1.4,,,1558,2018-06-19T03:26:00.000000Z,MWC_ETP_MELBOURNE,final_effluent,DATASET_03_MELBOURNE_ETP_OUTLET,observed,SHA256:47948ae79b2e703e4c0d89e3bb62f4d8bdc4def6bf8452f69506dc59141e4b96
6/20/2018 3:25:00 AM,17.0,,0.06,1.0,,,1559,2018-06-20T03:25:00.000000Z,MWC_ETP_MELBOURNE,final_effluent,DATASET_03_MELBOURNE_ETP_OUTLET,observed,SHA256:47948ae79b2e703e4c0d89e3bb62f4d8bdc4def6bf8452f69506dc59141e4b96
6/20/2018 9:00:00 PM,,2.0,0.1,,,,1560,2018-06-20T21:00:00.000000Z,MWC_ETP_MELBOURNE,final_effluent,DATASET_03_MELBOURNE_ETP_OUTLET,observed,SHA256:47948ae79b2e703e4c0d89e3bb62f4d8bdc4def6bf8452f69506dc59141e4b96
6/21/2018 3:08:00 AM,30.0,,0.06,1.4,,,1561,2018-06-21T03:08:00.000000Z,MWC_ETP_MELBOURNE,final_effluent,DATASET_03_MELBOURNE_ETP_OUTLET,observed,SHA256:47948ae79b2e703e4c0d89e3bb62f4d8bdc4def6bf8452f69506dc59141e4b96
6/22/2018 2:31:00 AM,25.0,,0.13,1.0,,,1562,2018-06-22T02:31:00.000000Z,MWC_ETP_MELBOURNE,final_effluent,DATASET_03_MELBOURNE_ETP_OUTLET,observed,SHA256:47948ae79b2e703e4c0d89e3bb62f4d8bdc4def6bf8452f69506dc59141e4b96
6/25/2018 3:27:00 AM,30.0,,0.11,1.0,,,1563,2018-06-25T03:27:00.000000Z,MWC_ETP_MELBOURNE,final_effluent,DATASET_03_MELBOURNE_ETP_OUTLET,observed,SHA256:47948ae79b2e703e4c0d89e3bb62f4d8bdc4def6bf8452f69506dc59141e4b96
6/26/2018 2:21:00 AM,30.0,,0.11,2.0,,,1564,2018-06-26T02:21:00.000000Z,MWC_ETP_MELBOURNE,final_effluent,DATASET_03_MELBOURNE_ETP_OUTLET,observed,SHA256:47948ae79b2e703e4c0d89e3bb62f4d8bdc4def6bf8452f69506dc59141e4b96
6/26/2018 9:00:00 PM,,2.0,0.1,1.4,15.0,14.0,1565,2018-06-26T21:00:00.000000Z,MWC_ETP_MELBOURNE,final_effluent,DATASET_03_MELBOURNE_ETP_OUTLET,observed,SHA256:47948ae79b2e703e4c0d89e3bb62f4d8bdc4def6bf8452f69506dc59141e4b96
6/27/2018 3:34:00 AM,20.0,,0.05,2.0,,,1566,2018-06-27T03:34:00.000000Z,MWC_ETP_MELBOURNE,final_effluent,DATASET_03_MELBOURNE_ETP_OUTLET,observed,SHA256:47948ae79b2e703e4c0d89e3bb62f4d8bdc4def6bf8452f69506dc59141e4b96
2/15/2019 1:22:00 AM,30.0,,0.07,3.7,,,1567,2019-02-15T01:22:00.000000Z,MWC_ETP_MELBOURNE,final_effluent,DATASET_03_MELBOURNE_ETP_OUTLET,observed,SHA256:47948ae79b2e703e4c0d89e3bb62f4d8bdc4def6bf8452f69506dc59141e4b96
1/27/2018 12:35:00 AM,28.0,,0.03,2.3,,,1568,2018-01-27T00:35:00.000000Z,MWC_ETP_MELBOURNE,final_effluent,DATASET_03_MELBOURNE_ETP_OUTLET,observed,SHA256:47948ae79b2e703e4c0d89e3bb62f4d8bdc4def6bf8452f69506dc59141e4b96
1/28/2018 8:00:00 PM,,2.0,0.1,,,,1569,2018-01-28T20:00:00.000000Z,MWC_ETP_MELBOURNE,final_effluent,DATASET_03_MELBOURNE_ETP_OUTLET,observed,SHA256:47948ae79b2e703e4c0d89e3bb62f4d8bdc4def6bf8452f69506dc59141e4b96
1/29/2018 1:45:00 AM,25.0,,0.06,2.1,,,1570,2018-01-29T01:45:00.000000Z,MWC_ETP_MELBOURNE,final_effluent,DATASET_03_MELBOURNE_ETP_OUTLET,observed,SHA256:47948ae79b2e703e4c0d89e3bb62f4d8bdc4def6bf8452f69506dc59141e4b96
1/30/2018 1:18:00 AM,25.0,,0.08,1.5,,,1571,2018-01-30T01:18:00.000000Z,MWC_ETP_MELBOURNE,final_effluent,DATASET_03_MELBOURNE_ETP_OUTLET,observed,SHA256:47948ae79b2e703e4c0d89e3bb62f4d8bdc4def6bf8452f69506dc59141e4b96
1/31/2018 2:14:00 AM,25.0,,0.08,1.1,,,1572,2018-01-31T02:14:00.000000Z,MWC_ETP_MELBOURNE,final_effluent,DATASET_03_MELBOURNE_ETP_OUTLET,observed,SHA256:47948ae79b2e703e4c0d89e3bb62f4d8bdc4def6bf8452f69506dc59141e4b96
2/1/2018 1:52:00 AM,26.0,,0.07,1.1,,,1573,2018-02-01T01:52:00.000000Z,MWC_ETP_MELBOURNE,final_effluent,DATASET_03_MELBOURNE_ETP_OUTLET,observed,SHA256:47948ae79b2e703e4c0d89e3bb62f4d8bdc4def6bf8452f69506dc59141e4b96
2/2/2018 1:35:00 AM,25.0,,0.2,1.1,,,1574,2018-02-02T01:35:00.000000Z,MWC_ETP_MELBOURNE,final_effluent,DATASET_03_MELBOURNE_ETP_OUTLET,observed,SHA256:47948ae79b2e703e4c0d89e3bb62f4d8bdc4def6bf8452f69506dc59141e4b96
2/5/2018 2:07:00 AM,25.0,,0.08,1.6,,,1575,2018-02-05T02:07:00.000000Z,MWC_ETP_MELBOURNE,final_effluent,DATASET_03_MELBOURNE_ETP_OUTLET,observed,SHA256:47948ae79b2e703e4c0d89e3bb62f4d8bdc4def6bf8452f69506dc59141e4b96
2/5/2018 8:00:00 PM,,2.0,0.1,1.4,18.0,17.0,1576,2018-02-05T20:00:00.000000Z,MWC_ETP_MELBOURNE,final_effluent,DATASET_03_MELBOURNE_ETP_OUTLET,observed,SHA256:47948ae79b2e703e4c0d89e3bb62f4d8bdc4def6bf8452f69506dc59141e4b96
2/6/2018 2:29:00 AM,20.0,,0.08,2.0,,,1577,2018-02-06T02:29:00.000000Z,MWC_ETP_MELBOURNE,final_effluent,DATASET_03_MELBOURNE_ETP_OUTLET,observed,SHA256:47948ae79b2e703e4c0d89e3bb62f4d8bdc4def6bf8452f69506dc59141e4b96
2/7/2018 2:09:00 AM,28.0,,0.05,1.1,,,1578,2018-02-07T02:09:00.000000Z,MWC_ETP_MELBOURNE,final_effluent,DATASET_03_MELBOURNE_ETP_OUTLET,observed,SHA256:47948ae79b2e703e4c0d89e3bb62f4d8bdc4def6bf8452f69506dc59141e4b96
2/8/2018 3:09:00 AM,24.0,,0.04,2.0,,,1579,2018-02-08T03:09:00.000000Z,MWC_ETP_MELBOURNE,final_effluent,DATASET_03_MELBOURNE_ETP_OUTLET,observed,SHA256:47948ae79b2e703e4c0d89e3bb62f4d8bdc4def6bf8452f69506dc59141e4b96
2/9/2018 2:31:00 AM,30.0,,0.05,1.5,,,1580,2018-02-09T02:31:00.000000Z,MWC_ETP_MELBOURNE,final_effluent,DATASET_03_MELBOURNE_ETP_OUTLET,observed,SHA256:47948ae79b2e703e4c0d89e3bb62f4d8bdc4def6bf8452f69506dc59141e4b96
2/12/2018 3:09:00 AM,25.0,,0.21,2.2,,,1581,2018-02-12T03:09:00.000000Z,MWC_ETP_MELBOURNE,final_effluent,DATASET_03_MELBOURNE_ETP_OUTLET,observed,SHA256:47948ae79b2e703e4c0d89e3bb62f4d8bdc4def6bf8452f69506dc59141e4b96
2/13/2018 2:23:00 AM,25.0,,0.07,2.0,,,1582,2018-02-13T02:23:00.000000Z,MWC_ETP_MELBOURNE,final_effluent,DATASET_03_MELBOURNE_ETP_OUTLET,observed,SHA256:47948ae79b2e703e4c0d89e3bb62f4d8bdc4def6bf8452f69506dc59141e4b96
2/13/2018 8:00:00 PM,,3.0,0.1,,,,1583,2018-02-13T20:00:00.000000Z,MWC_ETP_MELBOURNE,final_effluent,DATASET_03_MELBOURNE_ETP_OUTLET,observed,SHA256:47948ae79b2e703e4c0d89e3bb62f4d8bdc4def6bf8452f69506dc59141e4b96
2/14/2018 2:35:00 AM,29.0,,0.06,1.8,,,1584,2018-02-14T02:35:00.000000Z,MWC_ETP_MELBOURNE,final_effluent,DATASET_03_MELBOURNE_ETP_OUTLET,observed,SHA256:47948ae79b2e703e4c0d89e3bb62f4d8bdc4def6bf8452f69506dc59141e4b96
2/15/2018 2:17:00 AM,35.0,,0.09,1.6,,,1585,2018-02-15T02:17:00.000000Z,MWC_ETP_MELBOURNE,final_effluent,DATASET_03_MELBOURNE_ETP_OUTLET,observed,SHA256:47948ae79b2e703e4c0d89e3bb62f4d8bdc4def6bf8452f69506dc59141e4b96
2/16/2018 1:47:00 AM,25.0,,0.07,2.1,,,1586,2018-02-16T01:47:00.000000Z,MWC_ETP_MELBOURNE,final_effluent,DATASET_03_MELBOURNE_ETP_OUTLET,observed,SHA256:47948ae79b2e703e4c0d89e3bb62f4d8bdc4def6bf8452f69506dc59141e4b96
2/19/2018 2:16:00 AM,26.0,,0.06,1.5,,,1587,2018-02-19T02:16:00.000000Z,MWC_ETP_MELBOURNE,final_effluent,DATASET_03_MELBOURNE_ETP_OUTLET,observed,SHA256:47948ae79b2e703e4c0d89e3bb62f4d8bdc4def6bf8452f69506dc59141e4b96
2/20/2018 2:17:00 AM,28.0,,0.05,2.0,,,1588,2018-02-20T02:17:00.000000Z,MWC_ETP_MELBOURNE,final_effluent,DATASET_03_MELBOURNE_ETP_OUTLET,observed,SHA256:47948ae79b2e703e4c0d89e3bb62f4d8bdc4def6bf8452f69506dc59141e4b96
2/21/2018 2:19:00 AM,25.0,,0.05,1.7,,,1589,2018-02-21T02:19:00.000000Z,MWC_ETP_MELBOURNE,final_effluent,DATASET_03_MELBOURNE_ETP_OUTLET,observed,SHA256:47948ae79b2e703e4c0d89e3bb62f4d8bdc4def6bf8452f69506dc59141e4b96
2/21/2018 8:00:00 PM,,2.0,0.1,1.4,14.0,12.0,1590,2018-02-21T20:00:00.000000Z,MWC_ETP_MELBOURNE,final_effluent,DATASET_03_MELBOURNE_ETP_OUTLET,observed,SHA256:47948ae79b2e703e4c0d89e3bb62f4d8bdc4def6bf8452f69506dc59141e4b96
2/22/2018 1:36:00 AM,25.0,,0.05,2.2,,,1591,2018-02-22T01:36:00.000000Z,MWC_ETP_MELBOURNE,final_effluent,DATASET_03_MELBOURNE_ETP_OUTLET,observed,SHA256:47948ae79b2e703e4c0d89e3bb62f4d8bdc4def6bf8452f69506dc59141e4b96
2/23/2018 3:01:00 AM,25.0,,0.06,1.0,,,1592,2018-02-23T03:01:00.000000Z,MWC_ETP_MELBOURNE,final_effluent,DATASET_03_MELBOURNE_ETP_OUTLET,observed,SHA256:47948ae79b2e703e4c0d89e3bb62f4d8bdc4def6bf8452f69506dc59141e4b96
2/26/2018 2:08:00 AM,20.0,,0.05,1.7,,,1593,2018-02-26T02:08:00.000000Z,MWC_ETP_MELBOURNE,final_effluent,DATASET_03_MELBOURNE_ETP_OUTLET,observed,SHA256:47948ae79b2e703e4c0d89e3bb62f4d8bdc4def6bf8452f69506dc59141e4b96
2/27/2018 2:00:00 AM,20.0,,0.05,2.0,,,1594,2018-02-27T02:00:00.000000Z,MWC_ETP_MELBOURNE,final_effluent,DATASET_03_MELBOURNE_ETP_OUTLET,observed,SHA256:47948ae79b2e703e4c0d89e3bb62f4d8bdc4def6bf8452f69506dc59141e4b96
2/27/2018 8:00:00 PM,,2.0,0.1,,,,1595,2018-02-27T20:00:00.000000Z,MWC_ETP_MELBOURNE,final_effluent,DATASET_03_MELBOURNE_ETP_OUTLET,observed,SHA256:47948ae79b2e703e4c0d89e3bb62f4d8bdc4def6bf8452f69506dc59141e4b96
10/14/2018 8:00:00 PM,,2.0,0.1,2.4,17.0,15.0,1596,2018-10-14T20:00:00.000000Z,MWC_ETP_MELBOURNE,final_effluent,DATASET_03_MELBOURNE_ETP_OUTLET,observed,SHA256:47948ae79b2e703e4c0d89e3bb62f4d8bdc4def6bf8452f69506dc59141e4b96
10/15/2018 1:45:00 AM,30.0,,0.29,1.8,,,1597,2018-10-15T01:45:00.000000Z,MWC_ETP_MELBOURNE,final_effluent,DATASET_03_MELBOURNE_ETP_OUTLET,observed,SHA256:47948ae79b2e703e4c0d89e3bb62f4d8bdc4def6bf8452f69506dc59141e4b96
10/16/2018 1:40:00 AM,30.0,,0.2,3.0,,,1598,2018-10-16T01:40:00.000000Z,MWC_ETP_MELBOURNE,final_effluent,DATASET_03_MELBOURNE_ETP_OUTLET,observed,SHA256:47948ae79b2e703e4c0d89e3bb62f4d8bdc4def6bf8452f69506dc59141e4b96
10/17/2018 1:43:00 AM,26.0,,0.1,2.6,,,1599,2018-10-17T01:43:00.000000Z,MWC_ETP_MELBOURNE,final_effluent,DATASET_03_MELBOURNE_ETP_OUTLET,observed,SHA256:47948ae79b2e703e4c0d89e3bb62f4d8bdc4def6bf8452f69506dc59141e4b96
10/18/2018 1:03:00 AM,30.0,,0.2,2.5,,,1600,2018-10-18T01:03:00.000000Z,MWC_ETP_MELBOURNE,final_effluent,DATASET_03_MELBOURNE_ETP_OUTLET,observed,SHA256:47948ae79b2e703e4c0d89e3bb62f4d8bdc4def6bf8452f69506dc59141e4b96
4/16/2019 2:44:00 AM,40.0,,0.19,2.7,,,1601,2019-04-16T02:44:00.000000Z,MWC_ETP_MELBOURNE,final_effluent,DATASET_03_MELBOURNE_ETP_OUTLET,observed,SHA256:47948ae79b2e703e4c0d89e3bb62f4d8bdc4def6bf8452f69506dc59141e4b96
4/17/2019 2:27:00 AM,28.0,,0.1,2.0,,,1602,2019-04-17T02:27:00.000000Z,MWC_ETP_MELBOURNE,final_effluent,DATASET_03_MELBOURNE_ETP_OUTLET,observed,SHA256:47948ae79b2e703e4c0d89e3bb62f4d8bdc4def6bf8452f69506dc59141e4b96
4/18/2019 2:11:00 AM,25.0,,0.08,6.7,,,1603,2019-04-18T02:11:00.000000Z,MWC_ETP_MELBOURNE,final_effluent,DATASET_03_MELBOURNE_ETP_OUTLET,observed,SHA256:47948ae79b2e703e4c0d89e3bb62f4d8bdc4def6bf8452f69506dc59141e4b96
4/20/2019 1:31:00 AM,30.0,,0.12,4.7,,,1604,2019-04-20T01:31:00.000000Z,MWC_ETP_MELBOURNE,final_effluent,DATASET_03_MELBOURNE_ETP_OUTLET,observed,SHA256:47948ae79b2e703e4c0d89e3bb62f4d8bdc4def6bf8452f69506dc59141e4b96
4/23/2019 2:22:00 AM,28.0,,0.2,2.8,,,1605,2019-04-23T02:22:00.000000Z,MWC_ETP_MELBOURNE,final_effluent,DATASET_03_MELBOURNE_ETP_OUTLET,observed,SHA256:47948ae79b2e703e4c0d89e3bb62f4d8bdc4def6bf8452f69506dc59141e4b96
4/23/2019 9:00:00 PM,,2.0,0.4,,,,1606,2019-04-23T21:00:00.000000Z,MWC_ETP_MELBOURNE,final_effluent,DATASET_03_MELBOURNE_ETP_OUTLET,observed,SHA256:47948ae79b2e703e4c0d89e3bb62f4d8bdc4def6bf8452f69506dc59141e4b96
4/26/2019 2:33:00 AM,35.0,,0.07,3.1,,,1607,2019-04-26T02:33:00.000000Z,MWC_ETP_MELBOURNE,final_effluent,DATASET_03_MELBOURNE_ETP_OUTLET,observed,SHA256:47948ae79b2e703e4c0d89e3bb62f4d8bdc4def6bf8452f69506dc59141e4b96
4/29/2019 2:32:00 AM,25.0,,0.19,3.8,,,1608,2019-04-29T02:32:00.000000Z,MWC_ETP_MELBOURNE,final_effluent,DATASET_03_MELBOURNE_ETP_OUTLET,observed,SHA256:47948ae79b2e703e4c0d89e3bb62f4d8bdc4def6bf8452f69506dc59141e4b96
4/30/2019 3:19:00 AM,20.0,,0.19,3.0,,,1609,2019-04-30T03:19:00.000000Z,MWC_ETP_MELBOURNE,final_effluent,DATASET_03_MELBOURNE_ETP_OUTLET,observed,SHA256:47948ae79b2e703e4c0d89e3bb62f4d8bdc4def6bf8452f69506dc59141e4b96
5/1/2019 2:14:00 AM,18.0,,0.15,2.2,,,1610,2019-05-01T02:14:00.000000Z,MWC_ETP_MELBOURNE,final_effluent,DATASET_03_MELBOURNE_ETP_OUTLET,observed,SHA256:47948ae79b2e703e4c0d89e3bb62f4d8bdc4def6bf8452f69506dc59141e4b96
5/1/2019 9:00:00 PM,,2.0,0.1,1.7,16.0,14.0,1611,2019-05-01T21:00:00.000000Z,MWC_ETP_MELBOURNE,final_effluent,DATASET_03_MELBOURNE_ETP_OUTLET,observed,SHA256:47948ae79b2e703e4c0d89e3bb62f4d8bdc4def6bf8452f69506dc59141e4b96
5/2/2019 2:38:00 AM,25.0,,0.16,6.0,,,1612,2019-05-02T02:38:00.000000Z,MWC_ETP_MELBOURNE,final_effluent,DATASET_03_MELBOURNE_ETP_OUTLET,observed,SHA256:47948ae79b2e703e4c0d89e3bb62f4d8bdc4def6bf8452f69506dc59141e4b96
5/3/2019 2:30:00 AM,29.0,,0.18,1.1,,,1613,2019-05-03T02:30:00.000000Z,MWC_ETP_MELBOURNE,final_effluent,DATASET_03_MELBOURNE_ETP_OUTLET,observed,SHA256:47948ae79b2e703e4c0d89e3bb62f4d8bdc4def6bf8452f69506dc59141e4b96
5/6/2019 2:44:00 AM,25.0,,0.15,3.3,,,1614,2019-05-06T02:44:00.000000Z,MWC_ETP_MELBOURNE,final_effluent,DATASET_03_MELBOURNE_ETP_OUTLET,observed,SHA256:47948ae79b2e703e4c0d89e3bb62f4d8bdc4def6bf8452f69506dc59141e4b96
5/7/2019 2:33:00 AM,26.0,,0.1,2.1,,,1615,2019-05-07T02:33:00.000000Z,MWC_ETP_MELBOURNE,final_effluent,DATASET_03_MELBOURNE_ETP_OUTLET,observed,SHA256:47948ae79b2e703e4c0d89e3bb62f4d8bdc4def6bf8452f69506dc59141e4b96
5/8/2019 2:01:00 AM,29.0,,0.1,5.5,,,1616,2019-05-08T02:01:00.000000Z,MWC_ETP_MELBOURNE,final_effluent,DATASET_03_MELBOURNE_ETP_OUTLET,observed,SHA256:47948ae79b2e703e4c0d89e3bb62f4d8bdc4def6bf8452f69506dc59141e4b96
5/8/2019 9:00:00 PM,,2.0,0.1,,,,1617,2019-05-08T21:00:00.000000Z,MWC_ETP_MELBOURNE,final_effluent,DATASET_03_MELBOURNE_ETP_OUTLET,observed,SHA256:47948ae79b2e703e4c0d89e3bb62f4d8bdc4def6bf8452f69506dc59141e4b96
5/9/2019 2:53:00 AM,30.0,,0.1,1.0,,,1618,2019-05-09T02:53:00.000000Z,MWC_ETP_MELBOURNE,final_effluent,DATASET_03_MELBOURNE_ETP_OUTLET,observed,SHA256:47948ae79b2e703e4c0d89e3bb62f4d8bdc4def6bf8452f69506dc59141e4b96
5/10/2019 2:38:00 AM,35.0,,0.06,1.7,,,1619,2019-05-10T02:38:00.000000Z,MWC_ETP_MELBOURNE,final_effluent,DATASET_03_MELBOURNE_ETP_OUTLET,observed,SHA256:47948ae79b2e703e4c0d89e3bb62f4d8bdc4def6bf8452f69506dc59141e4b96
5/13/2019 2:37:00 AM,25.0,,0.13,2.7,,,1620,2019-05-13T02:37:00.000000Z,MWC_ETP_MELBOURNE,final_effluent,DATASET_03_MELBOURNE_ETP_OUTLET,observed,SHA256:47948ae79b2e703e4c0d89e3bb62f4d8bdc4def6bf8452f69506dc59141e4b96
5/14/2019 1:59:00 AM,25.0,,0.12,2.8,,,1621,2019-05-14T01:59:00.000000Z,MWC_ETP_MELBOURNE,final_effluent,DATASET_03_MELBOURNE_ETP_OUTLET,observed,SHA256:47948ae79b2e703e4c0d89e3bb62f4d8bdc4def6bf8452f69506dc59141e4b96
5/14/2019 9:00:00 PM,,3.0,0.1,1.8,18.0,16.0,1622,2019-05-14T21:00:00.000000Z,MWC_ETP_MELBOURNE,final_effluent,DATASET_03_MELBOURNE_ETP_OUTLET,observed,SHA256:47948ae79b2e703e4c0d89e3bb62f4d8bdc4def6bf8452f69506dc59141e4b96
5/15/2019 2:43:00 AM,33.0,,0.06,4.0,,,1623,2019-05-15T02:43:00.000000Z,MWC_ETP_MELBOURNE,final_effluent,DATASET_03_MELBOURNE_ETP_OUTLET,observed,SHA256:47948ae79b2e703e4c0d89e3bb62f4d8bdc4def6bf8452f69506dc59141e4b96
5/16/2019 2:59:00 AM,30.0,,0.15,4.0,,,1624,2019-05-16T02:59:00.000000Z,MWC_ETP_MELBOURNE,final_effluent,DATASET_03_MELBOURNE_ETP_OUTLET,observed,SHA256:47948ae79b2e703e4c0d89e3bb62f4d8bdc4def6bf8452f69506dc59141e4b96
5/17/2019 2:40:00 AM,28.0,,0.14,3.8,,,1625,2019-05-17T02:40:00.000000Z,MWC_ETP_MELBOURNE,final_effluent,DATASET_03_MELBOURNE_ETP_OUTLET,observed,SHA256:47948ae79b2e703e4c0d89e3bb62f4d8bdc4def6bf8452f69506dc59141e4b96
5/20/2019 3:01:00 AM,30.0,,0.4,2.5,,,1626,2019-05-20T03:01:00.000000Z,MWC_ETP_MELBOURNE,final_effluent,DATASET_03_MELBOURNE_ETP_OUTLET,observed,SHA256:47948ae79b2e703e4c0d89e3bb62f4d8bdc4def6bf8452f69506dc59141e4b96
5/20/2019 9:00:00 PM,,2.0,0.1,,,,1627,2019-05-20T21:00:00.000000Z,MWC_ETP_MELBOURNE,final_effluent,DATASET_03_MELBOURNE_ETP_OUTLET,observed,SHA256:47948ae79b2e703e4c0d89e3bb62f4d8bdc4def6bf8452f69506dc59141e4b96
5/21/2019 2:53:00 AM,21.0,,0.13,1.8,,,1628,2019-05-21T02:53:00.000000Z,MWC_ETP_MELBOURNE,final_effluent,DATASET_03_MELBOURNE_ETP_OUTLET,observed,SHA256:47948ae79b2e703e4c0d89e3bb62f4d8bdc4def6bf8452f69506dc59141e4b96
5/22/2019 2:36:00 AM,25.0,,0.1,4.4,,,1629,2019-05-22T02:36:00.000000Z,MWC_ETP_MELBOURNE,final_effluent,DATASET_03_MELBOURNE_ETP_OUTLET,observed,SHA256:47948ae79b2e703e4c0d89e3bb62f4d8bdc4def6bf8452f69506dc59141e4b96
5/23/2019 2:03:00 AM,30.0,,0.13,3.1,,,1630,2019-05-23T02:03:00.000000Z,MWC_ETP_MELBOURNE,final_effluent,DATASET_03_MELBOURNE_ETP_OUTLET,observed,SHA256:47948ae79b2e703e4c0d89e3bb62f4d8bdc4def6bf8452f69506dc59141e4b96
5/24/2019 2:37:00 AM,35.0,,0.2,2.6,,,1631,2019-05-24T02:37:00.000000Z,MWC_ETP_MELBOURNE,final_effluent,DATASET_03_MELBOURNE_ETP_OUTLET,observed,SHA256:47948ae79b2e703e4c0d89e3bb62f4d8bdc4def6bf8452f69506dc59141e4b96
5/26/2019 9:00:00 PM,,2.0,0.2,2.3,20.0,18.0,1632,2019-05-26T21:00:00.000000Z,MWC_ETP_MELBOURNE,final_effluent,DATASET_03_MELBOURNE_ETP_OUTLET,observed,SHA256:47948ae79b2e703e4c0d89e3bb62f4d8bdc4def6bf8452f69506dc59141e4b96
5/27/2019 2:53:00 AM,29.0,,0.36,3.5,,,1633,2019-05-27T02:53:00.000000Z,MWC_ETP_MELBOURNE,final_effluent,DATASET_03_MELBOURNE_ETP_OUTLET,observed,SHA256:47948ae79b2e703e4c0d89e3bb62f4d8bdc4def6bf8452f69506dc59141e4b96
5/28/2019 2:07:00 AM,25.0,,0.17,4.1,,,1634,2019-05-28T02:07:00.000000Z,MWC_ETP_MELBOURNE,final_effluent,DATASET_03_MELBOURNE_ETP_OUTLET,observed,SHA256:47948ae79b2e703e4c0d89e3bb62f4d8bdc4def6bf8452f69506dc59141e4b96
5/29/2019 2:37:00 AM,25.0,,0.18,3.5,,,1635,2019-05-29T02:37:00.000000Z,MWC_ETP_MELBOURNE,final_effluent,DATASET_03_MELBOURNE_ETP_OUTLET,observed,SHA256:47948ae79b2e703e4c0d89e3bb62f4d8bdc4def6bf8452f69506dc59141e4b96
5/30/2019 2:08:00 AM,30.0,,0.3,2.8,,,1636,2019-05-30T02:08:00.000000Z,MWC_ETP_MELBOURNE,final_effluent,DATASET_03_MELBOURNE_ETP_OUTLET,observed,SHA256:47948ae79b2e703e4c0d89e3bb62f4d8bdc4def6bf8452f69506dc59141e4b96
5/31/2019 2:18:00 AM,20.0,,0.21,3.9,,,1637,2019-05-31T02:18:00.000000Z,MWC_ETP_MELBOURNE,final_effluent,DATASET_03_MELBOURNE_ETP_OUTLET,observed,SHA256:47948ae79b2e703e4c0d89e3bb62f4d8bdc4def6bf8452f69506dc59141e4b96
6/3/2019 3:00:00 AM,35.0,,0.08,5.3,,,1638,2019-06-03T03:00:00.000000Z,MWC_ETP_MELBOURNE,final_effluent,DATASET_03_MELBOURNE_ETP_OUTLET,observed,SHA256:47948ae79b2e703e4c0d89e3bb62f4d8bdc4def6bf8452f69506dc59141e4b96
6/3/2019 9:00:00 PM,,2.0,0.1,,,,1639,2019-06-03T21:00:00.000000Z,MWC_ETP_MELBOURNE,final_effluent,DATASET_03_MELBOURNE_ETP_OUTLET,observed,SHA256:47948ae79b2e703e4c0d89e3bb62f4d8bdc4def6bf8452f69506dc59141e4b96
6/4/2019 3:41:00 AM,34.0,,0.15,2.8,,,1640,2019-06-04T03:41:00.000000Z,MWC_ETP_MELBOURNE,final_effluent,DATASET_03_MELBOURNE_ETP_OUTLET,observed,SHA256:47948ae79b2e703e4c0d89e3bb62f4d8bdc4def6bf8452f69506dc59141e4b96
6/5/2019 2:51:00 AM,25.0,,0.15,5.1,,,1641,2019-06-05T02:51:00.000000Z,MWC_ETP_MELBOURNE,final_effluent,DATASET_03_MELBOURNE_ETP_OUTLET,observed,SHA256:47948ae79b2e703e4c0d89e3bb62f4d8bdc4def6bf8452f69506dc59141e4b96
6/6/2019 2:55:00 AM,25.0,,0.13,4.3,,,1642,2019-06-06T02:55:00.000000Z,MWC_ETP_MELBOURNE,final_effluent,DATASET_03_MELBOURNE_ETP_OUTLET,observed,SHA256:47948ae79b2e703e4c0d89e3bb62f4d8bdc4def6bf8452f69506dc59141e4b96
6/7/2019 2:41:00 AM,35.0,,0.1,2.0,,,1643,2019-06-07T02:41:00.000000Z,MWC_ETP_MELBOURNE,final_effluent,DATASET_03_MELBOURNE_ETP_OUTLET,observed,SHA256:47948ae79b2e703e4c0d89e3bb62f4d8bdc4def6bf8452f69506dc59141e4b96
6/8/2019 1:35:00 AM,20.0,,0.1,3.9,,,1644,2019-06-08T01:35:00.000000Z,MWC_ETP_MELBOURNE,final_effluent,DATASET_03_MELBOURNE_ETP_OUTLET,observed,SHA256:47948ae79b2e703e4c0d89e3bb62f4d8bdc4def6bf8452f69506dc59141e4b96
6/11/2019 2:20:00 AM,24.0,,0.12,2.1,,,1645,2019-06-11T02:20:00.000000Z,MWC_ETP_MELBOURNE,final_effluent,DATASET_03_MELBOURNE_ETP_OUTLET,observed,SHA256:47948ae79b2e703e4c0d89e3bb62f4d8bdc4def6bf8452f69506dc59141e4b96
6/12/2019 1:48:00 AM,25.0,,0.22,2.5,,,1646,2019-06-12T01:48:00.000000Z,MWC_ETP_MELBOURNE,final_effluent,DATASET_03_MELBOURNE_ETP_OUTLET,observed,SHA256:47948ae79b2e703e4c0d89e3bb62f4d8bdc4def6bf8452f69506dc59141e4b96
6/13/2019 1:54:00 AM,25.0,,0.3,2.6,,,1647,2019-06-13T01:54:00.000000Z,MWC_ETP_MELBOURNE,final_effluent,DATASET_03_MELBOURNE_ETP_OUTLET,observed,SHA256:47948ae79b2e703e4c0d89e3bb62f4d8bdc4def6bf8452f69506dc59141e4b96
6/13/2019 9:00:00 PM,,2.0,0.1,2.0,17.0,15.0,1648,2019-06-13T21:00:00.000000Z,MWC_ETP_MELBOURNE,final_effluent,DATASET_03_MELBOURNE_ETP_OUTLET,observed,SHA256:47948ae79b2e703e4c0d89e3bb62f4d8bdc4def6bf8452f69506dc59141e4b96
6/14/2019 2:41:00 AM,25.0,,0.2,1.8,,,1649,2019-06-14T02:41:00.000000Z,MWC_ETP_MELBOURNE,final_effluent,DATASET_03_MELBOURNE_ETP_OUTLET,observed,SHA256:47948ae79b2e703e4c0d89e3bb62f4d8bdc4def6bf8452f69506dc59141e4b96
6/17/2019 2:39:00 AM,30.0,,0.07,1.3,,,1650,2019-06-17T02:39:00.000000Z,MWC_ETP_MELBOURNE,final_effluent,DATASET_03_MELBOURNE_ETP_OUTLET,observed,SHA256:47948ae79b2e703e4c0d89e3bb62f4d8bdc4def6bf8452f69506dc59141e4b96
6/18/2019 3:03:00 AM,30.0,,0.07,3.0,,,1651,2019-06-18T03:03:00.000000Z,MWC_ETP_MELBOURNE,final_effluent,DATASET_03_MELBOURNE_ETP_OUTLET,observed,SHA256:47948ae79b2e703e4c0d89e3bb62f4d8bdc4def6bf8452f69506dc59141e4b96
6/19/2019 2:35:00 AM,25.0,,0.13,1.8,,,1652,2019-06-19T02:35:00.000000Z,MWC_ETP_MELBOURNE,final_effluent,DATASET_03_MELBOURNE_ETP_OUTLET,observed,SHA256:47948ae79b2e703e4c0d89e3bb62f4d8bdc4def6bf8452f69506dc59141e4b96
6/19/2019 9:00:00 PM,,2.0,0.1,,,,1653,2019-06-19T21:00:00.000000Z,MWC_ETP_MELBOURNE,final_effluent,DATASET_03_MELBOURNE_ETP_OUTLET,observed,SHA256:47948ae79b2e703e4c0d89e3bb62f4d8bdc4def6bf8452f69506dc59141e4b96
6/20/2019 2:43:00 AM,29.0,,0.16,3.4,,,1654,2019-06-20T02:43:00.000000Z,MWC_ETP_MELBOURNE,final_effluent,DATASET_03_MELBOURNE_ETP_OUTLET,observed,SHA256:47948ae79b2e703e4c0d89e3bb62f4d8bdc4def6bf8452f69506dc59141e4b96
6/21/2019 3:11:00 AM,25.0,,0.07,2.7,,,1655,2019-06-21T03:11:00.000000Z,MWC_ETP_MELBOURNE,final_effluent,DATASET_03_MELBOURNE_ETP_OUTLET,observed,SHA256:47948ae79b2e703e4c0d89e3bb62f4d8bdc4def6bf8452f69506dc59141e4b96
6/25/2019 3:50:00 AM,22.0,,0.07,2.1,,,1656,2019-06-25T03:50:00.000000Z,MWC_ETP_MELBOURNE,final_effluent,DATASET_03_MELBOURNE_ETP_OUTLET,observed,SHA256:47948ae79b2e703e4c0d89e3bb62f4d8bdc4def6bf8452f69506dc59141e4b96
6/25/2019 9:00:00 PM,,2.0,0.1,2.3,19.0,16.0,1657,2019-06-25T21:00:00.000000Z,MWC_ETP_MELBOURNE,final_effluent,DATASET_03_MELBOURNE_ETP_OUTLET,observed,SHA256:47948ae79b2e703e4c0d89e3bb62f4d8bdc4def6bf8452f69506dc59141e4b96
6/26/2019 3:01:00 AM,26.0,,0.1,2.2,,,1658,2019-06-26T03:01:00.000000Z,MWC_ETP_MELBOURNE,final_effluent,DATASET_03_MELBOURNE_ETP_OUTLET,observed,SHA256:47948ae79b2e703e4c0d89e3bb62f4d8bdc4def6bf8452f69506dc59141e4b96
6/27/2019 2:58:00 AM,30.0,,0.1,2.2,,,1659,2019-06-27T02:58:00.000000Z,MWC_ETP_MELBOURNE,final_effluent,DATASET_03_MELBOURNE_ETP_OUTLET,observed,SHA256:47948ae79b2e703e4c0d89e3bb62f4d8bdc4def6bf8452f69506dc59141e4b96
6/28/2019 2:51:00 AM,30.0,,0.07,1.8,,,1660,2019-06-28T02:51:00.000000Z,MWC_ETP_MELBOURNE,final_effluent,DATASET_03_MELBOURNE_ETP_OUTLET,observed,SHA256:47948ae79b2e703e4c0d89e3bb62f4d8bdc4def6bf8452f69506dc59141e4b96
7/1/2019 5:08:00 AM,8.0,,0.0,,,,1661,2019-07-01T05:08:00.000000Z,MWC_ETP_MELBOURNE,final_effluent,DATASET_03_MELBOURNE_ETP_OUTLET,observed,SHA256:47948ae79b2e703e4c0d89e3bb62f4d8bdc4def6bf8452f69506dc59141e4b96
7/1/2019 9:00:00 PM,,2.0,0.1,,,,1662,2019-07-01T21:00:00.000000Z,MWC_ETP_MELBOURNE,final_effluent,DATASET_03_MELBOURNE_ETP_OUTLET,observed,SHA256:47948ae79b2e703e4c0d89e3bb62f4d8bdc4def6bf8452f69506dc59141e4b96
7/2/2019 2:41:00 AM,20.0,,0.12,1.8,,,1663,2019-07-02T02:41:00.000000Z,MWC_ETP_MELBOURNE,final_effluent,DATASET_03_MELBOURNE_ETP_OUTLET,observed,SHA256:47948ae79b2e703e4c0d89e3bb62f4d8bdc4def6bf8452f69506dc59141e4b96
7/3/2019 3:33:00 AM,25.0,,0.09,2.4,,,1664,2019-07-03T03:33:00.000000Z,MWC_ETP_MELBOURNE,final_effluent,DATASET_03_MELBOURNE_ETP_OUTLET,observed,SHA256:47948ae79b2e703e4c0d89e3bb62f4d8bdc4def6bf8452f69506dc59141e4b96
7/4/2019 2:20:00 AM,32.0,,0.1,1.7,,,1665,2019-07-04T02:20:00.000000Z,MWC_ETP_MELBOURNE,final_effluent,DATASET_03_MELBOURNE_ETP_OUTLET,observed,SHA256:47948ae79b2e703e4c0d89e3bb62f4d8bdc4def6bf8452f69506dc59141e4b96
7/5/2019 2:21:00 AM,30.0,,0.12,2.2,,,1666,2019-07-05T02:21:00.000000Z,MWC_ETP_MELBOURNE,final_effluent,DATASET_03_MELBOURNE_ETP_OUTLET,observed,SHA256:47948ae79b2e703e4c0d89e3bb62f4d8bdc4def6bf8452f69506dc59141e4b96
7/7/2019 9:00:00 PM,,2.0,0.1,2.4,21.0,18.0,1667,2019-07-07T21:00:00.000000Z,MWC_ETP_MELBOURNE,final_effluent,DATASET_03_MELBOURNE_ETP_OUTLET,observed,SHA256:47948ae79b2e703e4c0d89e3bb62f4d8bdc4def6bf8452f69506dc59141e4b96
7/8/2019 2:52:00 AM,25.0,,0.11,3.2,,,1668,2019-07-08T02:52:00.000000Z,MWC_ETP_MELBOURNE,final_effluent,DATASET_03_MELBOURNE_ETP_OUTLET,observed,SHA256:47948ae79b2e703e4c0d89e3bb62f4d8bdc4def6bf8452f69506dc59141e4b96
7/9/2019 2:20:00 AM,20.0,,0.14,3.8,,,1669,2019-07-09T02:20:00.000000Z,MWC_ETP_MELBOURNE,final_effluent,DATASET_03_MELBOURNE_ETP_OUTLET,observed,SHA256:47948ae79b2e703e4c0d89e3bb62f4d8bdc4def6bf8452f69506dc59141e4b96
7/10/2019 2:27:00 AM,28.0,,0.05,2.4,,,1670,2019-07-10T02:27:00.000000Z,MWC_ETP_MELBOURNE,final_effluent,DATASET_03_MELBOURNE_ETP_OUTLET,observed,SHA256:47948ae79b2e703e4c0d89e3bb62f4d8bdc4def6bf8452f69506dc59141e4b96
7/11/2019 2:05:00 AM,21.0,,0.09,2.6,,,1671,2019-07-11T02:05:00.000000Z,MWC_ETP_MELBOURNE,final_effluent,DATASET_03_MELBOURNE_ETP_OUTLET,observed,SHA256:47948ae79b2e703e4c0d89e3bb62f4d8bdc4def6bf8452f69506dc59141e4b96
7/12/2019 3:09:00 AM,23.0,,0.16,1.3,,,1672,2019-07-12T03:09:00.000000Z,MWC_ETP_MELBOURNE,final_effluent,DATASET_03_MELBOURNE_ETP_OUTLET,observed,SHA256:47948ae79b2e703e4c0d89e3bb62f4d8bdc4def6bf8452f69506dc59141e4b96
7/15/2019 2:23:00 AM,15.0,,0.14,3.4,,,1673,2019-07-15T02:23:00.000000Z,MWC_ETP_MELBOURNE,final_effluent,DATASET_03_MELBOURNE_ETP_OUTLET,observed,SHA256:47948ae79b2e703e4c0d89e3bb62f4d8bdc4def6bf8452f69506dc59141e4b96
7/15/2019 9:00:00 PM,,2.0,0.1,,,,1674,2019-07-15T21:00:00.000000Z,MWC_ETP_MELBOURNE,final_effluent,DATASET_03_MELBOURNE_ETP_OUTLET,observed,SHA256:47948ae79b2e703e4c0d89e3bb62f4d8bdc4def6bf8452f69506dc59141e4b96
7/16/2019 2:38:00 AM,16.0,,0.15,3.2,,,1675,2019-07-16T02:38:00.000000Z,MWC_ETP_MELBOURNE,final_effluent,DATASET_03_MELBOURNE_ETP_OUTLET,observed,SHA256:47948ae79b2e703e4c0d89e3bb62f4d8bdc4def6bf8452f69506dc59141e4b96
7/17/2019 2:41:00 AM,12.0,,0.13,3.2,,,1676,2019-07-17T02:41:00.000000Z,MWC_ETP_MELBOURNE,final_effluent,DATASET_03_MELBOURNE_ETP_OUTLET,observed,SHA256:47948ae79b2e703e4c0d89e3bb62f4d8bdc4def6bf8452f69506dc59141e4b96
7/18/2019 1:47:00 AM,20.0,,0.12,4.0,,,1677,2019-07-18T01:47:00.000000Z,MWC_ETP_MELBOURNE,final_effluent,DATASET_03_MELBOURNE_ETP_OUTLET,observed,SHA256:47948ae79b2e703e4c0d89e3bb62f4d8bdc4def6bf8452f69506dc59141e4b96
7/19/2019 2:18:00 AM,24.0,,0.1,2.9,,,1678,2019-07-19T02:18:00.000000Z,MWC_ETP_MELBOURNE,final_effluent,DATASET_03_MELBOURNE_ETP_OUTLET,observed,SHA256:47948ae79b2e703e4c0d89e3bb62f4d8bdc4def6bf8452f69506dc59141e4b96
7/22/2019 2:23:00 AM,25.0,,0.05,2.7,,,1679,2019-07-22T02:23:00.000000Z,MWC_ETP_MELBOURNE,final_effluent,DATASET_03_MELBOURNE_ETP_OUTLET,observed,SHA256:47948ae79b2e703e4c0d89e3bb62f4d8bdc4def6bf8452f69506dc59141e4b96
7/23/2019 2:53:00 AM,29.0,,0.04,3.4,,,1680,2019-07-23T02:53:00.000000Z,MWC_ETP_MELBOURNE,final_effluent,DATASET_03_MELBOURNE_ETP_OUTLET,observed,SHA256:47948ae79b2e703e4c0d89e3bb62f4d8bdc4def6bf8452f69506dc59141e4b96
7/23/2019 9:00:00 PM,,2.0,0.1,1.1,20.0,19.0,1681,2019-07-23T21:00:00.000000Z,MWC_ETP_MELBOURNE,final_effluent,DATASET_03_MELBOURNE_ETP_OUTLET,observed,SHA256:47948ae79b2e703e4c0d89e3bb62f4d8bdc4def6bf8452f69506dc59141e4b96
7/24/2019 2:41:00 AM,20.0,,0.05,1.7,,,1682,2019-07-24T02:41:00.000000Z,MWC_ETP_MELBOURNE,final_effluent,DATASET_03_MELBOURNE_ETP_OUTLET,observed,SHA256:47948ae79b2e703e4c0d89e3bb62f4d8bdc4def6bf8452f69506dc59141e4b96
7/25/2019 1:54:00 AM,30.0,,0.03,2.7,,,1683,2019-07-25T01:54:00.000000Z,MWC_ETP_MELBOURNE,final_effluent,DATASET_03_MELBOURNE_ETP_OUTLET,observed,SHA256:47948ae79b2e703e4c0d89e3bb62f4d8bdc4def6bf8452f69506dc59141e4b96
7/26/2019 2:33:00 AM,22.0,,0.06,2.2,,,1684,2019-07-26T02:33:00.000000Z,MWC_ETP_MELBOURNE,final_effluent,DATASET_03_MELBOURNE_ETP_OUTLET,observed,SHA256:47948ae79b2e703e4c0d89e3bb62f4d8bdc4def6bf8452f69506dc59141e4b96
7/29/2019 2:27:00 AM,25.0,,0.1,3.0,,,1685,2019-07-29T02:27:00.000000Z,MWC_ETP_MELBOURNE,final_effluent,DATASET_03_MELBOURNE_ETP_OUTLET,observed,SHA256:47948ae79b2e703e4c0d89e3bb62f4d8bdc4def6bf8452f69506dc59141e4b96
7/30/2019 2:17:00 AM,25.0,,0.09,2.0,,,1686,2019-07-30T02:17:00.000000Z,MWC_ETP_MELBOURNE,final_effluent,DATASET_03_MELBOURNE_ETP_OUTLET,observed,SHA256:47948ae79b2e703e4c0d89e3bb62f4d8bdc4def6bf8452f69506dc59141e4b96
7/31/2019 2:30:00 AM,13.0,,0.1,2.6,,,1687,2019-07-31T02:30:00.000000Z,MWC_ETP_MELBOURNE,final_effluent,DATASET_03_MELBOURNE_ETP_OUTLET,observed,SHA256:47948ae79b2e703e4c0d89e3bb62f4d8bdc4def6bf8452f69506dc59141e4b96
7/31/2019 9:00:00 PM,,2.0,0.1,,,,1688,2019-07-31T21:00:00.000000Z,MWC_ETP_MELBOURNE,final_effluent,DATASET_03_MELBOURNE_ETP_OUTLET,observed,SHA256:47948ae79b2e703e4c0d89e3bb62f4d8bdc4def6bf8452f69506dc59141e4b96
8/1/2019 2:25:00 AM,25.0,,0.12,2.6,,,1689,2019-08-01T02:25:00.000000Z,MWC_ETP_MELBOURNE,final_effluent,DATASET_03_MELBOURNE_ETP_OUTLET,observed,SHA256:47948ae79b2e703e4c0d89e3bb62f4d8bdc4def6bf8452f69506dc59141e4b96
8/2/2019 2:31:00 AM,25.0,,0.09,2.4,,,1690,2019-08-02T02:31:00.000000Z,MWC_ETP_MELBOURNE,final_effluent,DATASET_03_MELBOURNE_ETP_OUTLET,observed,SHA256:47948ae79b2e703e4c0d89e3bb62f4d8bdc4def6bf8452f69506dc59141e4b96
8/5/2019 2:32:00 AM,30.0,,0.07,2.7,,,1691,2019-08-05T02:32:00.000000Z,MWC_ETP_MELBOURNE,final_effluent,DATASET_03_MELBOURNE_ETP_OUTLET,observed,SHA256:47948ae79b2e703e4c0d89e3bb62f4d8bdc4def6bf8452f69506dc59141e4b96
8/6/2019 1:55:00 AM,25.0,,0.1,1.4,,,1692,2019-08-06T01:55:00.000000Z,MWC_ETP_MELBOURNE,final_effluent,DATASET_03_MELBOURNE_ETP_OUTLET,observed,SHA256:47948ae79b2e703e4c0d89e3bb62f4d8bdc4def6bf8452f69506dc59141e4b96
8/7/2019 2:23:00 AM,28.0,,0.07,1.0,,,1693,2019-08-07T02:23:00.000000Z,MWC_ETP_MELBOURNE,final_effluent,DATASET_03_MELBOURNE_ETP_OUTLET,observed,SHA256:47948ae79b2e703e4c0d89e3bb62f4d8bdc4def6bf8452f69506dc59141e4b96
8/8/2019 2:25:00 AM,30.0,,0.1,1.4,,,1694,2019-08-08T02:25:00.000000Z,MWC_ETP_MELBOURNE,final_effluent,DATASET_03_MELBOURNE_ETP_OUTLET,observed,SHA256:47948ae79b2e703e4c0d89e3bb62f4d8bdc4def6bf8452f69506dc59141e4b96
8/8/2019 9:00:00 PM,,2.0,0.1,1.5,16.0,15.0,1695,2019-08-08T21:00:00.000000Z,MWC_ETP_MELBOURNE,final_effluent,DATASET_03_MELBOURNE_ETP_OUTLET,observed,SHA256:47948ae79b2e703e4c0d89e3bb62f4d8bdc4def6bf8452f69506dc59141e4b96
8/9/2019 3:14:00 AM,20.0,,0.2,2.6,,,1696,2019-08-09T03:14:00.000000Z,MWC_ETP_MELBOURNE,final_effluent,DATASET_03_MELBOURNE_ETP_OUTLET,observed,SHA256:47948ae79b2e703e4c0d89e3bb62f4d8bdc4def6bf8452f69506dc59141e4b96
8/12/2019 2:47:00 AM,15.0,,0.07,1.3,,,1697,2019-08-12T02:47:00.000000Z,MWC_ETP_MELBOURNE,final_effluent,DATASET_03_MELBOURNE_ETP_OUTLET,observed,SHA256:47948ae79b2e703e4c0d89e3bb62f4d8bdc4def6bf8452f69506dc59141e4b96
8/13/2019 1:53:00 AM,15.0,,0.11,1.2,,,1698,2019-08-13T01:53:00.000000Z,MWC_ETP_MELBOURNE,final_effluent,DATASET_03_MELBOURNE_ETP_OUTLET,observed,SHA256:47948ae79b2e703e4c0d89e3bb62f4d8bdc4def6bf8452f69506dc59141e4b96
8/14/2019 2:10:00 AM,25.0,,0.09,2.0,,,1699,2019-08-14T02:10:00.000000Z,MWC_ETP_MELBOURNE,final_effluent,DATASET_03_MELBOURNE_ETP_OUTLET,observed,SHA256:47948ae79b2e703e4c0d89e3bb62f4d8bdc4def6bf8452f69506dc59141e4b96
8/14/2019 9:00:00 PM,,2.0,0.1,,,,1700,2019-08-14T21:00:00.000000Z,MWC_ETP_MELBOURNE,final_effluent,DATASET_03_MELBOURNE_ETP_OUTLET,observed,SHA256:47948ae79b2e703e4c0d89e3bb62f4d8bdc4def6bf8452f69506dc59141e4b96
8/15/2019 2:19:00 AM,25.0,,0.07,2.2,,,1701,2019-08-15T02:19:00.000000Z,MWC_ETP_MELBOURNE,final_effluent,DATASET_03_MELBOURNE_ETP_OUTLET,observed,SHA256:47948ae79b2e703e4c0d89e3bb62f4d8bdc4def6bf8452f69506dc59141e4b96
8/16/2019 2:12:00 AM,25.0,,0.1,3.5,,,1702,2019-08-16T02:12:00.000000Z,MWC_ETP_MELBOURNE,final_effluent,DATASET_03_MELBOURNE_ETP_OUTLET,observed,SHA256:47948ae79b2e703e4c0d89e3bb62f4d8bdc4def6bf8452f69506dc59141e4b96
8/19/2019 2:50:00 AM,25.0,,0.09,1.5,,,1703,2019-08-19T02:50:00.000000Z,MWC_ETP_MELBOURNE,final_effluent,DATASET_03_MELBOURNE_ETP_OUTLET,observed,SHA256:47948ae79b2e703e4c0d89e3bb62f4d8bdc4def6bf8452f69506dc59141e4b96
8/20/2019 2:29:00 AM,26.0,,0.1,2.1,,,1704,2019-08-20T02:29:00.000000Z,MWC_ETP_MELBOURNE,final_effluent,DATASET_03_MELBOURNE_ETP_OUTLET,observed,SHA256:47948ae79b2e703e4c0d89e3bb62f4d8bdc4def6bf8452f69506dc59141e4b96
8/20/2019 9:00:00 PM,,2.0,0.1,1.1,20.0,19.0,1705,2019-08-20T21:00:00.000000Z,MWC_ETP_MELBOURNE,final_effluent,DATASET_03_MELBOURNE_ETP_OUTLET,observed,SHA256:47948ae79b2e703e4c0d89e3bb62f4d8bdc4def6bf8452f69506dc59141e4b96
8/21/2019 2:04:00 AM,15.0,,0.1,1.1,,,1706,2019-08-21T02:04:00.000000Z,MWC_ETP_MELBOURNE,final_effluent,DATASET_03_MELBOURNE_ETP_OUTLET,observed,SHA256:47948ae79b2e703e4c0d89e3bb62f4d8bdc4def6bf8452f69506dc59141e4b96
8/22/2019 2:23:00 AM,15.0,,0.08,1.3,,,1707,2019-08-22T02:23:00.000000Z,MWC_ETP_MELBOURNE,final_effluent,DATASET_03_MELBOURNE_ETP_OUTLET,observed,SHA256:47948ae79b2e703e4c0d89e3bb62f4d8bdc4def6bf8452f69506dc59141e4b96
8/23/2019 3:03:00 AM,24.0,,0.12,1.7,,,1708,2019-08-23T03:03:00.000000Z,MWC_ETP_MELBOURNE,final_effluent,DATASET_03_MELBOURNE_ETP_OUTLET,observed,SHA256:47948ae79b2e703e4c0d89e3bb62f4d8bdc4def6bf8452f69506dc59141e4b96
8/26/2019 4:48:00 AM,5.0,,,,,,1709,2019-08-26T04:48:00.000000Z,MWC_ETP_MELBOURNE,final_effluent,DATASET_03_MELBOURNE_ETP_OUTLET,observed,SHA256:47948ae79b2e703e4c0d89e3bb62f4d8bdc4def6bf8452f69506dc59141e4b96
8/26/2019 9:00:00 PM,,2.0,0.1,,,,1710,2019-08-26T21:00:00.000000Z,MWC_ETP_MELBOURNE,final_effluent,DATASET_03_MELBOURNE_ETP_OUTLET,observed,SHA256:47948ae79b2e703e4c0d89e3bb62f4d8bdc4def6bf8452f69506dc59141e4b96
8/27/2019 4:38:00 AM,2.0,,,,,,1711,2019-08-27T04:38:00.000000Z,MWC_ETP_MELBOURNE,final_effluent,DATASET_03_MELBOURNE_ETP_OUTLET,observed,SHA256:47948ae79b2e703e4c0d89e3bb62f4d8bdc4def6bf8452f69506dc59141e4b96
8/28/2019 4:40:00 AM,32.0,,,,,,1712,2019-08-28T04:40:00.000000Z,MWC_ETP_MELBOURNE,final_effluent,DATASET_03_MELBOURNE_ETP_OUTLET,observed,SHA256:47948ae79b2e703e4c0d89e3bb62f4d8bdc4def6bf8452f69506dc59141e4b96
8/29/2019 5:11:00 AM,16.0,,,,,,1713,2019-08-29T05:11:00.000000Z,MWC_ETP_MELBOURNE,final_effluent,DATASET_03_MELBOURNE_ETP_OUTLET,observed,SHA256:47948ae79b2e703e4c0d89e3bb62f4d8bdc4def6bf8452f69506dc59141e4b96
8/30/2019 4:51:00 AM,10.0,,,,,,1714,2019-08-30T04:51:00.000000Z,MWC_ETP_MELBOURNE,final_effluent,DATASET_03_MELBOURNE_ETP_OUTLET,observed,SHA256:47948ae79b2e703e4c0d89e3bb62f4d8bdc4def6bf8452f69506dc59141e4b96
9/2/2019 4:47:00 AM,13.0,,,,,,1715,2019-09-02T04:47:00.000000Z,MWC_ETP_MELBOURNE,final_effluent,DATASET_03_MELBOURNE_ETP_OUTLET,observed,SHA256:47948ae79b2e703e4c0d89e3bb62f4d8bdc4def6bf8452f69506dc59141e4b96
9/3/2019 4:41:00 AM,4.0,,,,,,1716,2019-09-03T04:41:00.000000Z,MWC_ETP_MELBOURNE,final_effluent,DATASET_03_MELBOURNE_ETP_OUTLET,observed,SHA256:47948ae79b2e703e4c0d89e3bb62f4d8bdc4def6bf8452f69506dc59141e4b96
