recorddate,nh4_n_mg_l,bod_mg_l,cod_mg_l,nox_n_mg_l,tn_mg_l,source_record_id,timestamp_utc,facility_id,measurement_stage,dataset_id,data_origin,provenance_id
7/31/2014 9:00:00 PM,29.0,,746.0,,,1,2014-07-31T21:00:00.000000Z,MWC_ETP_MELBOURNE,inlet,DATASET_02_MELBOURNE_ETP_INLET,observed,SHA256:1e60bff7f04397d81586dd79adf34393bb36d194331369edf54f993861987461
1/1/2014 8:00:00 PM,27.0,,730.0,,,2,2014-01-01T20:00:00.000000Z,MWC_ETP_MELBOURNE,inlet,DATASET_02_MELBOURNE_ETP_INLET,observed,SHA256:1e60bff7f04397d81586dd79adf34393bb36d194331369edf54f993861987461
3/12/2014 8:00:00 PM,44.0,,930.0,,,3,2014-03-12T20:00:00.000000Z,MWC_ETP_MELBOURNE,inlet,DATASET_02_MELBOURNE_ETP_INLET,observed,SHA256:1e60bff7f04397d81586dd79adf34393bb36d194331369edf54f993861987461
1/8/2015 8:00:00 PM,37.0,,885.0,,,4,2015-01-08T20:00:00.000000Z,MWC_ETP_MELBOURNE,inlet,DATASET_02_MELBOURNE_ETP_INLET,observed,SHA256:1e60bff7f04397d81586dd79adf34393bb36d194331369edf54f993861987461
5/22/2014 9:00:00 PM,33.0,,816.0,,,5,2014-05-22T21:00:00.000000Z,MWC_ETP_MELBOURNE,inlet,DATASET_02_MELBOURNE_ETP_INLET,observed,SHA256:1e60bff7f04397d81586dd79adf34393bb36d194331369edf54f993861987461
8/3/2014 9:00:00 PM,35.0,,558.0,,,6,2014-08-03T21:00:00.000000Z,MWC_ETP_MELBOURNE,inlet,DATASET_02_MELBOURNE_ETP_INLET,observed,SHA256:1e60bff7f04397d81586dd79adf34393bb36d194331369edf54f993861987461
8/4/2014 9:00:00 PM,36.0,,738.0,,,7,2014-08-04T21:00:00.000000Z,MWC_ETP_MELBOURNE,inlet,DATASET_02_MELBOURNE_ETP_INLET,observed,SHA256:1e60bff7f04397d81586dd79adf34393bb36d194331369edf54f993861987461
8/5/2014 9:00:00 PM,37.0,340.0,706.0,0.01,57.0,8,2014-08-05T21:00:00.000000Z,MWC_ETP_MELBOURNE,inlet,DATASET_02_MELBOURNE_ETP_INLET,observed,SHA256:1e60bff7f04397d81586dd79adf34393bb36d194331369edf54f993861987461
8/6/2014 9:00:00 PM,39.0,,689.0,,,9,2014-08-06T21:00:00.000000Z,MWC_ETP_MELBOURNE,inlet,DATASET_02_MELBOURNE_ETP_INLET,observed,SHA256:1e60bff7f04397d81586dd79adf34393bb36d194331369edf54f993861987461
8/7/2014 9:00:00 PM,34.0,,705.0,,,10,2014-08-07T21:00:00.000000Z,MWC_ETP_MELBOURNE,inlet,DATASET_02_MELBOURNE_ETP_INLET,observed,SHA256:1e60bff7f04397d81586dd79adf34393bb36d194331369edf54f993861987461
8/8/2014 9:00:00 PM,33.0,,737.0,,,11,2014-08-08T21:00:00.000000Z,MWC_ETP_MELBOURNE,inlet,DATASET_02_MELBOURNE_ETP_INLET,observed,SHA256:1e60bff7f04397d81586dd79adf34393bb36d194331369edf54f993861987461
8/10/2014 9:00:00 PM,37.0,,673.0,,,12,2014-08-10T21:00:00.000000Z,MWC_ETP_MELBOURNE,inlet,DATASET_02_MELBOURNE_ETP_INLET,observed,SHA256:1e60bff7f04397d81586dd79adf34393bb36d194331369edf54f993861987461
8/11/2014 9:00:00 PM,30.0,310.0,631.0,,,13,2014-08-11T21:00:00.000000Z,MWC_ETP_MELBOURNE,inlet,DATASET_02_MELBOURNE_ETP_INLET,observed,SHA256:1e60bff7f04397d81586dd79adf34393bb36d194331369edf54f993861987461
8/12/2014 9:00:00 PM,27.0,,780.0,,,14,2014-08-12T21:00:00.000000Z,MWC_ETP_MELBOURNE,inlet,DATASET_02_MELBOURNE_ETP_INLET,observed,SHA256:1e60bff7f04397d81586dd79adf34393bb36d194331369edf54f993861987461
8/13/2014 9:00:00 PM,25.0,,618.0,,,15,2014-08-13T21:00:00.000000Z,MWC_ETP_MELBOURNE,inlet,DATASET_02_MELBOURNE_ETP_INLET,observed,SHA256:1e60bff7f04397d81586dd79adf34393bb36d194331369edf54f993861987461
8/14/2014 9:00:00 PM,25.0,,622.0,,,16,2014-08-14T21:00:00.000000Z,MWC_ETP_MELBOURNE,inlet,DATASET_02_MELBOURNE_ETP_INLET,observed,SHA256:1e60bff7f04397d81586dd79adf34393bb36d194331369edf54f993861987461
8/17/2014 9:00:00 PM,32.0,240.0,734.0,0.01,55.0,17,2014-08-17T21:00:00.000000Z,MWC_ETP_MELBOURNE,inlet,DATASET_02_MELBOURNE_ETP_INLET,observed,SHA256:1e60bff7f04397d81586dd79adf34393bb36d194331369edf54f993861987461
8/18/2014 9:00:00 PM,36.0,,848.0,,,18,2014-08-18T21:00:00.000000Z,MWC_ETP_MELBOURNE,inlet,DATASET_02_MELBOURNE_ETP_INLET,observed,SHA256:1e60bff7f04397d81586dd79adf34393bb36d194331369edf54f993861987461
8/19/2014 9:00:00 PM,24.0,,710.0,,,19,2014-08-19T21:00:00.000000Z,MWC_ETP_MELBOURNE,inlet,DATASET_02_MELBOURNE_ETP_INLET,observed,SHA256:1e60bff7f04397d81586dd79adf34393bb36d194331369edf54f993861987461
8/20/2014 9:00:00 PM,25.0,,957.0,,,20,2014-08-20T21:00:00.000000Z,MWC_ETP_MELBOURNE,inlet,DATASET_02_MELBOURNE_ETP_INLET,observed,SHA256:1e60bff7f04397d81586dd79adf34393bb36d194331369edf54f993861987461
8/21/2014 9:00:00 PM,22.0,,770.0,,,21,2014-08-21T21:00:00.000000Z,MWC_ETP_MELBOURNE,inlet,DATASET_02_MELBOURNE_ETP_INLET,observed,SHA256:1e60bff7f04397d81586dd79adf34393bb36d194331369edf54f993861987461
8/24/2014 9:00:00 PM,30.0,,640.0,,,22,2014-08-24T21:00:00.000000Z,MWC_ETP_MELBOURNE,inlet,DATASET_02_MELBOURNE_ETP_INLET,observed,SHA256:1e60bff7f04397d81586dd79adf34393bb36d194331369edf54f993861987461
8/25/2014 9:00:00 PM,25.0,280.0,661.0,,,23,2014-08-25T21:00:00.000000Z,MWC_ETP_MELBOURNE,inlet,DATASET_02_MELBOURNE_ETP_INLET,observed,SHA256:1e60bff7f04397d81586dd79adf34393bb36d194331369edf54f993861987461
8/26/2014 9:00:00 PM,35.0,,685.0,,,24,2014-08-26T21:00:00.000000Z,MWC_ETP_MELBOURNE,inlet,DATASET_02_MELBOURNE_ETP_INLET,observed,SHA256:1e60bff7f04397d81586dd79adf34393bb36d194331369edf54f993861987461
8/27/2014 9:00:00 PM,31.0,,1019.0,,,25,2014-08-27T21:00:00.000000Z,MWC_ETP_MELBOURNE,inlet,DATASET_02_MELBOURNE_ETP_INLET,observed,SHA256:1e60bff7f04397d81586dd79adf34393bb36d194331369edf54f993861987461
8/28/2014 9:00:00 PM,38.0,,800.0,,,26,2014-08-28T21:00:00.000000Z,MWC_ETP_MELBOURNE,inlet,DATASET_02_MELBOURNE_ETP_INLET,observed,SHA256:1e60bff7f04397d81586dd79adf34393bb36d194331369edf54f993861987461
8/31/2014 9:00:00 PM,33.0,,670.0,,,27,2014-08-31T21:00:00.000000Z,MWC_ETP_MELBOURNE,inlet,DATASET_02_MELBOURNE_ETP_INLET,observed,SHA256:1e60bff7f04397d81586dd79adf34393bb36d194331369edf54f993861987461
9/1/2014 9:00:00 PM,22.0,,775.0,,,28,2014-09-01T21:00:00.000000Z,MWC_ETP_MELBOURNE,inlet,DATASET_02_MELBOURNE_ETP_INLET,observed,SHA256:1e60bff7f04397d81586dd79adf34393bb36d194331369edf54f993861987461
9/2/2014 9:00:00 PM,42.0,400.0,680.0,0.01,56.0,29,2014-09-02T21:00:00.000000Z,MWC_ETP_MELBOURNE,inlet,DATASET_02_MELBOURNE_ETP_INLET,observed,SHA256:1e60bff7f04397d81586dd79adf34393bb36d194331369edf54f993861987461
9/3/2014 9:00:00 PM,36.0,,687.0,,,30,2014-09-03T21:00:00.000000Z,MWC_ETP_MELBOURNE,inlet,DATASET_02_MELBOURNE_ETP_INLET,observed,SHA256:1e60bff7f04397d81586dd79adf34393bb36d194331369edf54f993861987461
9/4/2014 9:00:00 PM,36.0,,825.0,,,31,2014-09-04T21:00:00.000000Z,MWC_ETP_MELBOURNE,inlet,DATASET_02_MELBOURNE_ETP_INLET,observed,SHA256:1e60bff7f04397d81586dd79adf34393bb36d194331369edf54f993861987461
9/7/2014 9:00:00 PM,35.0,,690.0,,,32,2014-09-07T21:00:00.000000Z,MWC_ETP_MELBOURNE,inlet,DATASET_02_MELBOURNE_ETP_INLET,observed,SHA256:1e60bff7f04397d81586dd79adf34393bb36d194331369edf54f993861987461
9/8/2014 9:00:00 PM,42.0,,905.0,,,33,2014-09-08T21:00:00.000000Z,MWC_ETP_MELBOURNE,inlet,DATASET_02_MELBOURNE_ETP_INLET,observed,SHA256:1e60bff7f04397d81586dd79adf34393bb36d194331369edf54f993861987461
9/9/2014 9:00:00 PM,35.0,,1250.0,,,34,2014-09-09T21:00:00.000000Z,MWC_ETP_MELBOURNE,inlet,DATASET_02_MELBOURNE_ETP_INLET,observed,SHA256:1e60bff7f04397d81586dd79adf34393bb36d194331369edf54f993861987461
9/10/2014 9:00:00 PM,32.0,380.0,955.0,,,35,2014-09-10T21:00:00.000000Z,MWC_ETP_MELBOURNE,inlet,DATASET_02_MELBOURNE_ETP_INLET,observed,SHA256:1e60bff7f04397d81586dd79adf34393bb36d194331369edf54f993861987461
9/11/2014 9:00:00 PM,37.0,,950.0,,,36,2014-09-11T21:00:00.000000Z,MWC_ETP_MELBOURNE,inlet,DATASET_02_MELBOURNE_ETP_INLET,observed,SHA256:1e60bff7f04397d81586dd79adf34393bb36d194331369edf54f993861987461
9/14/2014 9:00:00 PM,27.0,,660.0,,,37,2014-09-14T21:00:00.000000Z,MWC_ETP_MELBOURNE,inlet,DATASET_02_MELBOURNE_ETP_INLET,observed,SHA256:1e60bff7f04397d81586dd79adf34393bb36d194331369edf54f993861987461
9/15/2014 9:00:00 PM,34.0,,850.0,,,38,2014-09-15T21:00:00.000000Z,MWC_ETP_MELBOURNE,inlet,DATASET_02_MELBOURNE_ETP_INLET,observed,SHA256:1e60bff7f04397d81586dd79adf34393bb36d194331369edf54f993861987461
9/16/2014 9:00:00 PM,30.0,,820.0,,,39,2014-09-16T21:00:00.000000Z,MWC_ETP_MELBOURNE,inlet,DATASET_02_MELBOURNE_ETP_INLET,observed,SHA256:1e60bff7f04397d81586dd79adf34393bb36d194331369edf54f993861987461
10/6/2014 8:00:00 PM,37.0,360.0,940.0,,,40,2014-10-06T20:00:00.000000Z,MWC_ETP_MELBOURNE,inlet,DATASET_02_MELBOURNE_ETP_INLET,observed,SHA256:1e60bff7f04397d81586dd79adf34393bb36d194331369edf54f993861987461
10/7/2014 8:00:00 PM,33.0,,765.0,,,41,2014-10-07T20:00:00.000000Z,MWC_ETP_MELBOURNE,inlet,DATASET_02_MELBOURNE_ETP_INLET,observed,SHA256:1e60bff7f04397d81586dd79adf34393bb36d194331369edf54f993861987461
10/8/2014 8:00:00 PM,38.0,,773.0,,,42,2014-10-08T20:00:00.000000Z,MWC_ETP_MELBOURNE,inlet,DATASET_02_MELBOURNE_ETP_INLET,observed,SHA256:1e60bff7f04397d81586dd79adf34393bb36d194331369edf54f993861987461
10/9/2014 8:00:00 PM,31.0,,775.0,,,43,2014-10-09T20:00:00.000000Z,MWC_ETP_MELBOURNE,inlet,DATASET_02_MELBOURNE_ETP_INLET,observed,SHA256:1e60bff7f04397d81586dd79adf34393bb36d194331369edf54f993861987461
10/12/2014 8:00:00 PM,39.0,370.0,681.0,0.01,61.0,44,2014-10-12T20:00:00.000000Z,MWC_ETP_MELBOURNE,inlet,DATASET_02_MELBOURNE_ETP_INLET,observed,SHA256:1e60bff7f04397d81586dd79adf34393bb36d194331369edf54f993861987461
10/13/2014 8:00:00 PM,39.0,,750.0,,,45,2014-10-13T20:00:00.000000Z,MWC_ETP_MELBOURNE,inlet,DATASET_02_MELBOURNE_ETP_INLET,observed,SHA256:1e60bff7f04397d81586dd79adf34393bb36d194331369edf54f993861987461
10/14/2014 8:00:00 PM,34.0,,650.0,,,46,2014-10-14T20:00:00.000000Z,MWC_ETP_MELBOURNE,inlet,DATASET_02_MELBOURNE_ETP_INLET,observed,SHA256:1e60bff7f04397d81586dd79adf34393bb36d194331369edf54f993861987461
10/15/2014 8:00:00 PM,25.0,,700.0,,,47,2014-10-15T20:00:00.000000Z,MWC_ETP_MELBOURNE,inlet,DATASET_02_MELBOURNE_ETP_INLET,observed,SHA256:1e60bff7f04397d81586dd79adf34393bb36d194331369edf54f993861987461
10/16/2014 8:00:00 PM,25.0,,697.0,,,48,2014-10-16T20:00:00.000000Z,MWC_ETP_MELBOURNE,inlet,DATASET_02_MELBOURNE_ETP_INLET,observed,SHA256:1e60bff7f04397d81586dd79adf34393bb36d194331369edf54f993861987461
10/19/2014 8:00:00 PM,42.0,,710.0,,,49,2014-10-19T20:00:00.000000Z,MWC_ETP_MELBOURNE,inlet,DATASET_02_MELBOURNE_ETP_INLET,observed,SHA256:1e60bff7f04397d81586dd79adf34393bb36d194331369edf54f993861987461
10/20/2014 8:00:00 PM,41.0,280.0,995.0,,,50,2014-10-20T20:00:00.000000Z,MWC_ETP_MELBOURNE,inlet,DATASET_02_MELBOURNE_ETP_INLET,observed,SHA256:1e60bff7f04397d81586dd79adf34393bb36d194331369edf54f993861987461
10/21/2014 8:00:00 PM,51.0,,829.0,,,51,2014-10-21T20:00:00.000000Z,MWC_ETP_MELBOURNE,inlet,DATASET_02_MELBOURNE_ETP_INLET,observed,SHA256:1e60bff7f04397d81586dd79adf34393bb36d194331369edf54f993861987461
10/22/2014 8:00:00 PM,52.0,,845.0,,,52,2014-10-22T20:00:00.000000Z,MWC_ETP_MELBOURNE,inlet,DATASET_02_MELBOURNE_ETP_INLET,observed,SHA256:1e60bff7f04397d81586dd79adf34393bb36d194331369edf54f993861987461
10/23/2014 8:00:00 PM,48.0,,740.0,,,53,2014-10-23T20:00:00.000000Z,MWC_ETP_MELBOURNE,inlet,DATASET_02_MELBOURNE_ETP_INLET,observed,SHA256:1e60bff7f04397d81586dd79adf34393bb36d194331369edf54f993861987461
10/26/2014 8:00:00 PM,29.0,,815.0,,,54,2014-10-26T20:00:00.000000Z,MWC_ETP_MELBOURNE,inlet,DATASET_02_MELBOURNE_ETP_INLET,observed,SHA256:1e60bff7f04397d81586dd79adf34393bb36d194331369edf54f993861987461
5/25/2014 9:00:00 PM,42.0,,710.0,,,55,2014-05-25T21:00:00.000000Z,MWC_ETP_MELBOURNE,inlet,DATASET_02_MELBOURNE_ETP_INLET,observed,SHA256:1e60bff7f04397d81586dd79adf34393bb36d194331369edf54f993861987461
5/26/2014 9:00:00 PM,30.0,,800.0,,,56,2014-05-26T21:00:00.000000Z,MWC_ETP_MELBOURNE,inlet,DATASET_02_MELBOURNE_ETP_INLET,observed,SHA256:1e60bff7f04397d81586dd79adf34393bb36d194331369edf54f993861987461
5/27/2014 9:00:00 PM,26.0,,840.0,,,57,2014-05-27T21:00:00.000000Z,MWC_ETP_MELBOURNE,inlet,DATASET_02_MELBOURNE_ETP_INLET,observed,SHA256:1e60bff7f04397d81586dd79adf34393bb36d194331369edf54f993861987461
5/28/2014 9:00:00 PM,37.0,,785.0,,,58,2014-05-28T21:00:00.000000Z,MWC_ETP_MELBOURNE,inlet,DATASET_02_MELBOURNE_ETP_INLET,observed,SHA256:1e60bff7f04397d81586dd79adf34393bb36d194331369edf54f993861987461
5/29/2014 9:00:00 PM,38.0,430.0,815.0,0.01,61.0,59,2014-05-29T21:00:00.000000Z,MWC_ETP_MELBOURNE,inlet,DATASET_02_MELBOURNE_ETP_INLET,observed,SHA256:1e60bff7f04397d81586dd79adf34393bb36d194331369edf54f993861987461
6/1/2014 9:00:00 PM,31.0,,710.0,,,60,2014-06-01T21:00:00.000000Z,MWC_ETP_MELBOURNE,inlet,DATASET_02_MELBOURNE_ETP_INLET,observed,SHA256:1e60bff7f04397d81586dd79adf34393bb36d194331369edf54f993861987461
6/2/2014 9:00:00 PM,36.0,,785.0,,,61,2014-06-02T21:00:00.000000Z,MWC_ETP_MELBOURNE,inlet,DATASET_02_MELBOURNE_ETP_INLET,observed,SHA256:1e60bff7f04397d81586dd79adf34393bb36d194331369edf54f993861987461
6/3/2014 9:00:00 PM,31.0,,775.0,,,62,2014-06-03T21:00:00.000000Z,MWC_ETP_MELBOURNE,inlet,DATASET_02_MELBOURNE_ETP_INLET,observed,SHA256:1e60bff7f04397d81586dd79adf34393bb36d194331369edf54f993861987461
6/4/2014 9:00:00 PM,38.0,370.0,667.0,,,63,2014-06-04T21:00:00.000000Z,MWC_ETP_MELBOURNE,inlet,DATASET_02_MELBOURNE_ETP_INLET,observed,SHA256:1e60bff7f04397d81586dd79adf34393bb36d194331369edf54f993861987461
6/5/2014 9:00:00 PM,49.0,,766.0,,,64,2014-06-05T21:00:00.000000Z,MWC_ETP_MELBOURNE,inlet,DATASET_02_MELBOURNE_ETP_INLET,observed,SHA256:1e60bff7f04397d81586dd79adf34393bb36d194331369edf54f993861987461
6/6/2014 9:00:00 PM,41.0,,740.0,,,65,2014-06-06T21:00:00.000000Z,MWC_ETP_MELBOURNE,inlet,DATASET_02_MELBOURNE_ETP_INLET,observed,SHA256:1e60bff7f04397d81586dd79adf34393bb36d194331369edf54f993861987461
6/9/2014 9:00:00 PM,34.0,,700.0,,,66,2014-06-09T21:00:00.000000Z,MWC_ETP_MELBOURNE,inlet,DATASET_02_MELBOURNE_ETP_INLET,observed,SHA256:1e60bff7f04397d81586dd79adf34393bb36d194331369edf54f993861987461
6/10/2014 9:00:00 PM,42.0,540.0,785.0,0.01,60.0,67,2014-06-10T21:00:00.000000Z,MWC_ETP_MELBOURNE,inlet,DATASET_02_MELBOURNE_ETP_INLET,observed,SHA256:1e60bff7f04397d81586dd79adf34393bb36d194331369edf54f993861987461
6/11/2014 9:00:00 PM,43.0,,900.0,,,68,2014-06-11T21:00:00.000000Z,MWC_ETP_MELBOURNE,inlet,DATASET_02_MELBOURNE_ETP_INLET,observed,SHA256:1e60bff7f04397d81586dd79adf34393bb36d194331369edf54f993861987461
6/12/2014 9:00:00 PM,39.0,,870.0,,,69,2014-06-12T21:00:00.000000Z,MWC_ETP_MELBOURNE,inlet,DATASET_02_MELBOURNE_ETP_INLET,observed,SHA256:1e60bff7f04397d81586dd79adf34393bb36d194331369edf54f993861987461
6/15/2014 9:00:00 PM,35.0,,660.0,,,70,2014-06-15T21:00:00.000000Z,MWC_ETP_MELBOURNE,inlet,DATASET_02_MELBOURNE_ETP_INLET,observed,SHA256:1e60bff7f04397d81586dd79adf34393bb36d194331369edf54f993861987461
6/16/2014 9:00:00 PM,42.0,250.0,711.0,,,71,2014-06-16T21:00:00.000000Z,MWC_ETP_MELBOURNE,inlet,DATASET_02_MELBOURNE_ETP_INLET,observed,SHA256:1e60bff7f04397d81586dd79adf34393bb36d194331369edf54f993861987461
6/17/2014 9:00:00 PM,34.0,,764.0,,,72,2014-06-17T21:00:00.000000Z,MWC_ETP_MELBOURNE,inlet,DATASET_02_MELBOURNE_ETP_INLET,observed,SHA256:1e60bff7f04397d81586dd79adf34393bb36d194331369edf54f993861987461
6/18/2014 9:00:00 PM,33.0,,693.0,,,73,2014-06-18T21:00:00.000000Z,MWC_ETP_MELBOURNE,inlet,DATASET_02_MELBOURNE_ETP_INLET,observed,SHA256:1e60bff7f04397d81586dd79adf34393bb36d194331369edf54f993861987461
6/19/2014 9:00:00 PM,35.0,,737.0,,,74,2014-06-19T21:00:00.000000Z,MWC_ETP_MELBOURNE,inlet,DATASET_02_MELBOURNE_ETP_INLET,observed,SHA256:1e60bff7f04397d81586dd79adf34393bb36d194331369edf54f993861987461
6/22/2014 9:00:00 PM,38.0,330.0,750.0,0.01,58.0,75,2014-06-22T21:00:00.000000Z,MWC_ETP_MELBOURNE,inlet,DATASET_02_MELBOURNE_ETP_INLET,observed,SHA256:1e60bff7f04397d81586dd79adf34393bb36d194331369edf54f993861987461
6/23/2014 9:00:00 PM,32.0,,620.0,,,76,2014-06-23T21:00:00.000000Z,MWC_ETP_MELBOURNE,inlet,DATASET_02_MELBOURNE_ETP_INLET,observed,SHA256:1e60bff7f04397d81586dd79adf34393bb36d194331369edf54f993861987461
6/24/2014 9:00:00 PM,24.0,,616.0,,,77,2014-06-24T21:00:00.000000Z,MWC_ETP_MELBOURNE,inlet,DATASET_02_MELBOURNE_ETP_INLET,observed,SHA256:1e60bff7f04397d81586dd79adf34393bb36d194331369edf54f993861987461
6/25/2014 9:00:00 PM,42.0,,1137.0,,,78,2014-06-25T21:00:00.000000Z,MWC_ETP_MELBOURNE,inlet,DATASET_02_MELBOURNE_ETP_INLET,observed,SHA256:1e60bff7f04397d81586dd79adf34393bb36d194331369edf54f993861987461
6/26/2014 9:00:00 PM,43.0,,720.0,,,79,2014-06-26T21:00:00.000000Z,MWC_ETP_MELBOURNE,inlet,DATASET_02_MELBOURNE_ETP_INLET,observed,SHA256:1e60bff7f04397d81586dd79adf34393bb36d194331369edf54f993861987461
6/29/2014 9:00:00 PM,39.0,,735.0,,,80,2014-06-29T21:00:00.000000Z,MWC_ETP_MELBOURNE,inlet,DATASET_02_MELBOURNE_ETP_INLET,observed,SHA256:1e60bff7f04397d81586dd79adf34393bb36d194331369edf54f993861987461
6/30/2014 9:00:00 PM,33.0,360.0,774.0,,,81,2014-06-30T21:00:00.000000Z,MWC_ETP_MELBOURNE,inlet,DATASET_02_MELBOURNE_ETP_INLET,observed,SHA256:1e60bff7f04397d81586dd79adf34393bb36d194331369edf54f993861987461
7/1/2014 9:00:00 PM,44.0,,695.0,,,82,2014-07-01T21:00:00.000000Z,MWC_ETP_MELBOURNE,inlet,DATASET_02_MELBOURNE_ETP_INLET,observed,SHA256:1e60bff7f04397d81586dd79adf34393bb36d194331369edf54f993861987461
7/2/2014 9:00:00 PM,40.0,,735.0,,,83,2014-07-02T21:00:00.000000Z,MWC_ETP_MELBOURNE,inlet,DATASET_02_MELBOURNE_ETP_INLET,observed,SHA256:1e60bff7f04397d81586dd79adf34393bb36d194331369edf54f993861987461
7/3/2014 9:00:00 PM,39.0,,761.0,,,84,2014-07-03T21:00:00.000000Z,MWC_ETP_MELBOURNE,inlet,DATASET_02_MELBOURNE_ETP_INLET,observed,SHA256:1e60bff7f04397d81586dd79adf34393bb36d194331369edf54f993861987461
7/6/2014 9:00:00 PM,35.0,,580.0,,,85,2014-07-06T21:00:00.000000Z,MWC_ETP_MELBOURNE,inlet,DATASET_02_MELBOURNE_ETP_INLET,observed,SHA256:1e60bff7f04397d81586dd79adf34393bb36d194331369edf54f993861987461
7/7/2014 9:00:00 PM,36.0,,734.0,,,86,2014-07-07T21:00:00.000000Z,MWC_ETP_MELBOURNE,inlet,DATASET_02_MELBOURNE_ETP_INLET,observed,SHA256:1e60bff7f04397d81586dd79adf34393bb36d194331369edf54f993861987461
7/8/2014 9:00:00 PM,33.0,410.0,737.0,0.01,50.0,87,2014-07-08T21:00:00.000000Z,MWC_ETP_MELBOURNE,inlet,DATASET_02_MELBOURNE_ETP_INLET,observed,SHA256:1e60bff7f04397d81586dd79adf34393bb36d194331369edf54f993861987461
7/9/2014 9:00:00 PM,37.0,,510.0,,,88,2014-07-09T21:00:00.000000Z,MWC_ETP_MELBOURNE,inlet,DATASET_02_MELBOURNE_ETP_INLET,observed,SHA256:1e60bff7f04397d81586dd79adf34393bb36d194331369edf54f993861987461
7/10/2014 9:00:00 PM,49.0,,500.0,,,89,2014-07-10T21:00:00.000000Z,MWC_ETP_MELBOURNE,inlet,DATASET_02_MELBOURNE_ETP_INLET,observed,SHA256:1e60bff7f04397d81586dd79adf34393bb36d194331369edf54f993861987461
7/13/2014 9:00:00 PM,39.0,,554.0,,,90,2014-07-13T21:00:00.000000Z,MWC_ETP_MELBOURNE,inlet,DATASET_02_MELBOURNE_ETP_INLET,observed,SHA256:1e60bff7f04397d81586dd79adf34393bb36d194331369edf54f993861987461
7/14/2014 9:00:00 PM,40.0,,615.0,,,91,2014-07-14T21:00:00.000000Z,MWC_ETP_MELBOURNE,inlet,DATASET_02_MELBOURNE_ETP_INLET,observed,SHA256:1e60bff7f04397d81586dd79adf34393bb36d194331369edf54f993861987461
7/15/2014 9:00:00 PM,39.0,,600.0,,,92,2014-07-15T21:00:00.000000Z,MWC_ETP_MELBOURNE,inlet,DATASET_02_MELBOURNE_ETP_INLET,observed,SHA256:1e60bff7f04397d81586dd79adf34393bb36d194331369edf54f993861987461
7/16/2014 9:00:00 PM,31.0,250.0,586.0,,,93,2014-07-16T21:00:00.000000Z,MWC_ETP_MELBOURNE,inlet,DATASET_02_MELBOURNE_ETP_INLET,observed,SHA256:1e60bff7f04397d81586dd79adf34393bb36d194331369edf54f993861987461
7/17/2014 9:00:00 PM,38.0,,675.0,,,94,2014-07-17T21:00:00.000000Z,MWC_ETP_MELBOURNE,inlet,DATASET_02_MELBOURNE_ETP_INLET,observed,SHA256:1e60bff7f04397d81586dd79adf34393bb36d194331369edf54f993861987461
7/20/2014 9:00:00 PM,37.0,,745.0,,,95,2014-07-20T21:00:00.000000Z,MWC_ETP_MELBOURNE,inlet,DATASET_02_MELBOURNE_ETP_INLET,observed,SHA256:1e60bff7f04397d81586dd79adf34393bb36d194331369edf54f993861987461
7/21/2014 9:00:00 PM,31.0,,765.0,,,96,2014-07-21T21:00:00.000000Z,MWC_ETP_MELBOURNE,inlet,DATASET_02_MELBOURNE_ETP_INLET,observed,SHA256:1e60bff7f04397d81586dd79adf34393bb36d194331369edf54f993861987461
7/22/2014 9:00:00 PM,40.0,,740.0,,,97,2014-07-22T21:00:00.000000Z,MWC_ETP_MELBOURNE,inlet,DATASET_02_MELBOURNE_ETP_INLET,observed,SHA256:1e60bff7f04397d81586dd79adf34393bb36d194331369edf54f993861987461
7/23/2014 9:00:00 PM,40.0,,840.0,,,98,2014-07-23T21:00:00.000000Z,MWC_ETP_MELBOURNE,inlet,DATASET_02_MELBOURNE_ETP_INLET,observed,SHA256:1e60bff7f04397d81586dd79adf34393bb36d194331369edf54f993861987461
7/24/2014 9:00:00 PM,39.0,430.0,920.0,0.01,46.0,99,2014-07-24T21:00:00.000000Z,MWC_ETP_MELBOURNE,inlet,DATASET_02_MELBOURNE_ETP_INLET,observed,SHA256:1e60bff7f04397d81586dd79adf34393bb36d194331369edf54f993861987461
7/27/2014 9:00:00 PM,35.0,,613.0,,,100,2014-07-27T21:00:00.000000Z,MWC_ETP_MELBOURNE,inlet,DATASET_02_MELBOURNE_ETP_INLET,observed,SHA256:1e60bff7f04397d81586dd79adf34393bb36d194331369edf54f993861987461
7/28/2014 9:00:00 PM,33.0,,650.0,,,101,2014-07-28T21:00:00.000000Z,MWC_ETP_MELBOURNE,inlet,DATASET_02_MELBOURNE_ETP_INLET,observed,SHA256:1e60bff7f04397d81586dd79adf34393bb36d194331369edf54f993861987461
7/29/2014 9:00:00 PM,31.0,,683.0,,,102,2014-07-29T21:00:00.000000Z,MWC_ETP_MELBOURNE,inlet,DATASET_02_MELBOURNE_ETP_INLET,observed,SHA256:1e60bff7f04397d81586dd79adf34393bb36d194331369edf54f993861987461
7/30/2014 9:00:00 PM,36.0,350.0,779.0,,,103,2014-07-30T21:00:00.000000Z,MWC_ETP_MELBOURNE,inlet,DATASET_02_MELBOURNE_ETP_INLET,observed,SHA256:1e60bff7f04397d81586dd79adf34393bb36d194331369edf54f993861987461
3/13/2014 8:00:00 PM,41.0,,810.0,,,104,2014-03-13T20:00:00.000000Z,MWC_ETP_MELBOURNE,inlet,DATASET_02_MELBOURNE_ETP_INLET,observed,SHA256:1e60bff7f04397d81586dd79adf34393bb36d194331369edf54f993861987461
3/16/2014 8:00:00 PM,42.0,,710.0,,,105,2014-03-16T20:00:00.000000Z,MWC_ETP_MELBOURNE,inlet,DATASET_02_MELBOURNE_ETP_INLET,observed,SHA256:1e60bff7f04397d81586dd79adf34393bb36d194331369edf54f993861987461
3/17/2014 8:00:00 PM,36.0,,750.0,,,106,2014-03-17T20:00:00.000000Z,MWC_ETP_MELBOURNE,inlet,DATASET_02_MELBOURNE_ETP_INLET,observed,SHA256:1e60bff7f04397d81586dd79adf34393bb36d194331369edf54f993861987461
3/18/2014 8:00:00 PM,31.0,,850.0,,,107,2014-03-18T20:00:00.000000Z,MWC_ETP_MELBOURNE,inlet,DATASET_02_MELBOURNE_ETP_INLET,observed,SHA256:1e60bff7f04397d81586dd79adf34393bb36d194331369edf54f993861987461
3/19/2014 8:00:00 PM,35.0,530.0,930.0,0.03,65.0,108,2014-03-19T20:00:00.000000Z,MWC_ETP_MELBOURNE,inlet,DATASET_02_MELBOURNE_ETP_INLET,observed,SHA256:1e60bff7f04397d81586dd79adf34393bb36d194331369edf54f993861987461
3/20/2014 8:00:00 PM,35.0,,915.0,,,109,2014-03-20T20:00:00.000000Z,MWC_ETP_MELBOURNE,inlet,DATASET_02_MELBOURNE_ETP_INLET,observed,SHA256:1e60bff7f04397d81586dd79adf34393bb36d194331369edf54f993861987461
3/23/2014 8:00:00 PM,40.0,,970.0,,,110,2014-03-23T20:00:00.000000Z,MWC_ETP_MELBOURNE,inlet,DATASET_02_MELBOURNE_ETP_INLET,observed,SHA256:1e60bff7f04397d81586dd79adf34393bb36d194331369edf54f993861987461
3/24/2014 8:00:00 PM,32.0,,845.0,,,111,2014-03-24T20:00:00.000000Z,MWC_ETP_MELBOURNE,inlet,DATASET_02_MELBOURNE_ETP_INLET,observed,SHA256:1e60bff7f04397d81586dd79adf34393bb36d194331369edf54f993861987461
3/25/2014 8:00:00 PM,30.0,,925.0,,,112,2014-03-25T20:00:00.000000Z,MWC_ETP_MELBOURNE,inlet,DATASET_02_MELBOURNE_ETP_INLET,observed,SHA256:1e60bff7f04397d81586dd79adf34393bb36d194331369edf54f993861987461
3/26/2014 8:00:00 PM,46.0,,845.0,,,113,2014-03-26T20:00:00.000000Z,MWC_ETP_MELBOURNE,inlet,DATASET_02_MELBOURNE_ETP_INLET,observed,SHA256:1e60bff7f04397d81586dd79adf34393bb36d194331369edf54f993861987461
3/27/2014 8:00:00 PM,34.0,450.0,855.0,,,114,2014-03-27T20:00:00.000000Z,MWC_ETP_MELBOURNE,inlet,DATASET_02_MELBOURNE_ETP_INLET,observed,SHA256:1e60bff7f04397d81586dd79adf34393bb36d194331369edf54f993861987461
3/30/2014 8:00:00 PM,41.0,,830.0,,,115,2014-03-30T20:00:00.000000Z,MWC_ETP_MELBOURNE,inlet,DATASET_02_MELBOURNE_ETP_INLET,observed,SHA256:1e60bff7f04397d81586dd79adf34393bb36d194331369edf54f993861987461
3/31/2014 8:00:00 PM,35.0,,840.0,,,116,2014-03-31T20:00:00.000000Z,MWC_ETP_MELBOURNE,inlet,DATASET_02_MELBOURNE_ETP_INLET,observed,SHA256:1e60bff7f04397d81586dd79adf34393bb36d194331369edf54f993861987461
4/1/2014 8:00:00 PM,41.0,,945.0,,,117,2014-04-01T20:00:00.000000Z,MWC_ETP_MELBOURNE,inlet,DATASET_02_MELBOURNE_ETP_INLET,observed,SHA256:1e60bff7f04397d81586dd79adf34393bb36d194331369edf54f993861987461
4/2/2014 8:00:00 PM,37.0,380.0,920.0,0.01,64.0,118,2014-04-02T20:00:00.000000Z,MWC_ETP_MELBOURNE,inlet,DATASET_02_MELBOURNE_ETP_INLET,observed,SHA256:1e60bff7f04397d81586dd79adf34393bb36d194331369edf54f993861987461
4/3/2014 8:00:00 PM,37.0,,915.0,,,119,2014-04-03T20:00:00.000000Z,MWC_ETP_MELBOURNE,inlet,DATASET_02_MELBOURNE_ETP_INLET,observed,SHA256:1e60bff7f04397d81586dd79adf34393bb36d194331369edf54f993861987461
4/6/2014 9:00:00 PM,40.0,,810.0,,,120,2014-04-06T21:00:00.000000Z,MWC_ETP_MELBOURNE,inlet,DATASET_02_MELBOURNE_ETP_INLET,observed,SHA256:1e60bff7f04397d81586dd79adf34393bb36d194331369edf54f993861987461
4/7/2014 9:00:00 PM,36.0,,780.0,,,121,2014-04-07T21:00:00.000000Z,MWC_ETP_MELBOURNE,inlet,DATASET_02_MELBOURNE_ETP_INLET,observed,SHA256:1e60bff7f04397d81586dd79adf34393bb36d194331369edf54f993861987461
1/11/2015 8:00:00 PM,32.0,,750.0,,,122,2015-01-11T20:00:00.000000Z,MWC_ETP_MELBOURNE,inlet,DATASET_02_MELBOURNE_ETP_INLET,observed,SHA256:1e60bff7f04397d81586dd79adf34393bb36d194331369edf54f993861987461
3/17/2015 8:00:00 PM,44.0,,1282.0,,,123,2015-03-17T20:00:00.000000Z,MWC_ETP_MELBOURNE,inlet,DATASET_02_MELBOURNE_ETP_INLET,observed,SHA256:1e60bff7f04397d81586dd79adf34393bb36d194331369edf54f993861987461
10/27/2014 8:00:00 PM,24.0,,620.0,,,124,2014-10-27T20:00:00.000000Z,MWC_ETP_MELBOURNE,inlet,DATASET_02_MELBOURNE_ETP_INLET,observed,SHA256:1e60bff7f04397d81586dd79adf34393bb36d194331369edf54f993861987461
1/12/2015 8:00:00 PM,36.0,,850.0,,,125,2015-01-12T20:00:00.000000Z,MWC_ETP_MELBOURNE,inlet,DATASET_02_MELBOURNE_ETP_INLET,observed,SHA256:1e60bff7f04397d81586dd79adf34393bb36d194331369edf54f993861987461
5/27/2015 9:00:00 PM,28.0,,700.0,,,126,2015-05-27T21:00:00.000000Z,MWC_ETP_MELBOURNE,inlet,DATASET_02_MELBOURNE_ETP_INLET,observed,SHA256:1e60bff7f04397d81586dd79adf34393bb36d194331369edf54f993861987461
4/8/2014 9:00:00 PM,37.0,220.0,835.0,,,127,2014-04-08T21:00:00.000000Z,MWC_ETP_MELBOURNE,inlet,DATASET_02_MELBOURNE_ETP_INLET,observed,SHA256:1e60bff7f04397d81586dd79adf34393bb36d194331369edf54f993861987461
1/2/2014 8:00:00 PM,25.0,,740.0,,,128,2014-01-02T20:00:00.000000Z,MWC_ETP_MELBOURNE,inlet,DATASET_02_MELBOURNE_ETP_INLET,observed,SHA256:1e60bff7f04397d81586dd79adf34393bb36d194331369edf54f993861987461
3/18/2015 8:00:00 PM,44.0,360.0,860.0,0.1,62.0,129,2015-03-18T20:00:00.000000Z,MWC_ETP_MELBOURNE,inlet,DATASET_02_MELBOURNE_ETP_INLET,observed,SHA256:1e60bff7f04397d81586dd79adf34393bb36d194331369edf54f993861987461
1/13/2015 8:00:00 PM,40.0,350.0,865.0,,,130,2015-01-13T20:00:00.000000Z,MWC_ETP_MELBOURNE,inlet,DATASET_02_MELBOURNE_ETP_INLET,observed,SHA256:1e60bff7f04397d81586dd79adf34393bb36d194331369edf54f993861987461
5/28/2015 9:00:00 PM,31.0,,736.0,,,131,2015-05-28T21:00:00.000000Z,MWC_ETP_MELBOURNE,inlet,DATASET_02_MELBOURNE_ETP_INLET,observed,SHA256:1e60bff7f04397d81586dd79adf34393bb36d194331369edf54f993861987461
10/28/2014 8:00:00 PM,34.0,360.0,735.0,0.01,64.0,132,2014-10-28T20:00:00.000000Z,MWC_ETP_MELBOURNE,inlet,DATASET_02_MELBOURNE_ETP_INLET,observed,SHA256:1e60bff7f04397d81586dd79adf34393bb36d194331369edf54f993861987461
4/9/2014 9:00:00 PM,32.0,,730.0,,,133,2014-04-09T21:00:00.000000Z,MWC_ETP_MELBOURNE,inlet,DATASET_02_MELBOURNE_ETP_INLET,observed,SHA256:1e60bff7f04397d81586dd79adf34393bb36d194331369edf54f993861987461
1/5/2014 8:00:00 PM,42.0,,836.0,,,134,2014-01-05T20:00:00.000000Z,MWC_ETP_MELBOURNE,inlet,DATASET_02_MELBOURNE_ETP_INLET,observed,SHA256:1e60bff7f04397d81586dd79adf34393bb36d194331369edf54f993861987461
1/14/2015 8:00:00 PM,32.0,,710.0,,,135,2015-01-14T20:00:00.000000Z,MWC_ETP_MELBOURNE,inlet,DATASET_02_MELBOURNE_ETP_INLET,observed,SHA256:1e60bff7f04397d81586dd79adf34393bb36d194331369edf54f993861987461
5/31/2015 9:00:00 PM,40.0,460.0,710.0,,,136,2015-05-31T21:00:00.000000Z,MWC_ETP_MELBOURNE,inlet,DATASET_02_MELBOURNE_ETP_INLET,observed,SHA256:1e60bff7f04397d81586dd79adf34393bb36d194331369edf54f993861987461
3/19/2015 8:00:00 PM,42.0,,830.0,,,137,2015-03-19T20:00:00.000000Z,MWC_ETP_MELBOURNE,inlet,DATASET_02_MELBOURNE_ETP_INLET,observed,SHA256:1e60bff7f04397d81586dd79adf34393bb36d194331369edf54f993861987461
10/29/2014 8:00:00 PM,40.0,,842.0,,,138,2014-10-29T20:00:00.000000Z,MWC_ETP_MELBOURNE,inlet,DATASET_02_MELBOURNE_ETP_INLET,observed,SHA256:1e60bff7f04397d81586dd79adf34393bb36d194331369edf54f993861987461
4/10/2014 9:00:00 PM,24.0,,646.0,,,139,2014-04-10T21:00:00.000000Z,MWC_ETP_MELBOURNE,inlet,DATASET_02_MELBOURNE_ETP_INLET,observed,SHA256:1e60bff7f04397d81586dd79adf34393bb36d194331369edf54f993861987461
6/1/2015 9:00:00 PM,34.0,,640.0,,,140,2015-06-01T21:00:00.000000Z,MWC_ETP_MELBOURNE,inlet,DATASET_02_MELBOURNE_ETP_INLET,observed,SHA256:1e60bff7f04397d81586dd79adf34393bb36d194331369edf54f993861987461
1/15/2015 8:00:00 PM,39.0,,811.0,,,141,2015-01-15T20:00:00.000000Z,MWC_ETP_MELBOURNE,inlet,DATASET_02_MELBOURNE_ETP_INLET,observed,SHA256:1e60bff7f04397d81586dd79adf34393bb36d194331369edf54f993861987461
1/6/2014 8:00:00 PM,36.0,430.0,850.0,0.01,63.0,142,2014-01-06T20:00:00.000000Z,MWC_ETP_MELBOURNE,inlet,DATASET_02_MELBOURNE_ETP_INLET,observed,SHA256:1e60bff7f04397d81586dd79adf34393bb36d194331369edf54f993861987461
10/30/2014 8:00:00 PM,41.0,,825.0,,,143,2014-10-30T20:00:00.000000Z,MWC_ETP_MELBOURNE,inlet,DATASET_02_MELBOURNE_ETP_INLET,observed,SHA256:1e60bff7f04397d81586dd79adf34393bb36d194331369edf54f993861987461
1/18/2015 8:00:00 PM,50.0,,810.0,,,144,2015-01-18T20:00:00.000000Z,MWC_ETP_MELBOURNE,inlet,DATASET_02_MELBOURNE_ETP_INLET,observed,SHA256:1e60bff7f04397d81586dd79adf34393bb36d194331369edf54f993861987461
1/19/2015 8:00:00 PM,40.0,,790.0,,,145,2015-01-19T20:00:00.000000Z,MWC_ETP_MELBOURNE,inlet,DATASET_02_MELBOURNE_ETP_INLET,observed,SHA256:1e60bff7f04397d81586dd79adf34393bb36d194331369edf54f993861987461
1/20/2015 8:00:00 PM,44.0,,844.0,,,146,2015-01-20T20:00:00.000000Z,MWC_ETP_MELBOURNE,inlet,DATASET_02_MELBOURNE_ETP_INLET,observed,SHA256:1e60bff7f04397d81586dd79adf34393bb36d194331369edf54f993861987461
1/21/2015 8:00:00 PM,50.0,320.0,945.0,0.05,68.0,147,2015-01-21T20:00:00.000000Z,MWC_ETP_MELBOURNE,inlet,DATASET_02_MELBOURNE_ETP_INLET,observed,SHA256:1e60bff7f04397d81586dd79adf34393bb36d194331369edf54f993861987461
1/22/2015 8:00:00 PM,53.0,,851.0,,,148,2015-01-22T20:00:00.000000Z,MWC_ETP_MELBOURNE,inlet,DATASET_02_MELBOURNE_ETP_INLET,observed,SHA256:1e60bff7f04397d81586dd79adf34393bb36d194331369edf54f993861987461
1/24/2015 8:00:00 PM,49.0,,900.0,,,149,2015-01-24T20:00:00.000000Z,MWC_ETP_MELBOURNE,inlet,DATASET_02_MELBOURNE_ETP_INLET,observed,SHA256:1e60bff7f04397d81586dd79adf34393bb36d194331369edf54f993861987461
1/26/2015 8:00:00 PM,38.0,,680.0,,,150,2015-01-26T20:00:00.000000Z,MWC_ETP_MELBOURNE,inlet,DATASET_02_MELBOURNE_ETP_INLET,observed,SHA256:1e60bff7f04397d81586dd79adf34393bb36d194331369edf54f993861987461
1/27/2015 8:00:00 PM,39.0,,720.0,,,151,2015-01-27T20:00:00.000000Z,MWC_ETP_MELBOURNE,inlet,DATASET_02_MELBOURNE_ETP_INLET,observed,SHA256:1e60bff7f04397d81586dd79adf34393bb36d194331369edf54f993861987461
1/28/2015 8:00:00 PM,38.0,,810.0,,,152,2015-01-28T20:00:00.000000Z,MWC_ETP_MELBOURNE,inlet,DATASET_02_MELBOURNE_ETP_INLET,observed,SHA256:1e60bff7f04397d81586dd79adf34393bb36d194331369edf54f993861987461
1/29/2015 8:00:00 PM,43.0,290.0,875.0,,,153,2015-01-29T20:00:00.000000Z,MWC_ETP_MELBOURNE,inlet,DATASET_02_MELBOURNE_ETP_INLET,observed,SHA256:1e60bff7f04397d81586dd79adf34393bb36d194331369edf54f993861987461
1/31/2015 8:00:00 PM,49.0,,580.0,,,154,2015-01-31T20:00:00.000000Z,MWC_ETP_MELBOURNE,inlet,DATASET_02_MELBOURNE_ETP_INLET,observed,SHA256:1e60bff7f04397d81586dd79adf34393bb36d194331369edf54f993861987461
2/1/2015 8:00:00 PM,40.0,,693.0,,,155,2015-02-01T20:00:00.000000Z,MWC_ETP_MELBOURNE,inlet,DATASET_02_MELBOURNE_ETP_INLET,observed,SHA256:1e60bff7f04397d81586dd79adf34393bb36d194331369edf54f993861987461
2/2/2015 8:00:00 PM,32.0,,760.0,,,156,2015-02-02T20:00:00.000000Z,MWC_ETP_MELBOURNE,inlet,DATASET_02_MELBOURNE_ETP_INLET,observed,SHA256:1e60bff7f04397d81586dd79adf34393bb36d194331369edf54f993861987461
2/3/2015 8:00:00 PM,31.0,,795.0,,,157,2015-02-03T20:00:00.000000Z,MWC_ETP_MELBOURNE,inlet,DATASET_02_MELBOURNE_ETP_INLET,observed,SHA256:1e60bff7f04397d81586dd79adf34393bb36d194331369edf54f993861987461
2/4/2015 8:00:00 PM,43.0,350.0,865.0,0.01,73.0,158,2015-02-04T20:00:00.000000Z,MWC_ETP_MELBOURNE,inlet,DATASET_02_MELBOURNE_ETP_INLET,observed,SHA256:1e60bff7f04397d81586dd79adf34393bb36d194331369edf54f993861987461
2/5/2015 8:00:00 PM,42.0,,905.0,,,159,2015-02-05T20:00:00.000000Z,MWC_ETP_MELBOURNE,inlet,DATASET_02_MELBOURNE_ETP_INLET,observed,SHA256:1e60bff7f04397d81586dd79adf34393bb36d194331369edf54f993861987461
2/8/2015 8:00:00 PM,38.0,,840.0,,,160,2015-02-08T20:00:00.000000Z,MWC_ETP_MELBOURNE,inlet,DATASET_02_MELBOURNE_ETP_INLET,observed,SHA256:1e60bff7f04397d81586dd79adf34393bb36d194331369edf54f993861987461
2/9/2015 8:00:00 PM,35.0,,767.0,,,161,2015-02-09T20:00:00.000000Z,MWC_ETP_MELBOURNE,inlet,DATASET_02_MELBOURNE_ETP_INLET,observed,SHA256:1e60bff7f04397d81586dd79adf34393bb36d194331369edf54f993861987461
2/10/2015 8:00:00 PM,36.0,370.0,840.0,,,162,2015-02-10T20:00:00.000000Z,MWC_ETP_MELBOURNE,inlet,DATASET_02_MELBOURNE_ETP_INLET,observed,SHA256:1e60bff7f04397d81586dd79adf34393bb36d194331369edf54f993861987461
2/11/2015 8:00:00 PM,36.0,,850.0,,,163,2015-02-11T20:00:00.000000Z,MWC_ETP_MELBOURNE,inlet,DATASET_02_MELBOURNE_ETP_INLET,observed,SHA256:1e60bff7f04397d81586dd79adf34393bb36d194331369edf54f993861987461
2/12/2015 8:00:00 PM,37.0,,740.0,,,164,2015-02-12T20:00:00.000000Z,MWC_ETP_MELBOURNE,inlet,DATASET_02_MELBOURNE_ETP_INLET,observed,SHA256:1e60bff7f04397d81586dd79adf34393bb36d194331369edf54f993861987461
2/14/2015 8:00:00 PM,38.0,,815.0,,,165,2015-02-14T20:00:00.000000Z,MWC_ETP_MELBOURNE,inlet,DATASET_02_MELBOURNE_ETP_INLET,observed,SHA256:1e60bff7f04397d81586dd79adf34393bb36d194331369edf54f993861987461
2/15/2015 8:00:00 PM,30.0,,680.0,,,166,2015-02-15T20:00:00.000000Z,MWC_ETP_MELBOURNE,inlet,DATASET_02_MELBOURNE_ETP_INLET,observed,SHA256:1e60bff7f04397d81586dd79adf34393bb36d194331369edf54f993861987461
2/16/2015 8:00:00 PM,38.0,350.0,890.0,0.01,74.0,167,2015-02-16T20:00:00.000000Z,MWC_ETP_MELBOURNE,inlet,DATASET_02_MELBOURNE_ETP_INLET,observed,SHA256:1e60bff7f04397d81586dd79adf34393bb36d194331369edf54f993861987461
2/17/2015 8:00:00 PM,39.0,,870.0,,,168,2015-02-17T20:00:00.000000Z,MWC_ETP_MELBOURNE,inlet,DATASET_02_MELBOURNE_ETP_INLET,observed,SHA256:1e60bff7f04397d81586dd79adf34393bb36d194331369edf54f993861987461
2/18/2015 8:00:00 PM,42.0,,910.0,,,169,2015-02-18T20:00:00.000000Z,MWC_ETP_MELBOURNE,inlet,DATASET_02_MELBOURNE_ETP_INLET,observed,SHA256:1e60bff7f04397d81586dd79adf34393bb36d194331369edf54f993861987461
2/19/2015 8:00:00 PM,36.0,,750.0,,,170,2015-02-19T20:00:00.000000Z,MWC_ETP_MELBOURNE,inlet,DATASET_02_MELBOURNE_ETP_INLET,observed,SHA256:1e60bff7f04397d81586dd79adf34393bb36d194331369edf54f993861987461
2/22/2015 8:00:00 PM,39.0,350.0,610.0,,,171,2015-02-22T20:00:00.000000Z,MWC_ETP_MELBOURNE,inlet,DATASET_02_MELBOURNE_ETP_INLET,observed,SHA256:1e60bff7f04397d81586dd79adf34393bb36d194331369edf54f993861987461
2/23/2015 8:00:00 PM,36.0,,667.0,,,172,2015-02-23T20:00:00.000000Z,MWC_ETP_MELBOURNE,inlet,DATASET_02_MELBOURNE_ETP_INLET,observed,SHA256:1e60bff7f04397d81586dd79adf34393bb36d194331369edf54f993861987461
2/24/2015 8:00:00 PM,33.0,,790.0,,,173,2015-02-24T20:00:00.000000Z,MWC_ETP_MELBOURNE,inlet,DATASET_02_MELBOURNE_ETP_INLET,observed,SHA256:1e60bff7f04397d81586dd79adf34393bb36d194331369edf54f993861987461
2/25/2015 8:00:00 PM,33.0,,780.0,,,174,2015-02-25T20:00:00.000000Z,MWC_ETP_MELBOURNE,inlet,DATASET_02_MELBOURNE_ETP_INLET,observed,SHA256:1e60bff7f04397d81586dd79adf34393bb36d194331369edf54f993861987461
2/26/2015 8:00:00 PM,50.0,,1100.0,,,175,2015-02-26T20:00:00.000000Z,MWC_ETP_MELBOURNE,inlet,DATASET_02_MELBOURNE_ETP_INLET,observed,SHA256:1e60bff7f04397d81586dd79adf34393bb36d194331369edf54f993861987461
3/1/2015 8:00:00 PM,36.0,,670.0,,,176,2015-03-01T20:00:00.000000Z,MWC_ETP_MELBOURNE,inlet,DATASET_02_MELBOURNE_ETP_INLET,observed,SHA256:1e60bff7f04397d81586dd79adf34393bb36d194331369edf54f993861987461
3/2/2015 8:00:00 PM,37.0,360.0,610.0,0.01,56.0,177,2015-03-02T20:00:00.000000Z,MWC_ETP_MELBOURNE,inlet,DATASET_02_MELBOURNE_ETP_INLET,observed,SHA256:1e60bff7f04397d81586dd79adf34393bb36d194331369edf54f993861987461
3/3/2015 8:00:00 PM,40.0,,790.0,,,178,2015-03-03T20:00:00.000000Z,MWC_ETP_MELBOURNE,inlet,DATASET_02_MELBOURNE_ETP_INLET,observed,SHA256:1e60bff7f04397d81586dd79adf34393bb36d194331369edf54f993861987461
3/4/2015 8:00:00 PM,46.0,,700.0,,,179,2015-03-04T20:00:00.000000Z,MWC_ETP_MELBOURNE,inlet,DATASET_02_MELBOURNE_ETP_INLET,observed,SHA256:1e60bff7f04397d81586dd79adf34393bb36d194331369edf54f993861987461
3/5/2015 8:00:00 PM,41.0,,830.0,,,180,2015-03-05T20:00:00.000000Z,MWC_ETP_MELBOURNE,inlet,DATASET_02_MELBOURNE_ETP_INLET,observed,SHA256:1e60bff7f04397d81586dd79adf34393bb36d194331369edf54f993861987461
3/6/2015 8:00:00 PM,43.0,,930.0,,,181,2015-03-06T20:00:00.000000Z,MWC_ETP_MELBOURNE,inlet,DATASET_02_MELBOURNE_ETP_INLET,observed,SHA256:1e60bff7f04397d81586dd79adf34393bb36d194331369edf54f993861987461
3/9/2015 8:00:00 PM,39.0,,660.0,,,182,2015-03-09T20:00:00.000000Z,MWC_ETP_MELBOURNE,inlet,DATASET_02_MELBOURNE_ETP_INLET,observed,SHA256:1e60bff7f04397d81586dd79adf34393bb36d194331369edf54f993861987461
3/10/2015 8:00:00 PM,36.0,540.0,1260.0,,,183,2015-03-10T20:00:00.000000Z,MWC_ETP_MELBOURNE,inlet,DATASET_02_MELBOURNE_ETP_INLET,observed,SHA256:1e60bff7f04397d81586dd79adf34393bb36d194331369edf54f993861987461
3/11/2015 8:00:00 PM,35.0,,750.0,,,184,2015-03-11T20:00:00.000000Z,MWC_ETP_MELBOURNE,inlet,DATASET_02_MELBOURNE_ETP_INLET,observed,SHA256:1e60bff7f04397d81586dd79adf34393bb36d194331369edf54f993861987461
3/12/2015 8:00:00 PM,39.0,,730.0,,,185,2015-03-12T20:00:00.000000Z,MWC_ETP_MELBOURNE,inlet,DATASET_02_MELBOURNE_ETP_INLET,observed,SHA256:1e60bff7f04397d81586dd79adf34393bb36d194331369edf54f993861987461
3/15/2015 8:00:00 PM,39.0,,580.0,,,186,2015-03-15T20:00:00.000000Z,MWC_ETP_MELBOURNE,inlet,DATASET_02_MELBOURNE_ETP_INLET,observed,SHA256:1e60bff7f04397d81586dd79adf34393bb36d194331369edf54f993861987461
3/16/2015 8:00:00 PM,36.0,,720.0,,,187,2015-03-16T20:00:00.000000Z,MWC_ETP_MELBOURNE,inlet,DATASET_02_MELBOURNE_ETP_INLET,observed,SHA256:1e60bff7f04397d81586dd79adf34393bb36d194331369edf54f993861987461
3/22/2015 8:00:00 PM,43.0,,760.0,,,188,2015-03-22T20:00:00.000000Z,MWC_ETP_MELBOURNE,inlet,DATASET_02_MELBOURNE_ETP_INLET,observed,SHA256:1e60bff7f04397d81586dd79adf34393bb36d194331369edf54f993861987461
4/13/2014 9:00:00 PM,34.0,,670.0,,,189,2014-04-13T21:00:00.000000Z,MWC_ETP_MELBOURNE,inlet,DATASET_02_MELBOURNE_ETP_INLET,observed,SHA256:1e60bff7f04397d81586dd79adf34393bb36d194331369edf54f993861987461
4/14/2014 9:00:00 PM,44.0,340.0,744.0,0.01,56.0,190,2014-04-14T21:00:00.000000Z,MWC_ETP_MELBOURNE,inlet,DATASET_02_MELBOURNE_ETP_INLET,observed,SHA256:1e60bff7f04397d81586dd79adf34393bb36d194331369edf54f993861987461
4/15/2014 9:00:00 PM,42.0,,715.0,,,191,2014-04-15T21:00:00.000000Z,MWC_ETP_MELBOURNE,inlet,DATASET_02_MELBOURNE_ETP_INLET,observed,SHA256:1e60bff7f04397d81586dd79adf34393bb36d194331369edf54f993861987461
4/16/2014 9:00:00 PM,28.0,,690.0,,,192,2014-04-16T21:00:00.000000Z,MWC_ETP_MELBOURNE,inlet,DATASET_02_MELBOURNE_ETP_INLET,observed,SHA256:1e60bff7f04397d81586dd79adf34393bb36d194331369edf54f993861987461
4/18/2014 9:00:00 PM,34.0,,742.0,,,193,2014-04-18T21:00:00.000000Z,MWC_ETP_MELBOURNE,inlet,DATASET_02_MELBOURNE_ETP_INLET,observed,SHA256:1e60bff7f04397d81586dd79adf34393bb36d194331369edf54f993861987461
4/21/2014 9:00:00 PM,33.0,310.0,740.0,,,194,2014-04-21T21:00:00.000000Z,MWC_ETP_MELBOURNE,inlet,DATASET_02_MELBOURNE_ETP_INLET,observed,SHA256:1e60bff7f04397d81586dd79adf34393bb36d194331369edf54f993861987461
4/22/2014 9:00:00 PM,31.0,,680.0,,,195,2014-04-22T21:00:00.000000Z,MWC_ETP_MELBOURNE,inlet,DATASET_02_MELBOURNE_ETP_INLET,observed,SHA256:1e60bff7f04397d81586dd79adf34393bb36d194331369edf54f993861987461
4/23/2014 9:00:00 PM,35.0,,730.0,,,196,2014-04-23T21:00:00.000000Z,MWC_ETP_MELBOURNE,inlet,DATASET_02_MELBOURNE_ETP_INLET,observed,SHA256:1e60bff7f04397d81586dd79adf34393bb36d194331369edf54f993861987461
4/25/2014 9:00:00 PM,38.0,,740.0,,,197,2014-04-25T21:00:00.000000Z,MWC_ETP_MELBOURNE,inlet,DATASET_02_MELBOURNE_ETP_INLET,observed,SHA256:1e60bff7f04397d81586dd79adf34393bb36d194331369edf54f993861987461
4/27/2014 9:00:00 PM,42.0,340.0,690.0,0.19,60.0,198,2014-04-27T21:00:00.000000Z,MWC_ETP_MELBOURNE,inlet,DATASET_02_MELBOURNE_ETP_INLET,observed,SHA256:1e60bff7f04397d81586dd79adf34393bb36d194331369edf54f993861987461
4/28/2014 9:00:00 PM,36.0,,830.0,,,199,2014-04-28T21:00:00.000000Z,MWC_ETP_MELBOURNE,inlet,DATASET_02_MELBOURNE_ETP_INLET,observed,SHA256:1e60bff7f04397d81586dd79adf34393bb36d194331369edf54f993861987461
4/29/2014 9:00:00 PM,42.0,,814.0,,,200,2014-04-29T21:00:00.000000Z,MWC_ETP_MELBOURNE,inlet,DATASET_02_MELBOURNE_ETP_INLET,observed,SHA256:1e60bff7f04397d81586dd79adf34393bb36d194331369edf54f993861987461
4/30/2014 9:00:00 PM,27.0,,605.0,,,201,2014-04-30T21:00:00.000000Z,MWC_ETP_MELBOURNE,inlet,DATASET_02_MELBOURNE_ETP_INLET,observed,SHA256:1e60bff7f04397d81586dd79adf34393bb36d194331369edf54f993861987461
5/1/2014 9:00:00 PM,29.0,,800.0,,,202,2014-05-01T21:00:00.000000Z,MWC_ETP_MELBOURNE,inlet,DATASET_02_MELBOURNE_ETP_INLET,observed,SHA256:1e60bff7f04397d81586dd79adf34393bb36d194331369edf54f993861987461
5/4/2014 9:00:00 PM,32.0,,714.0,,,203,2014-05-04T21:00:00.000000Z,MWC_ETP_MELBOURNE,inlet,DATASET_02_MELBOURNE_ETP_INLET,observed,SHA256:1e60bff7f04397d81586dd79adf34393bb36d194331369edf54f993861987461
5/5/2014 9:00:00 PM,43.0,260.0,720.0,,,204,2014-05-05T21:00:00.000000Z,MWC_ETP_MELBOURNE,inlet,DATASET_02_MELBOURNE_ETP_INLET,observed,SHA256:1e60bff7f04397d81586dd79adf34393bb36d194331369edf54f993861987461
5/6/2014 9:00:00 PM,37.0,,760.0,,,205,2014-05-06T21:00:00.000000Z,MWC_ETP_MELBOURNE,inlet,DATASET_02_MELBOURNE_ETP_INLET,observed,SHA256:1e60bff7f04397d81586dd79adf34393bb36d194331369edf54f993861987461
1/7/2014 8:00:00 PM,46.0,,1016.0,,,206,2014-01-07T20:00:00.000000Z,MWC_ETP_MELBOURNE,inlet,DATASET_02_MELBOURNE_ETP_INLET,observed,SHA256:1e60bff7f04397d81586dd79adf34393bb36d194331369edf54f993861987461
5/7/2014 9:00:00 PM,41.0,,770.0,,,207,2014-05-07T21:00:00.000000Z,MWC_ETP_MELBOURNE,inlet,DATASET_02_MELBOURNE_ETP_INLET,observed,SHA256:1e60bff7f04397d81586dd79adf34393bb36d194331369edf54f993861987461
11/2/2014 8:00:00 PM,38.0,,655.0,,,208,2014-11-02T20:00:00.000000Z,MWC_ETP_MELBOURNE,inlet,DATASET_02_MELBOURNE_ETP_INLET,observed,SHA256:1e60bff7f04397d81586dd79adf34393bb36d194331369edf54f993861987461
6/2/2015 9:00:00 PM,37.0,,810.0,,,209,2015-06-02T21:00:00.000000Z,MWC_ETP_MELBOURNE,inlet,DATASET_02_MELBOURNE_ETP_INLET,observed,SHA256:1e60bff7f04397d81586dd79adf34393bb36d194331369edf54f993861987461
3/23/2015 8:00:00 PM,44.0,,880.0,,,210,2015-03-23T20:00:00.000000Z,MWC_ETP_MELBOURNE,inlet,DATASET_02_MELBOURNE_ETP_INLET,observed,SHA256:1e60bff7f04397d81586dd79adf34393bb36d194331369edf54f993861987461
1/8/2014 8:00:00 PM,40.0,,820.0,,,211,2014-01-08T20:00:00.000000Z,MWC_ETP_MELBOURNE,inlet,DATASET_02_MELBOURNE_ETP_INLET,observed,SHA256:1e60bff7f04397d81586dd79adf34393bb36d194331369edf54f993861987461
5/8/2014 9:00:00 PM,46.0,,740.0,,,212,2014-05-08T21:00:00.000000Z,MWC_ETP_MELBOURNE,inlet,DATASET_02_MELBOURNE_ETP_INLET,observed,SHA256:1e60bff7f04397d81586dd79adf34393bb36d194331369edf54f993861987461
11/4/2014 8:00:00 PM,26.0,,610.0,,,213,2014-11-04T20:00:00.000000Z,MWC_ETP_MELBOURNE,inlet,DATASET_02_MELBOURNE_ETP_INLET,observed,SHA256:1e60bff7f04397d81586dd79adf34393bb36d194331369edf54f993861987461
6/3/2015 9:00:00 PM,38.0,,730.0,,,214,2015-06-03T21:00:00.000000Z,MWC_ETP_MELBOURNE,inlet,DATASET_02_MELBOURNE_ETP_INLET,observed,SHA256:1e60bff7f04397d81586dd79adf34393bb36d194331369edf54f993861987461
3/24/2015 8:00:00 PM,36.0,,1700.0,,,215,2015-03-24T20:00:00.000000Z,MWC_ETP_MELBOURNE,inlet,DATASET_02_MELBOURNE_ETP_INLET,observed,SHA256:1e60bff7f04397d81586dd79adf34393bb36d194331369edf54f993861987461
1/9/2014 8:00:00 PM,51.0,,1110.0,,,216,2014-01-09T20:00:00.000000Z,MWC_ETP_MELBOURNE,inlet,DATASET_02_MELBOURNE_ETP_INLET,observed,SHA256:1e60bff7f04397d81586dd79adf34393bb36d194331369edf54f993861987461
5/11/2014 9:00:00 PM,43.0,,760.0,,,217,2014-05-11T21:00:00.000000Z,MWC_ETP_MELBOURNE,inlet,DATASET_02_MELBOURNE_ETP_INLET,observed,SHA256:1e60bff7f04397d81586dd79adf34393bb36d194331369edf54f993861987461
11/5/2014 8:00:00 PM,32.0,260.0,655.0,,,218,2014-11-05T20:00:00.000000Z,MWC_ETP_MELBOURNE,inlet,DATASET_02_MELBOURNE_ETP_INLET,observed,SHA256:1e60bff7f04397d81586dd79adf34393bb36d194331369edf54f993861987461
6/4/2015 9:00:00 PM,37.0,,815.0,,,219,2015-06-04T21:00:00.000000Z,MWC_ETP_MELBOURNE,inlet,DATASET_02_MELBOURNE_ETP_INLET,observed,SHA256:1e60bff7f04397d81586dd79adf34393bb36d194331369edf54f993861987461
3/25/2015 8:00:00 PM,48.0,,940.0,,,220,2015-03-25T20:00:00.000000Z,MWC_ETP_MELBOURNE,inlet,DATASET_02_MELBOURNE_ETP_INLET,observed,SHA256:1e60bff7f04397d81586dd79adf34393bb36d194331369edf54f993861987461
1/12/2014 8:00:00 PM,41.0,,730.0,,,221,2014-01-12T20:00:00.000000Z,MWC_ETP_MELBOURNE,inlet,DATASET_02_MELBOURNE_ETP_INLET,observed,SHA256:1e60bff7f04397d81586dd79adf34393bb36d194331369edf54f993861987461
5/12/2014 9:00:00 PM,32.0,,870.0,,,222,2014-05-12T21:00:00.000000Z,MWC_ETP_MELBOURNE,inlet,DATASET_02_MELBOURNE_ETP_INLET,observed,SHA256:1e60bff7f04397d81586dd79adf34393bb36d194331369edf54f993861987461
11/6/2014 8:00:00 PM,48.0,,740.0,,,223,2014-11-06T20:00:00.000000Z,MWC_ETP_MELBOURNE,inlet,DATASET_02_MELBOURNE_ETP_INLET,observed,SHA256:1e60bff7f04397d81586dd79adf34393bb36d194331369edf54f993861987461
6/5/2015 9:00:00 PM,31.0,,790.0,,,224,2015-06-05T21:00:00.000000Z,MWC_ETP_MELBOURNE,inlet,DATASET_02_MELBOURNE_ETP_INLET,observed,SHA256:1e60bff7f04397d81586dd79adf34393bb36d194331369edf54f993861987461
3/26/2015 8:00:00 PM,37.0,540.0,1027.0,,,225,2015-03-26T20:00:00.000000Z,MWC_ETP_MELBOURNE,inlet,DATASET_02_MELBOURNE_ETP_INLET,observed,SHA256:1e60bff7f04397d81586dd79adf34393bb36d194331369edf54f993861987461
1/13/2014 8:00:00 PM,26.0,,710.0,,,226,2014-01-13T20:00:00.000000Z,MWC_ETP_MELBOURNE,inlet,DATASET_02_MELBOURNE_ETP_INLET,observed,SHA256:1e60bff7f04397d81586dd79adf34393bb36d194331369edf54f993861987461
5/13/2014 9:00:00 PM,36.0,210.0,760.0,0.01,57.0,227,2014-05-13T21:00:00.000000Z,MWC_ETP_MELBOURNE,inlet,DATASET_02_MELBOURNE_ETP_INLET,observed,SHA256:1e60bff7f04397d81586dd79adf34393bb36d194331369edf54f993861987461
11/9/2014 8:00:00 PM,39.0,,740.0,,,228,2014-11-09T20:00:00.000000Z,MWC_ETP_MELBOURNE,inlet,DATASET_02_MELBOURNE_ETP_INLET,observed,SHA256:1e60bff7f04397d81586dd79adf34393bb36d194331369edf54f993861987461
6/8/2015 9:00:00 PM,35.0,320.0,890.0,0.01,62.0,229,2015-06-08T21:00:00.000000Z,MWC_ETP_MELBOURNE,inlet,DATASET_02_MELBOURNE_ETP_INLET,observed,SHA256:1e60bff7f04397d81586dd79adf34393bb36d194331369edf54f993861987461
3/29/2015 8:00:00 PM,43.0,,760.0,,,230,2015-03-29T20:00:00.000000Z,MWC_ETP_MELBOURNE,inlet,DATASET_02_MELBOURNE_ETP_INLET,observed,SHA256:1e60bff7f04397d81586dd79adf34393bb36d194331369edf54f993861987461
1/14/2014 8:00:00 PM,42.0,530.0,830.0,,,231,2014-01-14T20:00:00.000000Z,MWC_ETP_MELBOURNE,inlet,DATASET_02_MELBOURNE_ETP_INLET,observed,SHA256:1e60bff7f04397d81586dd79adf34393bb36d194331369edf54f993861987461
5/14/2014 9:00:00 PM,40.0,,785.0,,,232,2014-05-14T21:00:00.000000Z,MWC_ETP_MELBOURNE,inlet,DATASET_02_MELBOURNE_ETP_INLET,observed,SHA256:1e60bff7f04397d81586dd79adf34393bb36d194331369edf54f993861987461
11/10/2014 8:00:00 PM,28.0,,700.0,,,233,2014-11-10T20:00:00.000000Z,MWC_ETP_MELBOURNE,inlet,DATASET_02_MELBOURNE_ETP_INLET,observed,SHA256:1e60bff7f04397d81586dd79adf34393bb36d194331369edf54f993861987461
6/9/2015 9:00:00 PM,32.0,,690.0,,,234,2015-06-09T21:00:00.000000Z,MWC_ETP_MELBOURNE,inlet,DATASET_02_MELBOURNE_ETP_INLET,observed,SHA256:1e60bff7f04397d81586dd79adf34393bb36d194331369edf54f993861987461
3/30/2015 8:00:00 PM,35.0,350.0,855.0,0.01,58.0,235,2015-03-30T20:00:00.000000Z,MWC_ETP_MELBOURNE,inlet,DATASET_02_MELBOURNE_ETP_INLET,observed,SHA256:1e60bff7f04397d81586dd79adf34393bb36d194331369edf54f993861987461
1/15/2014 8:00:00 PM,47.0,,870.0,,,236,2014-01-15T20:00:00.000000Z,MWC_ETP_MELBOURNE,inlet,DATASET_02_MELBOURNE_ETP_INLET,observed,SHA256:1e60bff7f04397d81586dd79adf34393bb36d194331369edf54f993861987461
5/15/2014 9:00:00 PM,34.0,,900.0,,,237,2014-05-15T21:00:00.000000Z,MWC_ETP_MELBOURNE,inlet,DATASET_02_MELBOURNE_ETP_INLET,observed,SHA256:1e60bff7f04397d81586dd79adf34393bb36d194331369edf54f993861987461
11/11/2014 8:00:00 PM,28.0,,730.0,,,238,2014-11-11T20:00:00.000000Z,MWC_ETP_MELBOURNE,inlet,DATASET_02_MELBOURNE_ETP_INLET,observed,SHA256:1e60bff7f04397d81586dd79adf34393bb36d194331369edf54f993861987461
6/10/2015 9:00:00 PM,32.0,,840.0,,,239,2015-06-10T21:00:00.000000Z,MWC_ETP_MELBOURNE,inlet,DATASET_02_MELBOURNE_ETP_INLET,observed,SHA256:1e60bff7f04397d81586dd79adf34393bb36d194331369edf54f993861987461
3/31/2015 8:00:00 PM,34.0,420.0,970.0,,,240,2015-03-31T20:00:00.000000Z,MWC_ETP_MELBOURNE,inlet,DATASET_02_MELBOURNE_ETP_INLET,observed,SHA256:1e60bff7f04397d81586dd79adf34393bb36d194331369edf54f993861987461
1/16/2014 8:00:00 PM,43.0,,590.0,,,241,2014-01-16T20:00:00.000000Z,MWC_ETP_MELBOURNE,inlet,DATASET_02_MELBOURNE_ETP_INLET,observed,SHA256:1e60bff7f04397d81586dd79adf34393bb36d194331369edf54f993861987461
5/18/2014 9:00:00 PM,31.0,,735.0,,,242,2014-05-18T21:00:00.000000Z,MWC_ETP_MELBOURNE,inlet,DATASET_02_MELBOURNE_ETP_INLET,observed,SHA256:1e60bff7f04397d81586dd79adf34393bb36d194331369edf54f993861987461
11/12/2014 8:00:00 PM,26.0,,910.0,,,243,2014-11-12T20:00:00.000000Z,MWC_ETP_MELBOURNE,inlet,DATASET_02_MELBOURNE_ETP_INLET,observed,SHA256:1e60bff7f04397d81586dd79adf34393bb36d194331369edf54f993861987461
6/11/2015 9:00:00 PM,37.0,,961.0,,,244,2015-06-11T21:00:00.000000Z,MWC_ETP_MELBOURNE,inlet,DATASET_02_MELBOURNE_ETP_INLET,observed,SHA256:1e60bff7f04397d81586dd79adf34393bb36d194331369edf54f993861987461
4/1/2015 8:00:00 PM,49.0,,1140.0,,,245,2015-04-01T20:00:00.000000Z,MWC_ETP_MELBOURNE,inlet,DATASET_02_MELBOURNE_ETP_INLET,observed,SHA256:1e60bff7f04397d81586dd79adf34393bb36d194331369edf54f993861987461
1/19/2014 8:00:00 PM,38.0,,1200.0,,,246,2014-01-19T20:00:00.000000Z,MWC_ETP_MELBOURNE,inlet,DATASET_02_MELBOURNE_ETP_INLET,observed,SHA256:1e60bff7f04397d81586dd79adf34393bb36d194331369edf54f993861987461
5/19/2014 9:00:00 PM,34.0,,790.0,,,247,2014-05-19T21:00:00.000000Z,MWC_ETP_MELBOURNE,inlet,DATASET_02_MELBOURNE_ETP_INLET,observed,SHA256:1e60bff7f04397d81586dd79adf34393bb36d194331369edf54f993861987461
11/13/2014 8:00:00 PM,40.0,350.0,715.0,0.01,54.0,248,2014-11-13T20:00:00.000000Z,MWC_ETP_MELBOURNE,inlet,DATASET_02_MELBOURNE_ETP_INLET,observed,SHA256:1e60bff7f04397d81586dd79adf34393bb36d194331369edf54f993861987461
6/14/2015 9:00:00 PM,38.0,,767.0,,,249,2015-06-14T21:00:00.000000Z,MWC_ETP_MELBOURNE,inlet,DATASET_02_MELBOURNE_ETP_INLET,observed,SHA256:1e60bff7f04397d81586dd79adf34393bb36d194331369edf54f993861987461
4/3/2015 8:00:00 PM,42.0,,740.0,,,250,2015-04-03T20:00:00.000000Z,MWC_ETP_MELBOURNE,inlet,DATASET_02_MELBOURNE_ETP_INLET,observed,SHA256:1e60bff7f04397d81586dd79adf34393bb36d194331369edf54f993861987461
1/20/2014 8:00:00 PM,38.0,,930.0,,,251,2014-01-20T20:00:00.000000Z,MWC_ETP_MELBOURNE,inlet,DATASET_02_MELBOURNE_ETP_INLET,observed,SHA256:1e60bff7f04397d81586dd79adf34393bb36d194331369edf54f993861987461
5/20/2014 9:00:00 PM,35.0,,880.0,,,252,2014-05-20T21:00:00.000000Z,MWC_ETP_MELBOURNE,inlet,DATASET_02_MELBOURNE_ETP_INLET,observed,SHA256:1e60bff7f04397d81586dd79adf34393bb36d194331369edf54f993861987461
11/16/2014 8:00:00 PM,21.0,,432.0,,,253,2014-11-16T20:00:00.000000Z,MWC_ETP_MELBOURNE,inlet,DATASET_02_MELBOURNE_ETP_INLET,observed,SHA256:1e60bff7f04397d81586dd79adf34393bb36d194331369edf54f993861987461
6/15/2015 9:00:00 PM,42.0,,1500.0,,,254,2015-06-15T21:00:00.000000Z,MWC_ETP_MELBOURNE,inlet,DATASET_02_MELBOURNE_ETP_INLET,observed,SHA256:1e60bff7f04397d81586dd79adf34393bb36d194331369edf54f993861987461
4/6/2015 9:00:00 PM,38.0,,820.0,,,255,2015-04-06T21:00:00.000000Z,MWC_ETP_MELBOURNE,inlet,DATASET_02_MELBOURNE_ETP_INLET,observed,SHA256:1e60bff7f04397d81586dd79adf34393bb36d194331369edf54f993861987461
1/21/2014 8:00:00 PM,38.0,,1011.0,,,256,2014-01-21T20:00:00.000000Z,MWC_ETP_MELBOURNE,inlet,DATASET_02_MELBOURNE_ETP_INLET,observed,SHA256:1e60bff7f04397d81586dd79adf34393bb36d194331369edf54f993861987461
5/21/2014 9:00:00 PM,30.0,390.0,816.0,,,257,2014-05-21T21:00:00.000000Z,MWC_ETP_MELBOURNE,inlet,DATASET_02_MELBOURNE_ETP_INLET,observed,SHA256:1e60bff7f04397d81586dd79adf34393bb36d194331369edf54f993861987461
11/17/2014 8:00:00 PM,37.0,,670.0,,,258,2014-11-17T20:00:00.000000Z,MWC_ETP_MELBOURNE,inlet,DATASET_02_MELBOURNE_ETP_INLET,observed,SHA256:1e60bff7f04397d81586dd79adf34393bb36d194331369edf54f993861987461
6/16/2015 9:00:00 PM,40.0,440.0,920.0,,,259,2015-06-16T21:00:00.000000Z,MWC_ETP_MELBOURNE,inlet,DATASET_02_MELBOURNE_ETP_INLET,observed,SHA256:1e60bff7f04397d81586dd79adf34393bb36d194331369edf54f993861987461
4/7/2015 9:00:00 PM,35.0,480.0,885.0,,,260,2015-04-07T21:00:00.000000Z,MWC_ETP_MELBOURNE,inlet,DATASET_02_MELBOURNE_ETP_INLET,observed,SHA256:1e60bff7f04397d81586dd79adf34393bb36d194331369edf54f993861987461
1/22/2014 8:00:00 PM,47.0,470.0,980.0,0.01,76.0,261,2014-01-22T20:00:00.000000Z,MWC_ETP_MELBOURNE,inlet,DATASET_02_MELBOURNE_ETP_INLET,observed,SHA256:1e60bff7f04397d81586dd79adf34393bb36d194331369edf54f993861987461
11/18/2014 8:00:00 PM,41.0,,825.0,,,262,2014-11-18T20:00:00.000000Z,MWC_ETP_MELBOURNE,inlet,DATASET_02_MELBOURNE_ETP_INLET,observed,SHA256:1e60bff7f04397d81586dd79adf34393bb36d194331369edf54f993861987461
6/17/2015 9:00:00 PM,40.0,,900.0,,,263,2015-06-17T21:00:00.000000Z,MWC_ETP_MELBOURNE,inlet,DATASET_02_MELBOURNE_ETP_INLET,observed,SHA256:1e60bff7f04397d81586dd79adf34393bb36d194331369edf54f993861987461
4/8/2015 9:00:00 PM,26.0,,865.0,,,264,2015-04-08T21:00:00.000000Z,MWC_ETP_MELBOURNE,inlet,DATASET_02_MELBOURNE_ETP_INLET,observed,SHA256:1e60bff7f04397d81586dd79adf34393bb36d194331369edf54f993861987461
1/23/2014 8:00:00 PM,39.0,,862.0,,,265,2014-01-23T20:00:00.000000Z,MWC_ETP_MELBOURNE,inlet,DATASET_02_MELBOURNE_ETP_INLET,observed,SHA256:1e60bff7f04397d81586dd79adf34393bb36d194331369edf54f993861987461
11/19/2014 8:00:00 PM,48.0,430.0,840.0,,,266,2014-11-19T20:00:00.000000Z,MWC_ETP_MELBOURNE,inlet,DATASET_02_MELBOURNE_ETP_INLET,observed,SHA256:1e60bff7f04397d81586dd79adf34393bb36d194331369edf54f993861987461
6/18/2015 9:00:00 PM,34.0,,912.0,,,267,2015-06-18T21:00:00.000000Z,MWC_ETP_MELBOURNE,inlet,DATASET_02_MELBOURNE_ETP_INLET,observed,SHA256:1e60bff7f04397d81586dd79adf34393bb36d194331369edf54f993861987461
4/9/2015 9:00:00 PM,36.0,,990.0,,,268,2015-04-09T21:00:00.000000Z,MWC_ETP_MELBOURNE,inlet,DATASET_02_MELBOURNE_ETP_INLET,observed,SHA256:1e60bff7f04397d81586dd79adf34393bb36d194331369edf54f993861987461
1/24/2014 8:00:00 PM,45.0,,760.0,,,269,2014-01-24T20:00:00.000000Z,MWC_ETP_MELBOURNE,inlet,DATASET_02_MELBOURNE_ETP_INLET,observed,SHA256:1e60bff7f04397d81586dd79adf34393bb36d194331369edf54f993861987461
11/20/2014 8:00:00 PM,44.0,,700.0,,,270,2014-11-20T20:00:00.000000Z,MWC_ETP_MELBOURNE,inlet,DATASET_02_MELBOURNE_ETP_INLET,observed,SHA256:1e60bff7f04397d81586dd79adf34393bb36d194331369edf54f993861987461
6/21/2015 9:00:00 PM,38.0,,1125.0,,,271,2015-06-21T21:00:00.000000Z,MWC_ETP_MELBOURNE,inlet,DATASET_02_MELBOURNE_ETP_INLET,observed,SHA256:1e60bff7f04397d81586dd79adf34393bb36d194331369edf54f993861987461
4/12/2015 9:00:00 PM,38.0,,620.0,,,272,2015-04-12T21:00:00.000000Z,MWC_ETP_MELBOURNE,inlet,DATASET_02_MELBOURNE_ETP_INLET,observed,SHA256:1e60bff7f04397d81586dd79adf34393bb36d194331369edf54f993861987461
1/27/2014 8:00:00 PM,36.0,,690.0,,,273,2014-01-27T20:00:00.000000Z,MWC_ETP_MELBOURNE,inlet,DATASET_02_MELBOURNE_ETP_INLET,observed,SHA256:1e60bff7f04397d81586dd79adf34393bb36d194331369edf54f993861987461
11/23/2014 8:00:00 PM,34.0,,535.0,,,274,2014-11-23T20:00:00.000000Z,MWC_ETP_MELBOURNE,inlet,DATASET_02_MELBOURNE_ETP_INLET,observed,SHA256:1e60bff7f04397d81586dd79adf34393bb36d194331369edf54f993861987461
6/22/2015 9:00:00 PM,39.0,370.0,800.0,,,275,2015-06-22T21:00:00.000000Z,MWC_ETP_MELBOURNE,inlet,DATASET_02_MELBOURNE_ETP_INLET,observed,SHA256:1e60bff7f04397d81586dd79adf34393bb36d194331369edf54f993861987461
4/13/2015 9:00:00 PM,30.0,,950.0,,,276,2015-04-13T21:00:00.000000Z,MWC_ETP_MELBOURNE,inlet,DATASET_02_MELBOURNE_ETP_INLET,observed,SHA256:1e60bff7f04397d81586dd79adf34393bb36d194331369edf54f993861987461
1/28/2014 8:00:00 PM,29.0,,573.0,,,277,2014-01-28T20:00:00.000000Z,MWC_ETP_MELBOURNE,inlet,DATASET_02_MELBOURNE_ETP_INLET,observed,SHA256:1e60bff7f04397d81586dd79adf34393bb36d194331369edf54f993861987461
11/24/2014 8:00:00 PM,33.0,,720.0,,,278,2014-11-24T20:00:00.000000Z,MWC_ETP_MELBOURNE,inlet,DATASET_02_MELBOURNE_ETP_INLET,observed,SHA256:1e60bff7f04397d81586dd79adf34393bb36d194331369edf54f993861987461
6/23/2015 9:00:00 PM,49.0,370.0,840.0,,,279,2015-06-23T21:00:00.000000Z,MWC_ETP_MELBOURNE,inlet,DATASET_02_MELBOURNE_ETP_INLET,observed,SHA256:1e60bff7f04397d81586dd79adf34393bb36d194331369edf54f993861987461
4/14/2015 9:00:00 PM,37.0,,885.0,,,280,2015-04-14T21:00:00.000000Z,MWC_ETP_MELBOURNE,inlet,DATASET_02_MELBOURNE_ETP_INLET,observed,SHA256:1e60bff7f04397d81586dd79adf34393bb36d194331369edf54f993861987461
1/29/2014 8:00:00 PM,31.0,,720.0,,,281,2014-01-29T20:00:00.000000Z,MWC_ETP_MELBOURNE,inlet,DATASET_02_MELBOURNE_ETP_INLET,observed,SHA256:1e60bff7f04397d81586dd79adf34393bb36d194331369edf54f993861987461
11/25/2014 8:00:00 PM,35.0,360.0,600.0,0.01,54.0,282,2014-11-25T20:00:00.000000Z,MWC_ETP_MELBOURNE,inlet,DATASET_02_MELBOURNE_ETP_INLET,observed,SHA256:1e60bff7f04397d81586dd79adf34393bb36d194331369edf54f993861987461
11/26/2014 8:00:00 PM,37.0,,760.0,,,283,2014-11-26T20:00:00.000000Z,MWC_ETP_MELBOURNE,inlet,DATASET_02_MELBOURNE_ETP_INLET,observed,SHA256:1e60bff7f04397d81586dd79adf34393bb36d194331369edf54f993861987461
11/27/2014 8:00:00 PM,25.0,,830.0,,,284,2014-11-27T20:00:00.000000Z,MWC_ETP_MELBOURNE,inlet,DATASET_02_MELBOURNE_ETP_INLET,observed,SHA256:1e60bff7f04397d81586dd79adf34393bb36d194331369edf54f993861987461
11/30/2014 8:00:00 PM,41.0,,694.0,,,285,2014-11-30T20:00:00.000000Z,MWC_ETP_MELBOURNE,inlet,DATASET_02_MELBOURNE_ETP_INLET,observed,SHA256:1e60bff7f04397d81586dd79adf34393bb36d194331369edf54f993861987461
12/1/2014 8:00:00 PM,34.0,,640.0,,,286,2014-12-01T20:00:00.000000Z,MWC_ETP_MELBOURNE,inlet,DATASET_02_MELBOURNE_ETP_INLET,observed,SHA256:1e60bff7f04397d81586dd79adf34393bb36d194331369edf54f993861987461
12/2/2014 8:00:00 PM,40.0,,1510.0,,,287,2014-12-02T20:00:00.000000Z,MWC_ETP_MELBOURNE,inlet,DATASET_02_MELBOURNE_ETP_INLET,observed,SHA256:1e60bff7f04397d81586dd79adf34393bb36d194331369edf54f993861987461
12/3/2014 8:00:00 PM,50.0,,945.0,,,288,2014-12-03T20:00:00.000000Z,MWC_ETP_MELBOURNE,inlet,DATASET_02_MELBOURNE_ETP_INLET,observed,SHA256:1e60bff7f04397d81586dd79adf34393bb36d194331369edf54f993861987461
12/4/2014 8:00:00 PM,42.0,290.0,775.0,,,289,2014-12-04T20:00:00.000000Z,MWC_ETP_MELBOURNE,inlet,DATASET_02_MELBOURNE_ETP_INLET,observed,SHA256:1e60bff7f04397d81586dd79adf34393bb36d194331369edf54f993861987461
12/7/2014 8:00:00 PM,22.0,,761.0,,,290,2014-12-07T20:00:00.000000Z,MWC_ETP_MELBOURNE,inlet,DATASET_02_MELBOURNE_ETP_INLET,observed,SHA256:1e60bff7f04397d81586dd79adf34393bb36d194331369edf54f993861987461
12/8/2014 8:00:00 PM,28.0,,680.0,,,291,2014-12-08T20:00:00.000000Z,MWC_ETP_MELBOURNE,inlet,DATASET_02_MELBOURNE_ETP_INLET,observed,SHA256:1e60bff7f04397d81586dd79adf34393bb36d194331369edf54f993861987461
12/9/2014 8:00:00 PM,30.0,,840.0,,,292,2014-12-09T20:00:00.000000Z,MWC_ETP_MELBOURNE,inlet,DATASET_02_MELBOURNE_ETP_INLET,observed,SHA256:1e60bff7f04397d81586dd79adf34393bb36d194331369edf54f993861987461
12/10/2014 8:00:00 PM,30.0,290.0,760.0,0.01,69.0,293,2014-12-10T20:00:00.000000Z,MWC_ETP_MELBOURNE,inlet,DATASET_02_MELBOURNE_ETP_INLET,observed,SHA256:1e60bff7f04397d81586dd79adf34393bb36d194331369edf54f993861987461
12/11/2014 8:00:00 PM,36.0,,885.0,,,294,2014-12-11T20:00:00.000000Z,MWC_ETP_MELBOURNE,inlet,DATASET_02_MELBOURNE_ETP_INLET,observed,SHA256:1e60bff7f04397d81586dd79adf34393bb36d194331369edf54f993861987461
12/14/2014 8:00:00 PM,35.0,,770.0,,,295,2014-12-14T20:00:00.000000Z,MWC_ETP_MELBOURNE,inlet,DATASET_02_MELBOURNE_ETP_INLET,observed,SHA256:1e60bff7f04397d81586dd79adf34393bb36d194331369edf54f993861987461
12/15/2014 8:00:00 PM,34.0,,760.0,,,296,2014-12-15T20:00:00.000000Z,MWC_ETP_MELBOURNE,inlet,DATASET_02_MELBOURNE_ETP_INLET,observed,SHA256:1e60bff7f04397d81586dd79adf34393bb36d194331369edf54f993861987461
12/16/2014 8:00:00 PM,34.0,420.0,1130.0,,,297,2014-12-16T20:00:00.000000Z,MWC_ETP_MELBOURNE,inlet,DATASET_02_MELBOURNE_ETP_INLET,observed,SHA256:1e60bff7f04397d81586dd79adf34393bb36d194331369edf54f993861987461
12/17/2014 8:00:00 PM,34.0,,1067.0,,,298,2014-12-17T20:00:00.000000Z,MWC_ETP_MELBOURNE,inlet,DATASET_02_MELBOURNE_ETP_INLET,observed,SHA256:1e60bff7f04397d81586dd79adf34393bb36d194331369edf54f993861987461
12/18/2014 8:00:00 PM,30.0,,920.0,,,299,2014-12-18T20:00:00.000000Z,MWC_ETP_MELBOURNE,inlet,DATASET_02_MELBOURNE_ETP_INLET,observed,SHA256:1e60bff7f04397d81586dd79adf34393bb36d194331369edf54f993861987461
12/21/2014 8:00:00 PM,34.0,290.0,755.0,0.01,60.0,300,2014-12-21T20:00:00.000000Z,MWC_ETP_MELBOURNE,inlet,DATASET_02_MELBOURNE_ETP_INLET,observed,SHA256:1e60bff7f04397d81586dd79adf34393bb36d194331369edf54f993861987461
12/22/2014 8:00:00 PM,34.0,,810.0,,,301,2014-12-22T20:00:00.000000Z,MWC_ETP_MELBOURNE,inlet,DATASET_02_MELBOURNE_ETP_INLET,observed,SHA256:1e60bff7f04397d81586dd79adf34393bb36d194331369edf54f993861987461
12/23/2014 8:00:00 PM,25.0,,830.0,,,302,2014-12-23T20:00:00.000000Z,MWC_ETP_MELBOURNE,inlet,DATASET_02_MELBOURNE_ETP_INLET,observed,SHA256:1e60bff7f04397d81586dd79adf34393bb36d194331369edf54f993861987461
12/26/2014 8:00:00 PM,30.0,,690.0,,,303,2014-12-26T20:00:00.000000Z,MWC_ETP_MELBOURNE,inlet,DATASET_02_MELBOURNE_ETP_INLET,observed,SHA256:1e60bff7f04397d81586dd79adf34393bb36d194331369edf54f993861987461
12/28/2014 8:00:00 PM,34.0,370.0,680.0,,,304,2014-12-28T20:00:00.000000Z,MWC_ETP_MELBOURNE,inlet,DATASET_02_MELBOURNE_ETP_INLET,observed,SHA256:1e60bff7f04397d81586dd79adf34393bb36d194331369edf54f993861987461
12/29/2014 8:00:00 PM,34.0,,830.0,,,305,2014-12-29T20:00:00.000000Z,MWC_ETP_MELBOURNE,inlet,DATASET_02_MELBOURNE_ETP_INLET,observed,SHA256:1e60bff7f04397d81586dd79adf34393bb36d194331369edf54f993861987461
12/30/2014 8:00:00 PM,41.0,,810.0,,,306,2014-12-30T20:00:00.000000Z,MWC_ETP_MELBOURNE,inlet,DATASET_02_MELBOURNE_ETP_INLET,observed,SHA256:1e60bff7f04397d81586dd79adf34393bb36d194331369edf54f993861987461
1/1/2015 8:00:00 PM,42.0,,940.0,,,307,2015-01-01T20:00:00.000000Z,MWC_ETP_MELBOURNE,inlet,DATASET_02_MELBOURNE_ETP_INLET,observed,SHA256:1e60bff7f04397d81586dd79adf34393bb36d194331369edf54f993861987461
1/4/2015 8:00:00 PM,40.0,,730.0,,,308,2015-01-04T20:00:00.000000Z,MWC_ETP_MELBOURNE,inlet,DATASET_02_MELBOURNE_ETP_INLET,observed,SHA256:1e60bff7f04397d81586dd79adf34393bb36d194331369edf54f993861987461
1/5/2015 8:00:00 PM,39.0,360.0,900.0,0.1,70.0,309,2015-01-05T20:00:00.000000Z,MWC_ETP_MELBOURNE,inlet,DATASET_02_MELBOURNE_ETP_INLET,observed,SHA256:1e60bff7f04397d81586dd79adf34393bb36d194331369edf54f993861987461
1/6/2015 8:00:00 PM,29.0,,930.0,,,310,2015-01-06T20:00:00.000000Z,MWC_ETP_MELBOURNE,inlet,DATASET_02_MELBOURNE_ETP_INLET,observed,SHA256:1e60bff7f04397d81586dd79adf34393bb36d194331369edf54f993861987461
1/7/2015 8:00:00 PM,38.0,,965.0,,,311,2015-01-07T20:00:00.000000Z,MWC_ETP_MELBOURNE,inlet,DATASET_02_MELBOURNE_ETP_INLET,observed,SHA256:1e60bff7f04397d81586dd79adf34393bb36d194331369edf54f993861987461
6/24/2015 9:00:00 PM,42.0,760.0,875.0,0.01,60.0,312,2015-06-24T21:00:00.000000Z,MWC_ETP_MELBOURNE,inlet,DATASET_02_MELBOURNE_ETP_INLET,observed,SHA256:1e60bff7f04397d81586dd79adf34393bb36d194331369edf54f993861987461
6/25/2015 9:00:00 PM,45.0,,900.0,,,313,2015-06-25T21:00:00.000000Z,MWC_ETP_MELBOURNE,inlet,DATASET_02_MELBOURNE_ETP_INLET,observed,SHA256:1e60bff7f04397d81586dd79adf34393bb36d194331369edf54f993861987461
6/28/2015 9:00:00 PM,46.0,,742.0,,,314,2015-06-28T21:00:00.000000Z,MWC_ETP_MELBOURNE,inlet,DATASET_02_MELBOURNE_ETP_INLET,observed,SHA256:1e60bff7f04397d81586dd79adf34393bb36d194331369edf54f993861987461
6/29/2015 9:00:00 PM,41.0,,970.0,,,315,2015-06-29T21:00:00.000000Z,MWC_ETP_MELBOURNE,inlet,DATASET_02_MELBOURNE_ETP_INLET,observed,SHA256:1e60bff7f04397d81586dd79adf34393bb36d194331369edf54f993861987461
6/30/2015 9:00:00 PM,36.0,,1042.0,,,316,2015-06-30T21:00:00.000000Z,MWC_ETP_MELBOURNE,inlet,DATASET_02_MELBOURNE_ETP_INLET,observed,SHA256:1e60bff7f04397d81586dd79adf34393bb36d194331369edf54f993861987461
7/1/2015 9:00:00 PM,35.0,,875.0,,,317,2015-07-01T21:00:00.000000Z,MWC_ETP_MELBOURNE,inlet,DATASET_02_MELBOURNE_ETP_INLET,observed,SHA256:1e60bff7f04397d81586dd79adf34393bb36d194331369edf54f993861987461
7/2/2015 9:00:00 PM,33.0,360.0,730.0,,,318,2015-07-02T21:00:00.000000Z,MWC_ETP_MELBOURNE,inlet,DATASET_02_MELBOURNE_ETP_INLET,observed,SHA256:1e60bff7f04397d81586dd79adf34393bb36d194331369edf54f993861987461
7/5/2015 9:00:00 PM,44.0,,1030.0,,,319,2015-07-05T21:00:00.000000Z,MWC_ETP_MELBOURNE,inlet,DATASET_02_MELBOURNE_ETP_INLET,observed,SHA256:1e60bff7f04397d81586dd79adf34393bb36d194331369edf54f993861987461
7/6/2015 9:00:00 PM,34.0,,988.0,,,320,2015-07-06T21:00:00.000000Z,MWC_ETP_MELBOURNE,inlet,DATASET_02_MELBOURNE_ETP_INLET,observed,SHA256:1e60bff7f04397d81586dd79adf34393bb36d194331369edf54f993861987461
7/7/2015 9:00:00 PM,42.0,,1053.0,,,321,2015-07-07T21:00:00.000000Z,MWC_ETP_MELBOURNE,inlet,DATASET_02_MELBOURNE_ETP_INLET,observed,SHA256:1e60bff7f04397d81586dd79adf34393bb36d194331369edf54f993861987461
7/8/2015 9:00:00 PM,42.0,370.0,884.0,0.01,66.0,322,2015-07-08T21:00:00.000000Z,MWC_ETP_MELBOURNE,inlet,DATASET_02_MELBOURNE_ETP_INLET,observed,SHA256:1e60bff7f04397d81586dd79adf34393bb36d194331369edf54f993861987461
7/9/2015 9:00:00 PM,37.0,,980.0,,,323,2015-07-09T21:00:00.000000Z,MWC_ETP_MELBOURNE,inlet,DATASET_02_MELBOURNE_ETP_INLET,observed,SHA256:1e60bff7f04397d81586dd79adf34393bb36d194331369edf54f993861987461
7/12/2015 9:00:00 PM,25.0,,680.0,,,324,2015-07-12T21:00:00.000000Z,MWC_ETP_MELBOURNE,inlet,DATASET_02_MELBOURNE_ETP_INLET,observed,SHA256:1e60bff7f04397d81586dd79adf34393bb36d194331369edf54f993861987461
7/13/2015 9:00:00 PM,20.0,,500.0,,,325,2015-07-13T21:00:00.000000Z,MWC_ETP_MELBOURNE,inlet,DATASET_02_MELBOURNE_ETP_INLET,observed,SHA256:1e60bff7f04397d81586dd79adf34393bb36d194331369edf54f993861987461
7/14/2015 9:00:00 PM,31.0,200.0,593.0,,,326,2015-07-14T21:00:00.000000Z,MWC_ETP_MELBOURNE,inlet,DATASET_02_MELBOURNE_ETP_INLET,observed,SHA256:1e60bff7f04397d81586dd79adf34393bb36d194331369edf54f993861987461
7/15/2015 9:00:00 PM,37.0,,654.0,,,327,2015-07-15T21:00:00.000000Z,MWC_ETP_MELBOURNE,inlet,DATASET_02_MELBOURNE_ETP_INLET,observed,SHA256:1e60bff7f04397d81586dd79adf34393bb36d194331369edf54f993861987461
7/16/2015 9:00:00 PM,38.0,,790.0,,,328,2015-07-16T21:00:00.000000Z,MWC_ETP_MELBOURNE,inlet,DATASET_02_MELBOURNE_ETP_INLET,observed,SHA256:1e60bff7f04397d81586dd79adf34393bb36d194331369edf54f993861987461
7/19/2015 9:00:00 PM,30.0,,880.0,,,329,2015-07-19T21:00:00.000000Z,MWC_ETP_MELBOURNE,inlet,DATASET_02_MELBOURNE_ETP_INLET,observed,SHA256:1e60bff7f04397d81586dd79adf34393bb36d194331369edf54f993861987461
7/20/2015 9:00:00 PM,36.0,450.0,960.0,0.01,58.0,330,2015-07-20T21:00:00.000000Z,MWC_ETP_MELBOURNE,inlet,DATASET_02_MELBOURNE_ETP_INLET,observed,SHA256:1e60bff7f04397d81586dd79adf34393bb36d194331369edf54f993861987461
7/21/2015 9:00:00 PM,41.0,,995.0,,,331,2015-07-21T21:00:00.000000Z,MWC_ETP_MELBOURNE,inlet,DATASET_02_MELBOURNE_ETP_INLET,observed,SHA256:1e60bff7f04397d81586dd79adf34393bb36d194331369edf54f993861987461
7/22/2015 9:00:00 PM,48.0,,960.0,,,332,2015-07-22T21:00:00.000000Z,MWC_ETP_MELBOURNE,inlet,DATASET_02_MELBOURNE_ETP_INLET,observed,SHA256:1e60bff7f04397d81586dd79adf34393bb36d194331369edf54f993861987461
7/23/2015 9:00:00 PM,37.0,,978.0,,,333,2015-07-23T21:00:00.000000Z,MWC_ETP_MELBOURNE,inlet,DATASET_02_MELBOURNE_ETP_INLET,observed,SHA256:1e60bff7f04397d81586dd79adf34393bb36d194331369edf54f993861987461
7/26/2015 9:00:00 PM,30.0,300.0,760.0,,,334,2015-07-26T21:00:00.000000Z,MWC_ETP_MELBOURNE,inlet,DATASET_02_MELBOURNE_ETP_INLET,observed,SHA256:1e60bff7f04397d81586dd79adf34393bb36d194331369edf54f993861987461
7/27/2015 9:00:00 PM,36.0,,830.0,,,335,2015-07-27T21:00:00.000000Z,MWC_ETP_MELBOURNE,inlet,DATASET_02_MELBOURNE_ETP_INLET,observed,SHA256:1e60bff7f04397d81586dd79adf34393bb36d194331369edf54f993861987461
7/28/2015 9:00:00 PM,26.0,,1180.0,,,336,2015-07-28T21:00:00.000000Z,MWC_ETP_MELBOURNE,inlet,DATASET_02_MELBOURNE_ETP_INLET,observed,SHA256:1e60bff7f04397d81586dd79adf34393bb36d194331369edf54f993861987461
7/29/2015 9:00:00 PM,26.0,,977.0,,,337,2015-07-29T21:00:00.000000Z,MWC_ETP_MELBOURNE,inlet,DATASET_02_MELBOURNE_ETP_INLET,observed,SHA256:1e60bff7f04397d81586dd79adf34393bb36d194331369edf54f993861987461
7/30/2015 9:00:00 PM,40.0,,990.0,,,338,2015-07-30T21:00:00.000000Z,MWC_ETP_MELBOURNE,inlet,DATASET_02_MELBOURNE_ETP_INLET,observed,SHA256:1e60bff7f04397d81586dd79adf34393bb36d194331369edf54f993861987461
8/2/2015 9:00:00 PM,41.0,,850.0,,,339,2015-08-02T21:00:00.000000Z,MWC_ETP_MELBOURNE,inlet,DATASET_02_MELBOURNE_ETP_INLET,observed,SHA256:1e60bff7f04397d81586dd79adf34393bb36d194331369edf54f993861987461
8/3/2015 9:00:00 PM,32.0,340.0,1050.0,0.01,51.0,340,2015-08-03T21:00:00.000000Z,MWC_ETP_MELBOURNE,inlet,DATASET_02_MELBOURNE_ETP_INLET,observed,SHA256:1e60bff7f04397d81586dd79adf34393bb36d194331369edf54f993861987461
8/4/2015 9:00:00 PM,36.0,,900.0,,,341,2015-08-04T21:00:00.000000Z,MWC_ETP_MELBOURNE,inlet,DATASET_02_MELBOURNE_ETP_INLET,observed,SHA256:1e60bff7f04397d81586dd79adf34393bb36d194331369edf54f993861987461
4/15/2015 9:00:00 PM,30.0,590.0,900.0,0.01,66.0,342,2015-04-15T21:00:00.000000Z,MWC_ETP_MELBOURNE,inlet,DATASET_02_MELBOURNE_ETP_INLET,observed,SHA256:1e60bff7f04397d81586dd79adf34393bb36d194331369edf54f993861987461
4/16/2015 9:00:00 PM,37.0,,960.0,,,343,2015-04-16T21:00:00.000000Z,MWC_ETP_MELBOURNE,inlet,DATASET_02_MELBOURNE_ETP_INLET,observed,SHA256:1e60bff7f04397d81586dd79adf34393bb36d194331369edf54f993861987461
4/19/2015 9:00:00 PM,29.0,,640.0,,,344,2015-04-19T21:00:00.000000Z,MWC_ETP_MELBOURNE,inlet,DATASET_02_MELBOURNE_ETP_INLET,observed,SHA256:1e60bff7f04397d81586dd79adf34393bb36d194331369edf54f993861987461
4/20/2015 9:00:00 PM,43.0,,960.0,,,345,2015-04-20T21:00:00.000000Z,MWC_ETP_MELBOURNE,inlet,DATASET_02_MELBOURNE_ETP_INLET,observed,SHA256:1e60bff7f04397d81586dd79adf34393bb36d194331369edf54f993861987461
4/21/2015 9:00:00 PM,34.0,,790.0,,,346,2015-04-21T21:00:00.000000Z,MWC_ETP_MELBOURNE,inlet,DATASET_02_MELBOURNE_ETP_INLET,observed,SHA256:1e60bff7f04397d81586dd79adf34393bb36d194331369edf54f993861987461
4/22/2015 9:00:00 PM,29.0,,685.0,,,347,2015-04-22T21:00:00.000000Z,MWC_ETP_MELBOURNE,inlet,DATASET_02_MELBOURNE_ETP_INLET,observed,SHA256:1e60bff7f04397d81586dd79adf34393bb36d194331369edf54f993861987461
4/23/2015 9:00:00 PM,29.0,510.0,970.0,,,348,2015-04-23T21:00:00.000000Z,MWC_ETP_MELBOURNE,inlet,DATASET_02_MELBOURNE_ETP_INLET,observed,SHA256:1e60bff7f04397d81586dd79adf34393bb36d194331369edf54f993861987461
4/26/2015 9:00:00 PM,26.0,,775.0,,,349,2015-04-26T21:00:00.000000Z,MWC_ETP_MELBOURNE,inlet,DATASET_02_MELBOURNE_ETP_INLET,observed,SHA256:1e60bff7f04397d81586dd79adf34393bb36d194331369edf54f993861987461
4/27/2015 9:00:00 PM,34.0,,970.0,,,350,2015-04-27T21:00:00.000000Z,MWC_ETP_MELBOURNE,inlet,DATASET_02_MELBOURNE_ETP_INLET,observed,SHA256:1e60bff7f04397d81586dd79adf34393bb36d194331369edf54f993861987461
4/28/2015 9:00:00 PM,35.0,,735.0,,,351,2015-04-28T21:00:00.000000Z,MWC_ETP_MELBOURNE,inlet,DATASET_02_MELBOURNE_ETP_INLET,observed,SHA256:1e60bff7f04397d81586dd79adf34393bb36d194331369edf54f993861987461
4/29/2015 9:00:00 PM,42.0,520.0,945.0,0.01,62.0,352,2015-04-29T21:00:00.000000Z,MWC_ETP_MELBOURNE,inlet,DATASET_02_MELBOURNE_ETP_INLET,observed,SHA256:1e60bff7f04397d81586dd79adf34393bb36d194331369edf54f993861987461
4/30/2015 9:00:00 PM,42.0,,920.0,,,353,2015-04-30T21:00:00.000000Z,MWC_ETP_MELBOURNE,inlet,DATASET_02_MELBOURNE_ETP_INLET,observed,SHA256:1e60bff7f04397d81586dd79adf34393bb36d194331369edf54f993861987461
5/3/2015 9:00:00 PM,35.0,,735.0,,,354,2015-05-03T21:00:00.000000Z,MWC_ETP_MELBOURNE,inlet,DATASET_02_MELBOURNE_ETP_INLET,observed,SHA256:1e60bff7f04397d81586dd79adf34393bb36d194331369edf54f993861987461
5/4/2015 9:00:00 PM,33.0,,740.0,,,355,2015-05-04T21:00:00.000000Z,MWC_ETP_MELBOURNE,inlet,DATASET_02_MELBOURNE_ETP_INLET,observed,SHA256:1e60bff7f04397d81586dd79adf34393bb36d194331369edf54f993861987461
5/5/2015 9:00:00 PM,34.0,,860.0,,,356,2015-05-05T21:00:00.000000Z,MWC_ETP_MELBOURNE,inlet,DATASET_02_MELBOURNE_ETP_INLET,observed,SHA256:1e60bff7f04397d81586dd79adf34393bb36d194331369edf54f993861987461
5/6/2015 9:00:00 PM,49.0,,920.0,,,357,2015-05-06T21:00:00.000000Z,MWC_ETP_MELBOURNE,inlet,DATASET_02_MELBOURNE_ETP_INLET,observed,SHA256:1e60bff7f04397d81586dd79adf34393bb36d194331369edf54f993861987461
5/7/2015 9:00:00 PM,34.0,530.0,940.0,,,358,2015-05-07T21:00:00.000000Z,MWC_ETP_MELBOURNE,inlet,DATASET_02_MELBOURNE_ETP_INLET,observed,SHA256:1e60bff7f04397d81586dd79adf34393bb36d194331369edf54f993861987461
5/10/2015 9:00:00 PM,35.0,,610.0,,,359,2015-05-10T21:00:00.000000Z,MWC_ETP_MELBOURNE,inlet,DATASET_02_MELBOURNE_ETP_INLET,observed,SHA256:1e60bff7f04397d81586dd79adf34393bb36d194331369edf54f993861987461
5/11/2015 9:00:00 PM,35.0,,745.0,,,360,2015-05-11T21:00:00.000000Z,MWC_ETP_MELBOURNE,inlet,DATASET_02_MELBOURNE_ETP_INLET,observed,SHA256:1e60bff7f04397d81586dd79adf34393bb36d194331369edf54f993861987461
5/12/2015 9:00:00 PM,33.0,,760.0,,,361,2015-05-12T21:00:00.000000Z,MWC_ETP_MELBOURNE,inlet,DATASET_02_MELBOURNE_ETP_INLET,observed,SHA256:1e60bff7f04397d81586dd79adf34393bb36d194331369edf54f993861987461
5/13/2015 9:00:00 PM,25.0,290.0,570.0,0.31,40.0,362,2015-05-13T21:00:00.000000Z,MWC_ETP_MELBOURNE,inlet,DATASET_02_MELBOURNE_ETP_INLET,observed,SHA256:1e60bff7f04397d81586dd79adf34393bb36d194331369edf54f993861987461
5/14/2015 9:00:00 PM,30.0,,650.0,,,363,2015-05-14T21:00:00.000000Z,MWC_ETP_MELBOURNE,inlet,DATASET_02_MELBOURNE_ETP_INLET,observed,SHA256:1e60bff7f04397d81586dd79adf34393bb36d194331369edf54f993861987461
5/17/2015 9:00:00 PM,26.0,,590.0,,,364,2015-05-17T21:00:00.000000Z,MWC_ETP_MELBOURNE,inlet,DATASET_02_MELBOURNE_ETP_INLET,observed,SHA256:1e60bff7f04397d81586dd79adf34393bb36d194331369edf54f993861987461
5/18/2015 9:00:00 PM,33.0,,675.0,,,365,2015-05-18T21:00:00.000000Z,MWC_ETP_MELBOURNE,inlet,DATASET_02_MELBOURNE_ETP_INLET,observed,SHA256:1e60bff7f04397d81586dd79adf34393bb36d194331369edf54f993861987461
5/19/2015 9:00:00 PM,36.0,370.0,750.0,,,366,2015-05-19T21:00:00.000000Z,MWC_ETP_MELBOURNE,inlet,DATASET_02_MELBOURNE_ETP_INLET,observed,SHA256:1e60bff7f04397d81586dd79adf34393bb36d194331369edf54f993861987461
5/20/2015 9:00:00 PM,34.0,,760.0,,,367,2015-05-20T21:00:00.000000Z,MWC_ETP_MELBOURNE,inlet,DATASET_02_MELBOURNE_ETP_INLET,observed,SHA256:1e60bff7f04397d81586dd79adf34393bb36d194331369edf54f993861987461
5/21/2015 9:00:00 PM,27.0,,595.0,,,368,2015-05-21T21:00:00.000000Z,MWC_ETP_MELBOURNE,inlet,DATASET_02_MELBOURNE_ETP_INLET,observed,SHA256:1e60bff7f04397d81586dd79adf34393bb36d194331369edf54f993861987461
5/24/2015 9:00:00 PM,33.0,,765.0,,,369,2015-05-24T21:00:00.000000Z,MWC_ETP_MELBOURNE,inlet,DATASET_02_MELBOURNE_ETP_INLET,observed,SHA256:1e60bff7f04397d81586dd79adf34393bb36d194331369edf54f993861987461
5/25/2015 9:00:00 PM,36.0,440.0,975.0,0.01,68.0,370,2015-05-25T21:00:00.000000Z,MWC_ETP_MELBOURNE,inlet,DATASET_02_MELBOURNE_ETP_INLET,observed,SHA256:1e60bff7f04397d81586dd79adf34393bb36d194331369edf54f993861987461
5/26/2015 9:00:00 PM,31.0,,820.0,,,371,2015-05-26T21:00:00.000000Z,MWC_ETP_MELBOURNE,inlet,DATASET_02_MELBOURNE_ETP_INLET,observed,SHA256:1e60bff7f04397d81586dd79adf34393bb36d194331369edf54f993861987461
1/30/2014 8:00:00 PM,38.0,380.0,840.0,,,372,2014-01-30T20:00:00.000000Z,MWC_ETP_MELBOURNE,inlet,DATASET_02_MELBOURNE_ETP_INLET,observed,SHA256:1e60bff7f04397d81586dd79adf34393bb36d194331369edf54f993861987461
2/2/2014 8:00:00 PM,43.0,,688.0,,,373,2014-02-02T20:00:00.000000Z,MWC_ETP_MELBOURNE,inlet,DATASET_02_MELBOURNE_ETP_INLET,observed,SHA256:1e60bff7f04397d81586dd79adf34393bb36d194331369edf54f993861987461
2/3/2014 8:00:00 PM,44.0,,781.0,,,374,2014-02-03T20:00:00.000000Z,MWC_ETP_MELBOURNE,inlet,DATASET_02_MELBOURNE_ETP_INLET,observed,SHA256:1e60bff7f04397d81586dd79adf34393bb36d194331369edf54f993861987461
2/4/2014 8:00:00 PM,35.0,,783.0,,,375,2014-02-04T20:00:00.000000Z,MWC_ETP_MELBOURNE,inlet,DATASET_02_MELBOURNE_ETP_INLET,observed,SHA256:1e60bff7f04397d81586dd79adf34393bb36d194331369edf54f993861987461
2/5/2014 8:00:00 PM,48.0,270.0,740.0,0.01,55.0,376,2014-02-05T20:00:00.000000Z,MWC_ETP_MELBOURNE,inlet,DATASET_02_MELBOURNE_ETP_INLET,observed,SHA256:1e60bff7f04397d81586dd79adf34393bb36d194331369edf54f993861987461
2/6/2014 8:00:00 PM,46.0,,770.0,,,377,2014-02-06T20:00:00.000000Z,MWC_ETP_MELBOURNE,inlet,DATASET_02_MELBOURNE_ETP_INLET,observed,SHA256:1e60bff7f04397d81586dd79adf34393bb36d194331369edf54f993861987461
2/9/2014 8:00:00 PM,41.0,,755.0,,,378,2014-02-09T20:00:00.000000Z,MWC_ETP_MELBOURNE,inlet,DATASET_02_MELBOURNE_ETP_INLET,observed,SHA256:1e60bff7f04397d81586dd79adf34393bb36d194331369edf54f993861987461
2/10/2014 8:00:00 PM,34.0,,871.0,,,379,2014-02-10T20:00:00.000000Z,MWC_ETP_MELBOURNE,inlet,DATASET_02_MELBOURNE_ETP_INLET,observed,SHA256:1e60bff7f04397d81586dd79adf34393bb36d194331369edf54f993861987461
2/11/2014 8:00:00 PM,36.0,320.0,871.0,,,380,2014-02-11T20:00:00.000000Z,MWC_ETP_MELBOURNE,inlet,DATASET_02_MELBOURNE_ETP_INLET,observed,SHA256:1e60bff7f04397d81586dd79adf34393bb36d194331369edf54f993861987461
2/12/2014 8:00:00 PM,35.0,,841.0,,,381,2014-02-12T20:00:00.000000Z,MWC_ETP_MELBOURNE,inlet,DATASET_02_MELBOURNE_ETP_INLET,observed,SHA256:1e60bff7f04397d81586dd79adf34393bb36d194331369edf54f993861987461
2/13/2014 8:00:00 PM,37.0,,833.0,,,382,2014-02-13T20:00:00.000000Z,MWC_ETP_MELBOURNE,inlet,DATASET_02_MELBOURNE_ETP_INLET,observed,SHA256:1e60bff7f04397d81586dd79adf34393bb36d194331369edf54f993861987461
2/16/2014 8:00:00 PM,37.0,,715.0,,,383,2014-02-16T20:00:00.000000Z,MWC_ETP_MELBOURNE,inlet,DATASET_02_MELBOURNE_ETP_INLET,observed,SHA256:1e60bff7f04397d81586dd79adf34393bb36d194331369edf54f993861987461
2/17/2014 8:00:00 PM,33.0,330.0,828.0,0.01,58.0,384,2014-02-17T20:00:00.000000Z,MWC_ETP_MELBOURNE,inlet,DATASET_02_MELBOURNE_ETP_INLET,observed,SHA256:1e60bff7f04397d81586dd79adf34393bb36d194331369edf54f993861987461
2/18/2014 8:00:00 PM,37.0,,907.0,,,385,2014-02-18T20:00:00.000000Z,MWC_ETP_MELBOURNE,inlet,DATASET_02_MELBOURNE_ETP_INLET,observed,SHA256:1e60bff7f04397d81586dd79adf34393bb36d194331369edf54f993861987461
2/19/2014 8:00:00 PM,37.0,,811.0,,,386,2014-02-19T20:00:00.000000Z,MWC_ETP_MELBOURNE,inlet,DATASET_02_MELBOURNE_ETP_INLET,observed,SHA256:1e60bff7f04397d81586dd79adf34393bb36d194331369edf54f993861987461
2/20/2014 8:00:00 PM,30.0,,809.0,,,387,2014-02-20T20:00:00.000000Z,MWC_ETP_MELBOURNE,inlet,DATASET_02_MELBOURNE_ETP_INLET,observed,SHA256:1e60bff7f04397d81586dd79adf34393bb36d194331369edf54f993861987461
2/23/2014 8:00:00 PM,30.0,280.0,949.0,,,388,2014-02-23T20:00:00.000000Z,MWC_ETP_MELBOURNE,inlet,DATASET_02_MELBOURNE_ETP_INLET,observed,SHA256:1e60bff7f04397d81586dd79adf34393bb36d194331369edf54f993861987461
2/24/2014 8:00:00 PM,37.0,,843.0,,,389,2014-02-24T20:00:00.000000Z,MWC_ETP_MELBOURNE,inlet,DATASET_02_MELBOURNE_ETP_INLET,observed,SHA256:1e60bff7f04397d81586dd79adf34393bb36d194331369edf54f993861987461
2/25/2014 8:00:00 PM,37.0,,944.0,,,390,2014-02-25T20:00:00.000000Z,MWC_ETP_MELBOURNE,inlet,DATASET_02_MELBOURNE_ETP_INLET,observed,SHA256:1e60bff7f04397d81586dd79adf34393bb36d194331369edf54f993861987461
2/26/2014 8:00:00 PM,44.0,,979.0,,,391,2014-02-26T20:00:00.000000Z,MWC_ETP_MELBOURNE,inlet,DATASET_02_MELBOURNE_ETP_INLET,observed,SHA256:1e60bff7f04397d81586dd79adf34393bb36d194331369edf54f993861987461
2/27/2014 8:00:00 PM,41.0,,869.0,,,392,2014-02-27T20:00:00.000000Z,MWC_ETP_MELBOURNE,inlet,DATASET_02_MELBOURNE_ETP_INLET,observed,SHA256:1e60bff7f04397d81586dd79adf34393bb36d194331369edf54f993861987461
3/2/2014 8:00:00 PM,42.0,,702.0,,,393,2014-03-02T20:00:00.000000Z,MWC_ETP_MELBOURNE,inlet,DATASET_02_MELBOURNE_ETP_INLET,observed,SHA256:1e60bff7f04397d81586dd79adf34393bb36d194331369edf54f993861987461
3/3/2014 8:00:00 PM,37.0,320.0,870.0,0.01,66.0,394,2014-03-03T20:00:00.000000Z,MWC_ETP_MELBOURNE,inlet,DATASET_02_MELBOURNE_ETP_INLET,observed,SHA256:1e60bff7f04397d81586dd79adf34393bb36d194331369edf54f993861987461
3/4/2014 8:00:00 PM,34.0,,874.0,,,395,2014-03-04T20:00:00.000000Z,MWC_ETP_MELBOURNE,inlet,DATASET_02_MELBOURNE_ETP_INLET,observed,SHA256:1e60bff7f04397d81586dd79adf34393bb36d194331369edf54f993861987461
3/5/2014 8:00:00 PM,33.0,,801.0,,,396,2014-03-05T20:00:00.000000Z,MWC_ETP_MELBOURNE,inlet,DATASET_02_MELBOURNE_ETP_INLET,observed,SHA256:1e60bff7f04397d81586dd79adf34393bb36d194331369edf54f993861987461
3/6/2014 8:00:00 PM,39.0,,955.0,,,397,2014-03-06T20:00:00.000000Z,MWC_ETP_MELBOURNE,inlet,DATASET_02_MELBOURNE_ETP_INLET,observed,SHA256:1e60bff7f04397d81586dd79adf34393bb36d194331369edf54f993861987461
3/7/2014 8:00:00 PM,39.0,,868.0,,,398,2014-03-07T20:00:00.000000Z,MWC_ETP_MELBOURNE,inlet,DATASET_02_MELBOURNE_ETP_INLET,observed,SHA256:1e60bff7f04397d81586dd79adf34393bb36d194331369edf54f993861987461
3/10/2014 8:00:00 PM,39.0,,820.0,,,399,2014-03-10T20:00:00.000000Z,MWC_ETP_MELBOURNE,inlet,DATASET_02_MELBOURNE_ETP_INLET,observed,SHA256:1e60bff7f04397d81586dd79adf34393bb36d194331369edf54f993861987461
3/11/2014 8:00:00 PM,48.0,360.0,840.0,,,400,2014-03-11T20:00:00.000000Z,MWC_ETP_MELBOURNE,inlet,DATASET_02_MELBOURNE_ETP_INLET,observed,SHA256:1e60bff7f04397d81586dd79adf34393bb36d194331369edf54f993861987461
12/28/2015 8:00:00 PM,44.0,280.0,660.0,,,401,2015-12-28T20:00:00.000000Z,MWC_ETP_MELBOURNE,inlet,DATASET_02_MELBOURNE_ETP_INLET,observed,SHA256:1e60bff7f04397d81586dd79adf34393bb36d194331369edf54f993861987461
12/29/2015 8:00:00 PM,37.0,320.0,690.0,,,402,2015-12-29T20:00:00.000000Z,MWC_ETP_MELBOURNE,inlet,DATASET_02_MELBOURNE_ETP_INLET,observed,SHA256:1e60bff7f04397d81586dd79adf34393bb36d194331369edf54f993861987461
12/30/2015 8:00:00 PM,35.0,360.0,860.0,,,403,2015-12-30T20:00:00.000000Z,MWC_ETP_MELBOURNE,inlet,DATASET_02_MELBOURNE_ETP_INLET,observed,SHA256:1e60bff7f04397d81586dd79adf34393bb36d194331369edf54f993861987461
1/1/2016 8:00:00 PM,50.0,,,,,404,2016-01-01T20:00:00.000000Z,MWC_ETP_MELBOURNE,inlet,DATASET_02_MELBOURNE_ETP_INLET,observed,SHA256:1e60bff7f04397d81586dd79adf34393bb36d194331369edf54f993861987461
1/3/2016 8:00:00 PM,54.0,280.0,730.0,,,405,2016-01-03T20:00:00.000000Z,MWC_ETP_MELBOURNE,inlet,DATASET_02_MELBOURNE_ETP_INLET,observed,SHA256:1e60bff7f04397d81586dd79adf34393bb36d194331369edf54f993861987461
1/4/2016 8:00:00 PM,51.0,320.0,800.0,,,406,2016-01-04T20:00:00.000000Z,MWC_ETP_MELBOURNE,inlet,DATASET_02_MELBOURNE_ETP_INLET,observed,SHA256:1e60bff7f04397d81586dd79adf34393bb36d194331369edf54f993861987461
1/5/2016 8:00:00 PM,49.0,340.0,840.0,0.01,57.0,407,2016-01-05T20:00:00.000000Z,MWC_ETP_MELBOURNE,inlet,DATASET_02_MELBOURNE_ETP_INLET,observed,SHA256:1e60bff7f04397d81586dd79adf34393bb36d194331369edf54f993861987461
1/6/2016 8:00:00 PM,43.0,630.0,970.0,,,408,2016-01-06T20:00:00.000000Z,MWC_ETP_MELBOURNE,inlet,DATASET_02_MELBOURNE_ETP_INLET,observed,SHA256:1e60bff7f04397d81586dd79adf34393bb36d194331369edf54f993861987461
1/7/2016 8:00:00 PM,50.0,570.0,910.0,,,409,2016-01-07T20:00:00.000000Z,MWC_ETP_MELBOURNE,inlet,DATASET_02_MELBOURNE_ETP_INLET,observed,SHA256:1e60bff7f04397d81586dd79adf34393bb36d194331369edf54f993861987461
1/10/2016 8:00:00 PM,44.0,280.0,700.0,,,410,2016-01-10T20:00:00.000000Z,MWC_ETP_MELBOURNE,inlet,DATASET_02_MELBOURNE_ETP_INLET,observed,SHA256:1e60bff7f04397d81586dd79adf34393bb36d194331369edf54f993861987461
1/11/2016 8:00:00 PM,49.0,320.0,970.0,,,411,2016-01-11T20:00:00.000000Z,MWC_ETP_MELBOURNE,inlet,DATASET_02_MELBOURNE_ETP_INLET,observed,SHA256:1e60bff7f04397d81586dd79adf34393bb36d194331369edf54f993861987461
1/12/2016 8:00:00 PM,46.0,360.0,880.0,,,412,2016-01-12T20:00:00.000000Z,MWC_ETP_MELBOURNE,inlet,DATASET_02_MELBOURNE_ETP_INLET,observed,SHA256:1e60bff7f04397d81586dd79adf34393bb36d194331369edf54f993861987461
1/13/2016 8:00:00 PM,43.0,360.0,870.0,,,413,2016-01-13T20:00:00.000000Z,MWC_ETP_MELBOURNE,inlet,DATASET_02_MELBOURNE_ETP_INLET,observed,SHA256:1e60bff7f04397d81586dd79adf34393bb36d194331369edf54f993861987461
1/14/2016 8:00:00 PM,43.0,550.0,1000.0,,,414,2016-01-14T20:00:00.000000Z,MWC_ETP_MELBOURNE,inlet,DATASET_02_MELBOURNE_ETP_INLET,observed,SHA256:1e60bff7f04397d81586dd79adf34393bb36d194331369edf54f993861987461
1/17/2016 8:00:00 PM,46.0,320.0,760.0,,,415,2016-01-17T20:00:00.000000Z,MWC_ETP_MELBOURNE,inlet,DATASET_02_MELBOURNE_ETP_INLET,observed,SHA256:1e60bff7f04397d81586dd79adf34393bb36d194331369edf54f993861987461
10/14/2015 8:00:00 PM,44.0,430.0,582.0,0.01,68.0,416,2015-10-14T20:00:00.000000Z,MWC_ETP_MELBOURNE,inlet,DATASET_02_MELBOURNE_ETP_INLET,observed,SHA256:1e60bff7f04397d81586dd79adf34393bb36d194331369edf54f993861987461
1/18/2016 8:00:00 PM,36.0,370.0,900.0,,,417,2016-01-18T20:00:00.000000Z,MWC_ETP_MELBOURNE,inlet,DATASET_02_MELBOURNE_ETP_INLET,observed,SHA256:1e60bff7f04397d81586dd79adf34393bb36d194331369edf54f993861987461
1/19/2016 8:00:00 PM,38.0,410.0,1000.0,,,418,2016-01-19T20:00:00.000000Z,MWC_ETP_MELBOURNE,inlet,DATASET_02_MELBOURNE_ETP_INLET,observed,SHA256:1e60bff7f04397d81586dd79adf34393bb36d194331369edf54f993861987461
1/20/2016 8:00:00 PM,36.0,380.0,750.0,,,419,2016-01-20T20:00:00.000000Z,MWC_ETP_MELBOURNE,inlet,DATASET_02_MELBOURNE_ETP_INLET,observed,SHA256:1e60bff7f04397d81586dd79adf34393bb36d194331369edf54f993861987461
1/21/2016 8:00:00 PM,36.0,420.0,1000.0,0.01,70.0,420,2016-01-21T20:00:00.000000Z,MWC_ETP_MELBOURNE,inlet,DATASET_02_MELBOURNE_ETP_INLET,observed,SHA256:1e60bff7f04397d81586dd79adf34393bb36d194331369edf54f993861987461
1/24/2016 8:00:00 PM,52.0,510.0,830.0,,,421,2016-01-24T20:00:00.000000Z,MWC_ETP_MELBOURNE,inlet,DATASET_02_MELBOURNE_ETP_INLET,observed,SHA256:1e60bff7f04397d81586dd79adf34393bb36d194331369edf54f993861987461
1/26/2016 8:00:00 PM,49.0,310.0,850.0,,,422,2016-01-26T20:00:00.000000Z,MWC_ETP_MELBOURNE,inlet,DATASET_02_MELBOURNE_ETP_INLET,observed,SHA256:1e60bff7f04397d81586dd79adf34393bb36d194331369edf54f993861987461
1/27/2016 8:00:00 PM,45.0,650.0,950.0,,,423,2016-01-27T20:00:00.000000Z,MWC_ETP_MELBOURNE,inlet,DATASET_02_MELBOURNE_ETP_INLET,observed,SHA256:1e60bff7f04397d81586dd79adf34393bb36d194331369edf54f993861987461
1/28/2016 8:00:00 PM,51.0,460.0,780.0,,,424,2016-01-28T20:00:00.000000Z,MWC_ETP_MELBOURNE,inlet,DATASET_02_MELBOURNE_ETP_INLET,observed,SHA256:1e60bff7f04397d81586dd79adf34393bb36d194331369edf54f993861987461
1/31/2016 8:00:00 PM,49.0,320.0,590.0,,,425,2016-01-31T20:00:00.000000Z,MWC_ETP_MELBOURNE,inlet,DATASET_02_MELBOURNE_ETP_INLET,observed,SHA256:1e60bff7f04397d81586dd79adf34393bb36d194331369edf54f993861987461
2/1/2016 8:00:00 PM,50.0,320.0,680.0,,,426,2016-02-01T20:00:00.000000Z,MWC_ETP_MELBOURNE,inlet,DATASET_02_MELBOURNE_ETP_INLET,observed,SHA256:1e60bff7f04397d81586dd79adf34393bb36d194331369edf54f993861987461
2/2/2016 8:00:00 PM,50.0,350.0,930.0,0.01,66.0,427,2016-02-02T20:00:00.000000Z,MWC_ETP_MELBOURNE,inlet,DATASET_02_MELBOURNE_ETP_INLET,observed,SHA256:1e60bff7f04397d81586dd79adf34393bb36d194331369edf54f993861987461
2/3/2016 8:00:00 PM,40.0,300.0,740.0,,,428,2016-02-03T20:00:00.000000Z,MWC_ETP_MELBOURNE,inlet,DATASET_02_MELBOURNE_ETP_INLET,observed,SHA256:1e60bff7f04397d81586dd79adf34393bb36d194331369edf54f993861987461
2/4/2016 8:00:00 PM,41.0,370.0,760.0,,,429,2016-02-04T20:00:00.000000Z,MWC_ETP_MELBOURNE,inlet,DATASET_02_MELBOURNE_ETP_INLET,observed,SHA256:1e60bff7f04397d81586dd79adf34393bb36d194331369edf54f993861987461
2/7/2016 8:00:00 PM,36.0,300.0,680.0,,,430,2016-02-07T20:00:00.000000Z,MWC_ETP_MELBOURNE,inlet,DATASET_02_MELBOURNE_ETP_INLET,observed,SHA256:1e60bff7f04397d81586dd79adf34393bb36d194331369edf54f993861987461
2/8/2016 8:00:00 PM,45.0,430.0,840.0,,,431,2016-02-08T20:00:00.000000Z,MWC_ETP_MELBOURNE,inlet,DATASET_02_MELBOURNE_ETP_INLET,observed,SHA256:1e60bff7f04397d81586dd79adf34393bb36d194331369edf54f993861987461
2/9/2016 8:00:00 PM,46.0,450.0,810.0,,,432,2016-02-09T20:00:00.000000Z,MWC_ETP_MELBOURNE,inlet,DATASET_02_MELBOURNE_ETP_INLET,observed,SHA256:1e60bff7f04397d81586dd79adf34393bb36d194331369edf54f993861987461
2/10/2016 8:00:00 PM,36.0,560.0,820.0,,,433,2016-02-10T20:00:00.000000Z,MWC_ETP_MELBOURNE,inlet,DATASET_02_MELBOURNE_ETP_INLET,observed,SHA256:1e60bff7f04397d81586dd79adf34393bb36d194331369edf54f993861987461
2/11/2016 8:00:00 PM,50.0,540.0,1100.0,,,434,2016-02-11T20:00:00.000000Z,MWC_ETP_MELBOURNE,inlet,DATASET_02_MELBOURNE_ETP_INLET,observed,SHA256:1e60bff7f04397d81586dd79adf34393bb36d194331369edf54f993861987461
2/14/2016 8:00:00 PM,38.0,360.0,770.0,0.02,67.0,435,2016-02-14T20:00:00.000000Z,MWC_ETP_MELBOURNE,inlet,DATASET_02_MELBOURNE_ETP_INLET,observed,SHA256:1e60bff7f04397d81586dd79adf34393bb36d194331369edf54f993861987461
2/15/2016 8:00:00 PM,33.0,340.0,660.0,,,436,2016-02-15T20:00:00.000000Z,MWC_ETP_MELBOURNE,inlet,DATASET_02_MELBOURNE_ETP_INLET,observed,SHA256:1e60bff7f04397d81586dd79adf34393bb36d194331369edf54f993861987461
2/16/2016 8:00:00 PM,30.0,370.0,700.0,,,437,2016-02-16T20:00:00.000000Z,MWC_ETP_MELBOURNE,inlet,DATASET_02_MELBOURNE_ETP_INLET,observed,SHA256:1e60bff7f04397d81586dd79adf34393bb36d194331369edf54f993861987461
2/17/2016 8:00:00 PM,20.0,400.0,730.0,,,438,2016-02-17T20:00:00.000000Z,MWC_ETP_MELBOURNE,inlet,DATASET_02_MELBOURNE_ETP_INLET,observed,SHA256:1e60bff7f04397d81586dd79adf34393bb36d194331369edf54f993861987461
2/18/2016 8:00:00 PM,32.0,350.0,810.0,,,439,2016-02-18T20:00:00.000000Z,MWC_ETP_MELBOURNE,inlet,DATASET_02_MELBOURNE_ETP_INLET,observed,SHA256:1e60bff7f04397d81586dd79adf34393bb36d194331369edf54f993861987461
2/21/2016 8:00:00 PM,21.0,300.0,660.0,,,440,2016-02-21T20:00:00.000000Z,MWC_ETP_MELBOURNE,inlet,DATASET_02_MELBOURNE_ETP_INLET,observed,SHA256:1e60bff7f04397d81586dd79adf34393bb36d194331369edf54f993861987461
2/22/2016 8:00:00 PM,50.0,230.0,730.0,,,441,2016-02-22T20:00:00.000000Z,MWC_ETP_MELBOURNE,inlet,DATASET_02_MELBOURNE_ETP_INLET,observed,SHA256:1e60bff7f04397d81586dd79adf34393bb36d194331369edf54f993861987461
2/23/2016 8:00:00 PM,46.0,360.0,840.0,,,442,2016-02-23T20:00:00.000000Z,MWC_ETP_MELBOURNE,inlet,DATASET_02_MELBOURNE_ETP_INLET,observed,SHA256:1e60bff7f04397d81586dd79adf34393bb36d194331369edf54f993861987461
2/24/2016 8:00:00 PM,32.0,580.0,750.0,,,443,2016-02-24T20:00:00.000000Z,MWC_ETP_MELBOURNE,inlet,DATASET_02_MELBOURNE_ETP_INLET,observed,SHA256:1e60bff7f04397d81586dd79adf34393bb36d194331369edf54f993861987461
2/25/2016 8:00:00 PM,42.0,560.0,840.0,,,444,2016-02-25T20:00:00.000000Z,MWC_ETP_MELBOURNE,inlet,DATASET_02_MELBOURNE_ETP_INLET,observed,SHA256:1e60bff7f04397d81586dd79adf34393bb36d194331369edf54f993861987461
2/28/2016 8:00:00 PM,50.0,330.0,1000.0,,,445,2016-02-28T20:00:00.000000Z,MWC_ETP_MELBOURNE,inlet,DATASET_02_MELBOURNE_ETP_INLET,observed,SHA256:1e60bff7f04397d81586dd79adf34393bb36d194331369edf54f993861987461
2/29/2016 8:00:00 PM,50.0,360.0,710.0,,,446,2016-02-29T20:00:00.000000Z,MWC_ETP_MELBOURNE,inlet,DATASET_02_MELBOURNE_ETP_INLET,observed,SHA256:1e60bff7f04397d81586dd79adf34393bb36d194331369edf54f993861987461
3/1/2016 8:00:00 PM,49.0,490.0,890.0,,,447,2016-03-01T20:00:00.000000Z,MWC_ETP_MELBOURNE,inlet,DATASET_02_MELBOURNE_ETP_INLET,observed,SHA256:1e60bff7f04397d81586dd79adf34393bb36d194331369edf54f993861987461
3/2/2016 8:00:00 PM,49.0,480.0,920.0,0.01,74.0,448,2016-03-02T20:00:00.000000Z,MWC_ETP_MELBOURNE,inlet,DATASET_02_MELBOURNE_ETP_INLET,observed,SHA256:1e60bff7f04397d81586dd79adf34393bb36d194331369edf54f993861987461
3/3/2016 8:00:00 PM,44.0,410.0,520.0,,,449,2016-03-03T20:00:00.000000Z,MWC_ETP_MELBOURNE,inlet,DATASET_02_MELBOURNE_ETP_INLET,observed,SHA256:1e60bff7f04397d81586dd79adf34393bb36d194331369edf54f993861987461
3/6/2016 8:00:00 PM,55.0,340.0,360.0,,,450,2016-03-06T20:00:00.000000Z,MWC_ETP_MELBOURNE,inlet,DATASET_02_MELBOURNE_ETP_INLET,observed,SHA256:1e60bff7f04397d81586dd79adf34393bb36d194331369edf54f993861987461
3/7/2016 8:00:00 PM,49.0,490.0,780.0,,,451,2016-03-07T20:00:00.000000Z,MWC_ETP_MELBOURNE,inlet,DATASET_02_MELBOURNE_ETP_INLET,observed,SHA256:1e60bff7f04397d81586dd79adf34393bb36d194331369edf54f993861987461
10/5/2016 8:00:00 PM,30.0,360.0,650.0,,,452,2016-10-05T20:00:00.000000Z,MWC_ETP_MELBOURNE,inlet,DATASET_02_MELBOURNE_ETP_INLET,observed,SHA256:1e60bff7f04397d81586dd79adf34393bb36d194331369edf54f993861987461
5/18/2016 9:00:00 PM,53.0,720.0,1100.0,,,453,2016-05-18T21:00:00.000000Z,MWC_ETP_MELBOURNE,inlet,DATASET_02_MELBOURNE_ETP_INLET,observed,SHA256:1e60bff7f04397d81586dd79adf34393bb36d194331369edf54f993861987461
7/27/2016 9:00:00 PM,41.0,350.0,660.0,,,454,2016-07-27T21:00:00.000000Z,MWC_ETP_MELBOURNE,inlet,DATASET_02_MELBOURNE_ETP_INLET,observed,SHA256:1e60bff7f04397d81586dd79adf34393bb36d194331369edf54f993861987461
8/5/2015 9:00:00 PM,29.0,,1108.0,,,455,2015-08-05T21:00:00.000000Z,MWC_ETP_MELBOURNE,inlet,DATASET_02_MELBOURNE_ETP_INLET,observed,SHA256:1e60bff7f04397d81586dd79adf34393bb36d194331369edf54f993861987461
3/8/2016 8:00:00 PM,51.0,480.0,710.0,,,456,2016-03-08T20:00:00.000000Z,MWC_ETP_MELBOURNE,inlet,DATASET_02_MELBOURNE_ETP_INLET,observed,SHA256:1e60bff7f04397d81586dd79adf34393bb36d194331369edf54f993861987461
12/14/2016 8:00:00 PM,39.0,310.0,940.0,,,457,2016-12-14T20:00:00.000000Z,MWC_ETP_MELBOURNE,inlet,DATASET_02_MELBOURNE_ETP_INLET,observed,SHA256:1e60bff7f04397d81586dd79adf34393bb36d194331369edf54f993861987461
12/15/2016 8:00:00 PM,40.0,340.0,940.0,,,458,2016-12-15T20:00:00.000000Z,MWC_ETP_MELBOURNE,inlet,DATASET_02_MELBOURNE_ETP_INLET,observed,SHA256:1e60bff7f04397d81586dd79adf34393bb36d194331369edf54f993861987461
8/6/2015 9:00:00 PM,28.0,,800.0,,,459,2015-08-06T21:00:00.000000Z,MWC_ETP_MELBOURNE,inlet,DATASET_02_MELBOURNE_ETP_INLET,observed,SHA256:1e60bff7f04397d81586dd79adf34393bb36d194331369edf54f993861987461
7/28/2016 9:00:00 PM,34.0,560.0,970.0,,,460,2016-07-28T21:00:00.000000Z,MWC_ETP_MELBOURNE,inlet,DATASET_02_MELBOURNE_ETP_INLET,observed,SHA256:1e60bff7f04397d81586dd79adf34393bb36d194331369edf54f993861987461
5/19/2016 9:00:00 PM,50.0,600.0,1000.0,,,461,2016-05-19T21:00:00.000000Z,MWC_ETP_MELBOURNE,inlet,DATASET_02_MELBOURNE_ETP_INLET,observed,SHA256:1e60bff7f04397d81586dd79adf34393bb36d194331369edf54f993861987461
12/18/2016 8:00:00 PM,42.0,340.0,760.0,,,462,2016-12-18T20:00:00.000000Z,MWC_ETP_MELBOURNE,inlet,DATASET_02_MELBOURNE_ETP_INLET,observed,SHA256:1e60bff7f04397d81586dd79adf34393bb36d194331369edf54f993861987461
10/6/2016 8:00:00 PM,27.0,460.0,730.0,,,463,2016-10-06T20:00:00.000000Z,MWC_ETP_MELBOURNE,inlet,DATASET_02_MELBOURNE_ETP_INLET,observed,SHA256:1e60bff7f04397d81586dd79adf34393bb36d194331369edf54f993861987461
10/15/2015 8:00:00 PM,42.0,,508.0,,,464,2015-10-15T20:00:00.000000Z,MWC_ETP_MELBOURNE,inlet,DATASET_02_MELBOURNE_ETP_INLET,observed,SHA256:1e60bff7f04397d81586dd79adf34393bb36d194331369edf54f993861987461
8/9/2015 9:00:00 PM,42.0,,880.0,,,465,2015-08-09T21:00:00.000000Z,MWC_ETP_MELBOURNE,inlet,DATASET_02_MELBOURNE_ETP_INLET,observed,SHA256:1e60bff7f04397d81586dd79adf34393bb36d194331369edf54f993861987461
7/31/2016 9:00:00 PM,38.0,330.0,660.0,,,466,2016-07-31T21:00:00.000000Z,MWC_ETP_MELBOURNE,inlet,DATASET_02_MELBOURNE_ETP_INLET,observed,SHA256:1e60bff7f04397d81586dd79adf34393bb36d194331369edf54f993861987461
5/22/2016 9:00:00 PM,52.0,530.0,910.0,,,467,2016-05-22T21:00:00.000000Z,MWC_ETP_MELBOURNE,inlet,DATASET_02_MELBOURNE_ETP_INLET,observed,SHA256:1e60bff7f04397d81586dd79adf34393bb36d194331369edf54f993861987461
12/19/2016 8:00:00 PM,40.0,370.0,840.0,,,468,2016-12-19T20:00:00.000000Z,MWC_ETP_MELBOURNE,inlet,DATASET_02_MELBOURNE_ETP_INLET,observed,SHA256:1e60bff7f04397d81586dd79adf34393bb36d194331369edf54f993861987461
10/9/2016 8:00:00 PM,34.0,340.0,590.0,,,469,2016-10-09T20:00:00.000000Z,MWC_ETP_MELBOURNE,inlet,DATASET_02_MELBOURNE_ETP_INLET,observed,SHA256:1e60bff7f04397d81586dd79adf34393bb36d194331369edf54f993861987461
10/18/2015 8:00:00 PM,37.0,,830.0,,,470,2015-10-18T20:00:00.000000Z,MWC_ETP_MELBOURNE,inlet,DATASET_02_MELBOURNE_ETP_INLET,observed,SHA256:1e60bff7f04397d81586dd79adf34393bb36d194331369edf54f993861987461
8/10/2015 9:00:00 PM,45.0,,920.0,,,471,2015-08-10T21:00:00.000000Z,MWC_ETP_MELBOURNE,inlet,DATASET_02_MELBOURNE_ETP_INLET,observed,SHA256:1e60bff7f04397d81586dd79adf34393bb36d194331369edf54f993861987461
8/1/2016 9:00:00 PM,20.0,350.0,660.0,,,472,2016-08-01T21:00:00.000000Z,MWC_ETP_MELBOURNE,inlet,DATASET_02_MELBOURNE_ETP_INLET,observed,SHA256:1e60bff7f04397d81586dd79adf34393bb36d194331369edf54f993861987461
5/23/2016 9:00:00 PM,50.0,520.0,970.0,0.02,73.0,473,2016-05-23T21:00:00.000000Z,MWC_ETP_MELBOURNE,inlet,DATASET_02_MELBOURNE_ETP_INLET,observed,SHA256:1e60bff7f04397d81586dd79adf34393bb36d194331369edf54f993861987461
12/20/2016 8:00:00 PM,40.0,420.0,840.0,,,474,2016-12-20T20:00:00.000000Z,MWC_ETP_MELBOURNE,inlet,DATASET_02_MELBOURNE_ETP_INLET,observed,SHA256:1e60bff7f04397d81586dd79adf34393bb36d194331369edf54f993861987461
10/10/2016 8:00:00 PM,26.0,310.0,660.0,,,475,2016-10-10T20:00:00.000000Z,MWC_ETP_MELBOURNE,inlet,DATASET_02_MELBOURNE_ETP_INLET,observed,SHA256:1e60bff7f04397d81586dd79adf34393bb36d194331369edf54f993861987461
10/19/2015 8:00:00 PM,35.0,,855.0,,,476,2015-10-19T20:00:00.000000Z,MWC_ETP_MELBOURNE,inlet,DATASET_02_MELBOURNE_ETP_INLET,observed,SHA256:1e60bff7f04397d81586dd79adf34393bb36d194331369edf54f993861987461
8/11/2015 9:00:00 PM,27.0,360.0,952.0,,,477,2015-08-11T21:00:00.000000Z,MWC_ETP_MELBOURNE,inlet,DATASET_02_MELBOURNE_ETP_INLET,observed,SHA256:1e60bff7f04397d81586dd79adf34393bb36d194331369edf54f993861987461
8/2/2016 9:00:00 PM,29.0,260.0,470.0,,,478,2016-08-02T21:00:00.000000Z,MWC_ETP_MELBOURNE,inlet,DATASET_02_MELBOURNE_ETP_INLET,observed,SHA256:1e60bff7f04397d81586dd79adf34393bb36d194331369edf54f993861987461
5/24/2016 9:00:00 PM,50.0,610.0,970.0,,,479,2016-05-24T21:00:00.000000Z,MWC_ETP_MELBOURNE,inlet,DATASET_02_MELBOURNE_ETP_INLET,observed,SHA256:1e60bff7f04397d81586dd79adf34393bb36d194331369edf54f993861987461
3/9/2016 8:00:00 PM,50.0,450.0,830.0,,,480,2016-03-09T20:00:00.000000Z,MWC_ETP_MELBOURNE,inlet,DATASET_02_MELBOURNE_ETP_INLET,observed,SHA256:1e60bff7f04397d81586dd79adf34393bb36d194331369edf54f993861987461
12/21/2016 8:00:00 PM,42.0,550.0,900.0,,,481,2016-12-21T20:00:00.000000Z,MWC_ETP_MELBOURNE,inlet,DATASET_02_MELBOURNE_ETP_INLET,observed,SHA256:1e60bff7f04397d81586dd79adf34393bb36d194331369edf54f993861987461
10/11/2016 8:00:00 PM,18.0,320.0,560.0,,,482,2016-10-11T20:00:00.000000Z,MWC_ETP_MELBOURNE,inlet,DATASET_02_MELBOURNE_ETP_INLET,observed,SHA256:1e60bff7f04397d81586dd79adf34393bb36d194331369edf54f993861987461
10/20/2015 8:00:00 PM,48.0,420.0,865.0,,,483,2015-10-20T20:00:00.000000Z,MWC_ETP_MELBOURNE,inlet,DATASET_02_MELBOURNE_ETP_INLET,observed,SHA256:1e60bff7f04397d81586dd79adf34393bb36d194331369edf54f993861987461
8/12/2015 9:00:00 PM,23.0,,1000.0,,,484,2015-08-12T21:00:00.000000Z,MWC_ETP_MELBOURNE,inlet,DATASET_02_MELBOURNE_ETP_INLET,observed,SHA256:1e60bff7f04397d81586dd79adf34393bb36d194331369edf54f993861987461
8/3/2016 9:00:00 PM,36.0,290.0,620.0,,,485,2016-08-03T21:00:00.000000Z,MWC_ETP_MELBOURNE,inlet,DATASET_02_MELBOURNE_ETP_INLET,observed,SHA256:1e60bff7f04397d81586dd79adf34393bb36d194331369edf54f993861987461
5/25/2016 9:00:00 PM,44.0,380.0,880.0,,,486,2016-05-25T21:00:00.000000Z,MWC_ETP_MELBOURNE,inlet,DATASET_02_MELBOURNE_ETP_INLET,observed,SHA256:1e60bff7f04397d81586dd79adf34393bb36d194331369edf54f993861987461
3/10/2016 8:00:00 PM,51.0,510.0,840.0,,,487,2016-03-10T20:00:00.000000Z,MWC_ETP_MELBOURNE,inlet,DATASET_02_MELBOURNE_ETP_INLET,observed,SHA256:1e60bff7f04397d81586dd79adf34393bb36d194331369edf54f993861987461
12/22/2016 8:00:00 PM,41.0,320.0,950.0,,,488,2016-12-22T20:00:00.000000Z,MWC_ETP_MELBOURNE,inlet,DATASET_02_MELBOURNE_ETP_INLET,observed,SHA256:1e60bff7f04397d81586dd79adf34393bb36d194331369edf54f993861987461
10/12/2016 8:00:00 PM,34.0,410.0,750.0,,,489,2016-10-12T20:00:00.000000Z,MWC_ETP_MELBOURNE,inlet,DATASET_02_MELBOURNE_ETP_INLET,observed,SHA256:1e60bff7f04397d81586dd79adf34393bb36d194331369edf54f993861987461
10/21/2015 8:00:00 PM,34.0,,940.0,,,490,2015-10-21T20:00:00.000000Z,MWC_ETP_MELBOURNE,inlet,DATASET_02_MELBOURNE_ETP_INLET,observed,SHA256:1e60bff7f04397d81586dd79adf34393bb36d194331369edf54f993861987461
8/13/2015 9:00:00 PM,34.0,,920.0,,,491,2015-08-13T21:00:00.000000Z,MWC_ETP_MELBOURNE,inlet,DATASET_02_MELBOURNE_ETP_INLET,observed,SHA256:1e60bff7f04397d81586dd79adf34393bb36d194331369edf54f993861987461
8/4/2016 9:00:00 PM,26.0,320.0,650.0,,,492,2016-08-04T21:00:00.000000Z,MWC_ETP_MELBOURNE,inlet,DATASET_02_MELBOURNE_ETP_INLET,observed,SHA256:1e60bff7f04397d81586dd79adf34393bb36d194331369edf54f993861987461
5/26/2016 9:00:00 PM,32.0,340.0,690.0,,,493,2016-05-26T21:00:00.000000Z,MWC_ETP_MELBOURNE,inlet,DATASET_02_MELBOURNE_ETP_INLET,observed,SHA256:1e60bff7f04397d81586dd79adf34393bb36d194331369edf54f993861987461
3/11/2016 8:00:00 PM,52.0,,,,,494,2016-03-11T20:00:00.000000Z,MWC_ETP_MELBOURNE,inlet,DATASET_02_MELBOURNE_ETP_INLET,observed,SHA256:1e60bff7f04397d81586dd79adf34393bb36d194331369edf54f993861987461
12/23/2016 8:00:00 PM,42.0,,,,,495,2016-12-23T20:00:00.000000Z,MWC_ETP_MELBOURNE,inlet,DATASET_02_MELBOURNE_ETP_INLET,observed,SHA256:1e60bff7f04397d81586dd79adf34393bb36d194331369edf54f993861987461
10/13/2016 8:00:00 PM,34.0,340.0,760.0,,,496,2016-10-13T20:00:00.000000Z,MWC_ETP_MELBOURNE,inlet,DATASET_02_MELBOURNE_ETP_INLET,observed,SHA256:1e60bff7f04397d81586dd79adf34393bb36d194331369edf54f993861987461
10/22/2015 8:00:00 PM,40.0,,900.0,,,497,2015-10-22T20:00:00.000000Z,MWC_ETP_MELBOURNE,inlet,DATASET_02_MELBOURNE_ETP_INLET,observed,SHA256:1e60bff7f04397d81586dd79adf34393bb36d194331369edf54f993861987461
8/16/2015 9:00:00 PM,47.0,,830.0,,,498,2015-08-16T21:00:00.000000Z,MWC_ETP_MELBOURNE,inlet,DATASET_02_MELBOURNE_ETP_INLET,observed,SHA256:1e60bff7f04397d81586dd79adf34393bb36d194331369edf54f993861987461
8/7/2016 9:00:00 PM,31.0,330.0,770.0,,,499,2016-08-07T21:00:00.000000Z,MWC_ETP_MELBOURNE,inlet,DATASET_02_MELBOURNE_ETP_INLET,observed,SHA256:1e60bff7f04397d81586dd79adf34393bb36d194331369edf54f993861987461
5/29/2016 9:00:00 PM,48.0,250.0,660.0,,,500,2016-05-29T21:00:00.000000Z,MWC_ETP_MELBOURNE,inlet,DATASET_02_MELBOURNE_ETP_INLET,observed,SHA256:1e60bff7f04397d81586dd79adf34393bb36d194331369edf54f993861987461
3/14/2016 8:00:00 PM,45.0,420.0,780.0,,,501,2016-03-14T20:00:00.000000Z,MWC_ETP_MELBOURNE,inlet,DATASET_02_MELBOURNE_ETP_INLET,observed,SHA256:1e60bff7f04397d81586dd79adf34393bb36d194331369edf54f993861987461
12/26/2016 8:00:00 PM,58.0,,,,,502,2016-12-26T20:00:00.000000Z,MWC_ETP_MELBOURNE,inlet,DATASET_02_MELBOURNE_ETP_INLET,observed,SHA256:1e60bff7f04397d81586dd79adf34393bb36d194331369edf54f993861987461
10/16/2016 8:00:00 PM,29.0,290.0,620.0,0.01,48.0,503,2016-10-16T20:00:00.000000Z,MWC_ETP_MELBOURNE,inlet,DATASET_02_MELBOURNE_ETP_INLET,observed,SHA256:1e60bff7f04397d81586dd79adf34393bb36d194331369edf54f993861987461
10/25/2015 8:00:00 PM,36.0,,800.0,,,504,2015-10-25T20:00:00.000000Z,MWC_ETP_MELBOURNE,inlet,DATASET_02_MELBOURNE_ETP_INLET,observed,SHA256:1e60bff7f04397d81586dd79adf34393bb36d194331369edf54f993861987461
8/17/2015 9:00:00 PM,45.0,,900.0,,,505,2015-08-17T21:00:00.000000Z,MWC_ETP_MELBOURNE,inlet,DATASET_02_MELBOURNE_ETP_INLET,observed,SHA256:1e60bff7f04397d81586dd79adf34393bb36d194331369edf54f993861987461
8/8/2016 9:00:00 PM,36.0,330.0,740.0,,,506,2016-08-08T21:00:00.000000Z,MWC_ETP_MELBOURNE,inlet,DATASET_02_MELBOURNE_ETP_INLET,observed,SHA256:1e60bff7f04397d81586dd79adf34393bb36d194331369edf54f993861987461
5/30/2016 9:00:00 PM,41.0,340.0,800.0,,,507,2016-05-30T21:00:00.000000Z,MWC_ETP_MELBOURNE,inlet,DATASET_02_MELBOURNE_ETP_INLET,observed,SHA256:1e60bff7f04397d81586dd79adf34393bb36d194331369edf54f993861987461
3/15/2016 8:00:00 PM,39.0,460.0,810.0,,,508,2016-03-15T20:00:00.000000Z,MWC_ETP_MELBOURNE,inlet,DATASET_02_MELBOURNE_ETP_INLET,observed,SHA256:1e60bff7f04397d81586dd79adf34393bb36d194331369edf54f993861987461
12/27/2016 8:00:00 PM,50.0,310.0,820.0,,,509,2016-12-27T20:00:00.000000Z,MWC_ETP_MELBOURNE,inlet,DATASET_02_MELBOURNE_ETP_INLET,observed,SHA256:1e60bff7f04397d81586dd79adf34393bb36d194331369edf54f993861987461
10/17/2016 8:00:00 PM,24.0,320.0,590.0,,,510,2016-10-17T20:00:00.000000Z,MWC_ETP_MELBOURNE,inlet,DATASET_02_MELBOURNE_ETP_INLET,observed,SHA256:1e60bff7f04397d81586dd79adf34393bb36d194331369edf54f993861987461
10/26/2015 8:00:00 PM,48.0,380.0,1115.0,0.01,70.0,511,2015-10-26T20:00:00.000000Z,MWC_ETP_MELBOURNE,inlet,DATASET_02_MELBOURNE_ETP_INLET,observed,SHA256:1e60bff7f04397d81586dd79adf34393bb36d194331369edf54f993861987461
8/18/2015 9:00:00 PM,43.0,,825.0,,,512,2015-08-18T21:00:00.000000Z,MWC_ETP_MELBOURNE,inlet,DATASET_02_MELBOURNE_ETP_INLET,observed,SHA256:1e60bff7f04397d81586dd79adf34393bb36d194331369edf54f993861987461
8/9/2016 9:00:00 PM,49.0,370.0,870.0,,,513,2016-08-09T21:00:00.000000Z,MWC_ETP_MELBOURNE,inlet,DATASET_02_MELBOURNE_ETP_INLET,observed,SHA256:1e60bff7f04397d81586dd79adf34393bb36d194331369edf54f993861987461
5/31/2016 9:00:00 PM,45.0,480.0,960.0,,,514,2016-05-31T21:00:00.000000Z,MWC_ETP_MELBOURNE,inlet,DATASET_02_MELBOURNE_ETP_INLET,observed,SHA256:1e60bff7f04397d81586dd79adf34393bb36d194331369edf54f993861987461
3/16/2016 8:00:00 PM,47.0,620.0,960.0,0.01,71.0,515,2016-03-16T20:00:00.000000Z,MWC_ETP_MELBOURNE,inlet,DATASET_02_MELBOURNE_ETP_INLET,observed,SHA256:1e60bff7f04397d81586dd79adf34393bb36d194331369edf54f993861987461
12/28/2016 8:00:00 PM,41.0,540.0,910.0,0.01,62.0,516,2016-12-28T20:00:00.000000Z,MWC_ETP_MELBOURNE,inlet,DATASET_02_MELBOURNE_ETP_INLET,observed,SHA256:1e60bff7f04397d81586dd79adf34393bb36d194331369edf54f993861987461
10/18/2016 8:00:00 PM,30.0,360.0,690.0,,,517,2016-10-18T20:00:00.000000Z,MWC_ETP_MELBOURNE,inlet,DATASET_02_MELBOURNE_ETP_INLET,observed,SHA256:1e60bff7f04397d81586dd79adf34393bb36d194331369edf54f993861987461
10/27/2015 8:00:00 PM,48.0,,940.0,,,518,2015-10-27T20:00:00.000000Z,MWC_ETP_MELBOURNE,inlet,DATASET_02_MELBOURNE_ETP_INLET,observed,SHA256:1e60bff7f04397d81586dd79adf34393bb36d194331369edf54f993861987461
8/19/2015 9:00:00 PM,42.0,470.0,840.0,0.02,61.0,519,2015-08-19T21:00:00.000000Z,MWC_ETP_MELBOURNE,inlet,DATASET_02_MELBOURNE_ETP_INLET,observed,SHA256:1e60bff7f04397d81586dd79adf34393bb36d194331369edf54f993861987461
8/10/2016 9:00:00 PM,32.0,390.0,950.0,,,520,2016-08-10T21:00:00.000000Z,MWC_ETP_MELBOURNE,inlet,DATASET_02_MELBOURNE_ETP_INLET,observed,SHA256:1e60bff7f04397d81586dd79adf34393bb36d194331369edf54f993861987461
6/1/2016 9:00:00 PM,49.0,430.0,790.0,,,521,2016-06-01T21:00:00.000000Z,MWC_ETP_MELBOURNE,inlet,DATASET_02_MELBOURNE_ETP_INLET,observed,SHA256:1e60bff7f04397d81586dd79adf34393bb36d194331369edf54f993861987461
3/17/2016 8:00:00 PM,40.0,360.0,870.0,,,522,2016-03-17T20:00:00.000000Z,MWC_ETP_MELBOURNE,inlet,DATASET_02_MELBOURNE_ETP_INLET,observed,SHA256:1e60bff7f04397d81586dd79adf34393bb36d194331369edf54f993861987461
12/29/2016 8:00:00 PM,26.0,320.0,740.0,,,523,2016-12-29T20:00:00.000000Z,MWC_ETP_MELBOURNE,inlet,DATASET_02_MELBOURNE_ETP_INLET,observed,SHA256:1e60bff7f04397d81586dd79adf34393bb36d194331369edf54f993861987461
10/19/2016 8:00:00 PM,29.0,360.0,730.0,,,524,2016-10-19T20:00:00.000000Z,MWC_ETP_MELBOURNE,inlet,DATASET_02_MELBOURNE_ETP_INLET,observed,SHA256:1e60bff7f04397d81586dd79adf34393bb36d194331369edf54f993861987461
10/28/2015 8:00:00 PM,48.0,,1290.0,,,525,2015-10-28T20:00:00.000000Z,MWC_ETP_MELBOURNE,inlet,DATASET_02_MELBOURNE_ETP_INLET,observed,SHA256:1e60bff7f04397d81586dd79adf34393bb36d194331369edf54f993861987461
8/20/2015 9:00:00 PM,44.0,,940.0,,,526,2015-08-20T21:00:00.000000Z,MWC_ETP_MELBOURNE,inlet,DATASET_02_MELBOURNE_ETP_INLET,observed,SHA256:1e60bff7f04397d81586dd79adf34393bb36d194331369edf54f993861987461
8/11/2016 9:00:00 PM,46.0,260.0,650.0,0.01,57.0,527,2016-08-11T21:00:00.000000Z,MWC_ETP_MELBOURNE,inlet,DATASET_02_MELBOURNE_ETP_INLET,observed,SHA256:1e60bff7f04397d81586dd79adf34393bb36d194331369edf54f993861987461
6/2/2016 9:00:00 PM,44.0,420.0,840.0,,,528,2016-06-02T21:00:00.000000Z,MWC_ETP_MELBOURNE,inlet,DATASET_02_MELBOURNE_ETP_INLET,observed,SHA256:1e60bff7f04397d81586dd79adf34393bb36d194331369edf54f993861987461
3/20/2016 8:00:00 PM,39.0,340.0,730.0,,,529,2016-03-20T20:00:00.000000Z,MWC_ETP_MELBOURNE,inlet,DATASET_02_MELBOURNE_ETP_INLET,observed,SHA256:1e60bff7f04397d81586dd79adf34393bb36d194331369edf54f993861987461
12/30/2016 8:00:00 PM,30.0,,,,,530,2016-12-30T20:00:00.000000Z,MWC_ETP_MELBOURNE,inlet,DATASET_02_MELBOURNE_ETP_INLET,observed,SHA256:1e60bff7f04397d81586dd79adf34393bb36d194331369edf54f993861987461
10/20/2016 8:00:00 PM,30.0,370.0,770.0,,,531,2016-10-20T20:00:00.000000Z,MWC_ETP_MELBOURNE,inlet,DATASET_02_MELBOURNE_ETP_INLET,observed,SHA256:1e60bff7f04397d81586dd79adf34393bb36d194331369edf54f993861987461
10/29/2015 8:00:00 PM,48.0,,970.0,,,532,2015-10-29T20:00:00.000000Z,MWC_ETP_MELBOURNE,inlet,DATASET_02_MELBOURNE_ETP_INLET,observed,SHA256:1e60bff7f04397d81586dd79adf34393bb36d194331369edf54f993861987461
8/23/2015 9:00:00 PM,45.0,,820.0,,,533,2015-08-23T21:00:00.000000Z,MWC_ETP_MELBOURNE,inlet,DATASET_02_MELBOURNE_ETP_INLET,observed,SHA256:1e60bff7f04397d81586dd79adf34393bb36d194331369edf54f993861987461
8/14/2016 9:00:00 PM,43.0,410.0,800.0,,,534,2016-08-14T21:00:00.000000Z,MWC_ETP_MELBOURNE,inlet,DATASET_02_MELBOURNE_ETP_INLET,observed,SHA256:1e60bff7f04397d81586dd79adf34393bb36d194331369edf54f993861987461
6/5/2016 9:00:00 PM,29.0,330.0,700.0,,,535,2016-06-05T21:00:00.000000Z,MWC_ETP_MELBOURNE,inlet,DATASET_02_MELBOURNE_ETP_INLET,observed,SHA256:1e60bff7f04397d81586dd79adf34393bb36d194331369edf54f993861987461
3/21/2016 8:00:00 PM,45.0,410.0,700.0,,,536,2016-03-21T20:00:00.000000Z,MWC_ETP_MELBOURNE,inlet,DATASET_02_MELBOURNE_ETP_INLET,observed,SHA256:1e60bff7f04397d81586dd79adf34393bb36d194331369edf54f993861987461
1/2/2017 8:00:00 PM,49.0,260.0,640.0,,,537,2017-01-02T20:00:00.000000Z,MWC_ETP_MELBOURNE,inlet,DATASET_02_MELBOURNE_ETP_INLET,observed,SHA256:1e60bff7f04397d81586dd79adf34393bb36d194331369edf54f993861987461
10/23/2016 8:00:00 PM,20.0,240.0,660.0,,,538,2016-10-23T20:00:00.000000Z,MWC_ETP_MELBOURNE,inlet,DATASET_02_MELBOURNE_ETP_INLET,observed,SHA256:1e60bff7f04397d81586dd79adf34393bb36d194331369edf54f993861987461
11/1/2015 8:00:00 PM,50.0,,760.0,,,539,2015-11-01T20:00:00.000000Z,MWC_ETP_MELBOURNE,inlet,DATASET_02_MELBOURNE_ETP_INLET,observed,SHA256:1e60bff7f04397d81586dd79adf34393bb36d194331369edf54f993861987461
8/24/2015 9:00:00 PM,44.0,,830.0,,,540,2015-08-24T21:00:00.000000Z,MWC_ETP_MELBOURNE,inlet,DATASET_02_MELBOURNE_ETP_INLET,observed,SHA256:1e60bff7f04397d81586dd79adf34393bb36d194331369edf54f993861987461
8/15/2016 9:00:00 PM,38.0,320.0,760.0,,,541,2016-08-15T21:00:00.000000Z,MWC_ETP_MELBOURNE,inlet,DATASET_02_MELBOURNE_ETP_INLET,observed,SHA256:1e60bff7f04397d81586dd79adf34393bb36d194331369edf54f993861987461
6/6/2016 9:00:00 PM,50.0,360.0,850.0,,,542,2016-06-06T21:00:00.000000Z,MWC_ETP_MELBOURNE,inlet,DATASET_02_MELBOURNE_ETP_INLET,observed,SHA256:1e60bff7f04397d81586dd79adf34393bb36d194331369edf54f993861987461
3/22/2016 8:00:00 PM,43.0,320.0,720.0,,,543,2016-03-22T20:00:00.000000Z,MWC_ETP_MELBOURNE,inlet,DATASET_02_MELBOURNE_ETP_INLET,observed,SHA256:1e60bff7f04397d81586dd79adf34393bb36d194331369edf54f993861987461
1/3/2017 8:00:00 PM,50.0,320.0,790.0,,,544,2017-01-03T20:00:00.000000Z,MWC_ETP_MELBOURNE,inlet,DATASET_02_MELBOURNE_ETP_INLET,observed,SHA256:1e60bff7f04397d81586dd79adf34393bb36d194331369edf54f993861987461
10/24/2016 8:00:00 PM,29.0,350.0,670.0,,,545,2016-10-24T20:00:00.000000Z,MWC_ETP_MELBOURNE,inlet,DATASET_02_MELBOURNE_ETP_INLET,observed,SHA256:1e60bff7f04397d81586dd79adf34393bb36d194331369edf54f993861987461
11/3/2015 8:00:00 PM,50.0,380.0,845.0,,,546,2015-11-03T20:00:00.000000Z,MWC_ETP_MELBOURNE,inlet,DATASET_02_MELBOURNE_ETP_INLET,observed,SHA256:1e60bff7f04397d81586dd79adf34393bb36d194331369edf54f993861987461
8/25/2015 9:00:00 PM,47.0,,876.0,,,547,2015-08-25T21:00:00.000000Z,MWC_ETP_MELBOURNE,inlet,DATASET_02_MELBOURNE_ETP_INLET,observed,SHA256:1e60bff7f04397d81586dd79adf34393bb36d194331369edf54f993861987461
8/16/2016 9:00:00 PM,38.0,480.0,760.0,,,548,2016-08-16T21:00:00.000000Z,MWC_ETP_MELBOURNE,inlet,DATASET_02_MELBOURNE_ETP_INLET,observed,SHA256:1e60bff7f04397d81586dd79adf34393bb36d194331369edf54f993861987461
6/7/2016 9:00:00 PM,51.0,480.0,820.0,,,549,2016-06-07T21:00:00.000000Z,MWC_ETP_MELBOURNE,inlet,DATASET_02_MELBOURNE_ETP_INLET,observed,SHA256:1e60bff7f04397d81586dd79adf34393bb36d194331369edf54f993861987461
3/23/2016 8:00:00 PM,51.0,440.0,850.0,,,550,2016-03-23T20:00:00.000000Z,MWC_ETP_MELBOURNE,inlet,DATASET_02_MELBOURNE_ETP_INLET,observed,SHA256:1e60bff7f04397d81586dd79adf34393bb36d194331369edf54f993861987461
1/4/2017 8:00:00 PM,38.0,340.0,700.0,,,551,2017-01-04T20:00:00.000000Z,MWC_ETP_MELBOURNE,inlet,DATASET_02_MELBOURNE_ETP_INLET,observed,SHA256:1e60bff7f04397d81586dd79adf34393bb36d194331369edf54f993861987461
10/25/2016 8:00:00 PM,26.0,340.0,780.0,,,552,2016-10-25T20:00:00.000000Z,MWC_ETP_MELBOURNE,inlet,DATASET_02_MELBOURNE_ETP_INLET,observed,SHA256:1e60bff7f04397d81586dd79adf34393bb36d194331369edf54f993861987461
11/4/2015 8:00:00 PM,53.0,,990.0,,,553,2015-11-04T20:00:00.000000Z,MWC_ETP_MELBOURNE,inlet,DATASET_02_MELBOURNE_ETP_INLET,observed,SHA256:1e60bff7f04397d81586dd79adf34393bb36d194331369edf54f993861987461
8/26/2015 9:00:00 PM,46.0,,1007.0,,,554,2015-08-26T21:00:00.000000Z,MWC_ETP_MELBOURNE,inlet,DATASET_02_MELBOURNE_ETP_INLET,observed,SHA256:1e60bff7f04397d81586dd79adf34393bb36d194331369edf54f993861987461
8/17/2016 9:00:00 PM,49.0,400.0,890.0,,,555,2016-08-17T21:00:00.000000Z,MWC_ETP_MELBOURNE,inlet,DATASET_02_MELBOURNE_ETP_INLET,observed,SHA256:1e60bff7f04397d81586dd79adf34393bb36d194331369edf54f993861987461
6/8/2016 9:00:00 PM,41.0,370.0,740.0,0.01,62.0,556,2016-06-08T21:00:00.000000Z,MWC_ETP_MELBOURNE,inlet,DATASET_02_MELBOURNE_ETP_INLET,observed,SHA256:1e60bff7f04397d81586dd79adf34393bb36d194331369edf54f993861987461
3/25/2016 8:00:00 PM,40.0,,,,,557,2016-03-25T20:00:00.000000Z,MWC_ETP_MELBOURNE,inlet,DATASET_02_MELBOURNE_ETP_INLET,observed,SHA256:1e60bff7f04397d81586dd79adf34393bb36d194331369edf54f993861987461
1/5/2017 8:00:00 PM,42.0,330.0,820.0,,,558,2017-01-05T20:00:00.000000Z,MWC_ETP_MELBOURNE,inlet,DATASET_02_MELBOURNE_ETP_INLET,observed,SHA256:1e60bff7f04397d81586dd79adf34393bb36d194331369edf54f993861987461
10/26/2016 8:00:00 PM,37.0,360.0,1100.0,,,559,2016-10-26T20:00:00.000000Z,MWC_ETP_MELBOURNE,inlet,DATASET_02_MELBOURNE_ETP_INLET,observed,SHA256:1e60bff7f04397d81586dd79adf34393bb36d194331369edf54f993861987461
10/27/2016 8:00:00 PM,41.0,380.0,660.0,,,560,2016-10-27T20:00:00.000000Z,MWC_ETP_MELBOURNE,inlet,DATASET_02_MELBOURNE_ETP_INLET,observed,SHA256:1e60bff7f04397d81586dd79adf34393bb36d194331369edf54f993861987461
10/30/2016 8:00:00 PM,44.0,370.0,670.0,,,561,2016-10-30T20:00:00.000000Z,MWC_ETP_MELBOURNE,inlet,DATASET_02_MELBOURNE_ETP_INLET,observed,SHA256:1e60bff7f04397d81586dd79adf34393bb36d194331369edf54f993861987461
11/1/2016 8:00:00 PM,33.0,340.0,720.0,,,562,2016-11-01T20:00:00.000000Z,MWC_ETP_MELBOURNE,inlet,DATASET_02_MELBOURNE_ETP_INLET,observed,SHA256:1e60bff7f04397d81586dd79adf34393bb36d194331369edf54f993861987461
11/2/2016 8:00:00 PM,34.0,400.0,700.0,0.01,51.0,563,2016-11-02T20:00:00.000000Z,MWC_ETP_MELBOURNE,inlet,DATASET_02_MELBOURNE_ETP_INLET,observed,SHA256:1e60bff7f04397d81586dd79adf34393bb36d194331369edf54f993861987461
11/3/2016 8:00:00 PM,34.0,530.0,690.0,,,564,2016-11-03T20:00:00.000000Z,MWC_ETP_MELBOURNE,inlet,DATASET_02_MELBOURNE_ETP_INLET,observed,SHA256:1e60bff7f04397d81586dd79adf34393bb36d194331369edf54f993861987461
11/6/2016 8:00:00 PM,42.0,350.0,780.0,,,565,2016-11-06T20:00:00.000000Z,MWC_ETP_MELBOURNE,inlet,DATASET_02_MELBOURNE_ETP_INLET,observed,SHA256:1e60bff7f04397d81586dd79adf34393bb36d194331369edf54f993861987461
11/7/2016 8:00:00 PM,26.0,300.0,630.0,,,566,2016-11-07T20:00:00.000000Z,MWC_ETP_MELBOURNE,inlet,DATASET_02_MELBOURNE_ETP_INLET,observed,SHA256:1e60bff7f04397d81586dd79adf34393bb36d194331369edf54f993861987461
11/8/2016 8:00:00 PM,26.0,350.0,720.0,,,567,2016-11-08T20:00:00.000000Z,MWC_ETP_MELBOURNE,inlet,DATASET_02_MELBOURNE_ETP_INLET,observed,SHA256:1e60bff7f04397d81586dd79adf34393bb36d194331369edf54f993861987461
11/9/2016 8:00:00 PM,30.0,340.0,770.0,,,568,2016-11-09T20:00:00.000000Z,MWC_ETP_MELBOURNE,inlet,DATASET_02_MELBOURNE_ETP_INLET,observed,SHA256:1e60bff7f04397d81586dd79adf34393bb36d194331369edf54f993861987461
11/10/2016 8:00:00 PM,40.0,350.0,840.0,,,569,2016-11-10T20:00:00.000000Z,MWC_ETP_MELBOURNE,inlet,DATASET_02_MELBOURNE_ETP_INLET,observed,SHA256:1e60bff7f04397d81586dd79adf34393bb36d194331369edf54f993861987461
11/12/2016 8:00:00 PM,34.0,,,,,570,2016-11-12T20:00:00.000000Z,MWC_ETP_MELBOURNE,inlet,DATASET_02_MELBOURNE_ETP_INLET,observed,SHA256:1e60bff7f04397d81586dd79adf34393bb36d194331369edf54f993861987461
11/13/2016 8:00:00 PM,37.0,320.0,720.0,,,571,2016-11-13T20:00:00.000000Z,MWC_ETP_MELBOURNE,inlet,DATASET_02_MELBOURNE_ETP_INLET,observed,SHA256:1e60bff7f04397d81586dd79adf34393bb36d194331369edf54f993861987461
11/14/2016 8:00:00 PM,27.0,260.0,530.0,,,572,2016-11-14T20:00:00.000000Z,MWC_ETP_MELBOURNE,inlet,DATASET_02_MELBOURNE_ETP_INLET,observed,SHA256:1e60bff7f04397d81586dd79adf34393bb36d194331369edf54f993861987461
11/15/2016 8:00:00 PM,30.0,340.0,720.0,,,573,2016-11-15T20:00:00.000000Z,MWC_ETP_MELBOURNE,inlet,DATASET_02_MELBOURNE_ETP_INLET,observed,SHA256:1e60bff7f04397d81586dd79adf34393bb36d194331369edf54f993861987461
11/16/2016 8:00:00 PM,33.0,340.0,660.0,0.01,52.0,574,2016-11-16T20:00:00.000000Z,MWC_ETP_MELBOURNE,inlet,DATASET_02_MELBOURNE_ETP_INLET,observed,SHA256:1e60bff7f04397d81586dd79adf34393bb36d194331369edf54f993861987461
11/17/2016 8:00:00 PM,37.0,370.0,770.0,,,575,2016-11-17T20:00:00.000000Z,MWC_ETP_MELBOURNE,inlet,DATASET_02_MELBOURNE_ETP_INLET,observed,SHA256:1e60bff7f04397d81586dd79adf34393bb36d194331369edf54f993861987461
11/20/2016 8:00:00 PM,31.0,300.0,460.0,,,576,2016-11-20T20:00:00.000000Z,MWC_ETP_MELBOURNE,inlet,DATASET_02_MELBOURNE_ETP_INLET,observed,SHA256:1e60bff7f04397d81586dd79adf34393bb36d194331369edf54f993861987461
11/21/2016 8:00:00 PM,37.0,360.0,880.0,,,577,2016-11-21T20:00:00.000000Z,MWC_ETP_MELBOURNE,inlet,DATASET_02_MELBOURNE_ETP_INLET,observed,SHA256:1e60bff7f04397d81586dd79adf34393bb36d194331369edf54f993861987461
11/22/2016 8:00:00 PM,40.0,330.0,910.0,,,578,2016-11-22T20:00:00.000000Z,MWC_ETP_MELBOURNE,inlet,DATASET_02_MELBOURNE_ETP_INLET,observed,SHA256:1e60bff7f04397d81586dd79adf34393bb36d194331369edf54f993861987461
11/23/2016 8:00:00 PM,36.0,410.0,820.0,,,579,2016-11-23T20:00:00.000000Z,MWC_ETP_MELBOURNE,inlet,DATASET_02_MELBOURNE_ETP_INLET,observed,SHA256:1e60bff7f04397d81586dd79adf34393bb36d194331369edf54f993861987461
11/24/2016 8:00:00 PM,40.0,470.0,1100.0,,,580,2016-11-24T20:00:00.000000Z,MWC_ETP_MELBOURNE,inlet,DATASET_02_MELBOURNE_ETP_INLET,observed,SHA256:1e60bff7f04397d81586dd79adf34393bb36d194331369edf54f993861987461
11/27/2016 8:00:00 PM,44.0,330.0,730.0,,,581,2016-11-27T20:00:00.000000Z,MWC_ETP_MELBOURNE,inlet,DATASET_02_MELBOURNE_ETP_INLET,observed,SHA256:1e60bff7f04397d81586dd79adf34393bb36d194331369edf54f993861987461
11/28/2016 8:00:00 PM,43.0,440.0,850.0,0.01,67.0,582,2016-11-28T20:00:00.000000Z,MWC_ETP_MELBOURNE,inlet,DATASET_02_MELBOURNE_ETP_INLET,observed,SHA256:1e60bff7f04397d81586dd79adf34393bb36d194331369edf54f993861987461
11/29/2016 8:00:00 PM,39.0,330.0,860.0,,,583,2016-11-29T20:00:00.000000Z,MWC_ETP_MELBOURNE,inlet,DATASET_02_MELBOURNE_ETP_INLET,observed,SHA256:1e60bff7f04397d81586dd79adf34393bb36d194331369edf54f993861987461
11/30/2016 8:00:00 PM,40.0,320.0,870.0,,,584,2016-11-30T20:00:00.000000Z,MWC_ETP_MELBOURNE,inlet,DATASET_02_MELBOURNE_ETP_INLET,observed,SHA256:1e60bff7f04397d81586dd79adf34393bb36d194331369edf54f993861987461
12/1/2016 8:00:00 PM,39.0,340.0,930.0,,,585,2016-12-01T20:00:00.000000Z,MWC_ETP_MELBOURNE,inlet,DATASET_02_MELBOURNE_ETP_INLET,observed,SHA256:1e60bff7f04397d81586dd79adf34393bb36d194331369edf54f993861987461
12/4/2016 8:00:00 PM,43.0,310.0,750.0,,,586,2016-12-04T20:00:00.000000Z,MWC_ETP_MELBOURNE,inlet,DATASET_02_MELBOURNE_ETP_INLET,observed,SHA256:1e60bff7f04397d81586dd79adf34393bb36d194331369edf54f993861987461
12/5/2016 8:00:00 PM,40.0,540.0,1300.0,,,587,2016-12-05T20:00:00.000000Z,MWC_ETP_MELBOURNE,inlet,DATASET_02_MELBOURNE_ETP_INLET,observed,SHA256:1e60bff7f04397d81586dd79adf34393bb36d194331369edf54f993861987461
12/6/2016 8:00:00 PM,39.0,490.0,1200.0,,,588,2016-12-06T20:00:00.000000Z,MWC_ETP_MELBOURNE,inlet,DATASET_02_MELBOURNE_ETP_INLET,observed,SHA256:1e60bff7f04397d81586dd79adf34393bb36d194331369edf54f993861987461
12/7/2016 8:00:00 PM,44.0,520.0,1000.0,,,589,2016-12-07T20:00:00.000000Z,MWC_ETP_MELBOURNE,inlet,DATASET_02_MELBOURNE_ETP_INLET,observed,SHA256:1e60bff7f04397d81586dd79adf34393bb36d194331369edf54f993861987461
12/8/2016 8:00:00 PM,35.0,320.0,680.0,,,590,2016-12-08T20:00:00.000000Z,MWC_ETP_MELBOURNE,inlet,DATASET_02_MELBOURNE_ETP_INLET,observed,SHA256:1e60bff7f04397d81586dd79adf34393bb36d194331369edf54f993861987461
12/11/2016 8:00:00 PM,46.0,640.0,1300.0,,,591,2016-12-11T20:00:00.000000Z,MWC_ETP_MELBOURNE,inlet,DATASET_02_MELBOURNE_ETP_INLET,observed,SHA256:1e60bff7f04397d81586dd79adf34393bb36d194331369edf54f993861987461
12/12/2016 8:00:00 PM,36.0,340.0,950.0,0.01,70.0,592,2016-12-12T20:00:00.000000Z,MWC_ETP_MELBOURNE,inlet,DATASET_02_MELBOURNE_ETP_INLET,observed,SHA256:1e60bff7f04397d81586dd79adf34393bb36d194331369edf54f993861987461
12/13/2016 8:00:00 PM,38.0,360.0,900.0,,,593,2016-12-13T20:00:00.000000Z,MWC_ETP_MELBOURNE,inlet,DATASET_02_MELBOURNE_ETP_INLET,observed,SHA256:1e60bff7f04397d81586dd79adf34393bb36d194331369edf54f993861987461
6/9/2016 9:00:00 PM,45.0,520.0,840.0,,,594,2016-06-09T21:00:00.000000Z,MWC_ETP_MELBOURNE,inlet,DATASET_02_MELBOURNE_ETP_INLET,observed,SHA256:1e60bff7f04397d81586dd79adf34393bb36d194331369edf54f993861987461
3/28/2016 8:00:00 PM,41.0,350.0,680.0,,,595,2016-03-28T20:00:00.000000Z,MWC_ETP_MELBOURNE,inlet,DATASET_02_MELBOURNE_ETP_INLET,observed,SHA256:1e60bff7f04397d81586dd79adf34393bb36d194331369edf54f993861987461
6/10/2016 9:00:00 PM,49.0,,,,,596,2016-06-10T21:00:00.000000Z,MWC_ETP_MELBOURNE,inlet,DATASET_02_MELBOURNE_ETP_INLET,observed,SHA256:1e60bff7f04397d81586dd79adf34393bb36d194331369edf54f993861987461
8/18/2016 9:00:00 PM,54.0,440.0,880.0,,,597,2016-08-18T21:00:00.000000Z,MWC_ETP_MELBOURNE,inlet,DATASET_02_MELBOURNE_ETP_INLET,observed,SHA256:1e60bff7f04397d81586dd79adf34393bb36d194331369edf54f993861987461
8/27/2015 9:00:00 PM,42.0,310.0,735.0,,,598,2015-08-27T21:00:00.000000Z,MWC_ETP_MELBOURNE,inlet,DATASET_02_MELBOURNE_ETP_INLET,observed,SHA256:1e60bff7f04397d81586dd79adf34393bb36d194331369edf54f993861987461
3/29/2016 8:00:00 PM,46.0,520.0,770.0,0.01,65.0,599,2016-03-29T20:00:00.000000Z,MWC_ETP_MELBOURNE,inlet,DATASET_02_MELBOURNE_ETP_INLET,observed,SHA256:1e60bff7f04397d81586dd79adf34393bb36d194331369edf54f993861987461
6/13/2016 9:00:00 PM,45.0,350.0,740.0,,,600,2016-06-13T21:00:00.000000Z,MWC_ETP_MELBOURNE,inlet,DATASET_02_MELBOURNE_ETP_INLET,observed,SHA256:1e60bff7f04397d81586dd79adf34393bb36d194331369edf54f993861987461
8/21/2016 9:00:00 PM,34.0,380.0,660.0,,,601,2016-08-21T21:00:00.000000Z,MWC_ETP_MELBOURNE,inlet,DATASET_02_MELBOURNE_ETP_INLET,observed,SHA256:1e60bff7f04397d81586dd79adf34393bb36d194331369edf54f993861987461
8/30/2015 9:00:00 PM,41.0,,760.0,,,602,2015-08-30T21:00:00.000000Z,MWC_ETP_MELBOURNE,inlet,DATASET_02_MELBOURNE_ETP_INLET,observed,SHA256:1e60bff7f04397d81586dd79adf34393bb36d194331369edf54f993861987461
11/5/2015 8:00:00 PM,33.0,,720.0,,,603,2015-11-05T20:00:00.000000Z,MWC_ETP_MELBOURNE,inlet,DATASET_02_MELBOURNE_ETP_INLET,observed,SHA256:1e60bff7f04397d81586dd79adf34393bb36d194331369edf54f993861987461
1/8/2017 8:00:00 PM,42.0,320.0,740.0,,,604,2017-01-08T20:00:00.000000Z,MWC_ETP_MELBOURNE,inlet,DATASET_02_MELBOURNE_ETP_INLET,observed,SHA256:1e60bff7f04397d81586dd79adf34393bb36d194331369edf54f993861987461
3/30/2016 8:00:00 PM,43.0,370.0,790.0,,,605,2016-03-30T20:00:00.000000Z,MWC_ETP_MELBOURNE,inlet,DATASET_02_MELBOURNE_ETP_INLET,observed,SHA256:1e60bff7f04397d81586dd79adf34393bb36d194331369edf54f993861987461
6/14/2016 9:00:00 PM,39.0,390.0,740.0,,,606,2016-06-14T21:00:00.000000Z,MWC_ETP_MELBOURNE,inlet,DATASET_02_MELBOURNE_ETP_INLET,observed,SHA256:1e60bff7f04397d81586dd79adf34393bb36d194331369edf54f993861987461
8/22/2016 9:00:00 PM,28.0,340.0,600.0,,,607,2016-08-22T21:00:00.000000Z,MWC_ETP_MELBOURNE,inlet,DATASET_02_MELBOURNE_ETP_INLET,observed,SHA256:1e60bff7f04397d81586dd79adf34393bb36d194331369edf54f993861987461
8/31/2015 9:00:00 PM,36.0,,850.0,,,608,2015-08-31T21:00:00.000000Z,MWC_ETP_MELBOURNE,inlet,DATASET_02_MELBOURNE_ETP_INLET,observed,SHA256:1e60bff7f04397d81586dd79adf34393bb36d194331369edf54f993861987461
11/8/2015 8:00:00 PM,37.0,,650.0,,,609,2015-11-08T20:00:00.000000Z,MWC_ETP_MELBOURNE,inlet,DATASET_02_MELBOURNE_ETP_INLET,observed,SHA256:1e60bff7f04397d81586dd79adf34393bb36d194331369edf54f993861987461
1/9/2017 8:00:00 PM,39.0,330.0,770.0,,,610,2017-01-09T20:00:00.000000Z,MWC_ETP_MELBOURNE,inlet,DATASET_02_MELBOURNE_ETP_INLET,observed,SHA256:1e60bff7f04397d81586dd79adf34393bb36d194331369edf54f993861987461
3/31/2016 8:00:00 PM,42.0,360.0,880.0,,,611,2016-03-31T20:00:00.000000Z,MWC_ETP_MELBOURNE,inlet,DATASET_02_MELBOURNE_ETP_INLET,observed,SHA256:1e60bff7f04397d81586dd79adf34393bb36d194331369edf54f993861987461
6/15/2016 9:00:00 PM,50.0,590.0,800.0,,,612,2016-06-15T21:00:00.000000Z,MWC_ETP_MELBOURNE,inlet,DATASET_02_MELBOURNE_ETP_INLET,observed,SHA256:1e60bff7f04397d81586dd79adf34393bb36d194331369edf54f993861987461
8/23/2016 9:00:00 PM,27.0,350.0,870.0,0.02,54.0,613,2016-08-23T21:00:00.000000Z,MWC_ETP_MELBOURNE,inlet,DATASET_02_MELBOURNE_ETP_INLET,observed,SHA256:1e60bff7f04397d81586dd79adf34393bb36d194331369edf54f993861987461
9/1/2015 9:00:00 PM,40.0,,985.0,,,614,2015-09-01T21:00:00.000000Z,MWC_ETP_MELBOURNE,inlet,DATASET_02_MELBOURNE_ETP_INLET,observed,SHA256:1e60bff7f04397d81586dd79adf34393bb36d194331369edf54f993861987461
11/9/2015 8:00:00 PM,49.0,,861.0,,,615,2015-11-09T20:00:00.000000Z,MWC_ETP_MELBOURNE,inlet,DATASET_02_MELBOURNE_ETP_INLET,observed,SHA256:1e60bff7f04397d81586dd79adf34393bb36d194331369edf54f993861987461
1/10/2017 8:00:00 PM,41.0,380.0,960.0,,,616,2017-01-10T20:00:00.000000Z,MWC_ETP_MELBOURNE,inlet,DATASET_02_MELBOURNE_ETP_INLET,observed,SHA256:1e60bff7f04397d81586dd79adf34393bb36d194331369edf54f993861987461
4/3/2016 9:00:00 PM,40.0,300.0,680.0,,,617,2016-04-03T21:00:00.000000Z,MWC_ETP_MELBOURNE,inlet,DATASET_02_MELBOURNE_ETP_INLET,observed,SHA256:1e60bff7f04397d81586dd79adf34393bb36d194331369edf54f993861987461
6/16/2016 9:00:00 PM,53.0,520.0,910.0,,,618,2016-06-16T21:00:00.000000Z,MWC_ETP_MELBOURNE,inlet,DATASET_02_MELBOURNE_ETP_INLET,observed,SHA256:1e60bff7f04397d81586dd79adf34393bb36d194331369edf54f993861987461
8/24/2016 9:00:00 PM,32.0,330.0,690.0,,,619,2016-08-24T21:00:00.000000Z,MWC_ETP_MELBOURNE,inlet,DATASET_02_MELBOURNE_ETP_INLET,observed,SHA256:1e60bff7f04397d81586dd79adf34393bb36d194331369edf54f993861987461
9/2/2015 9:00:00 PM,37.0,330.0,880.0,0.01,60.0,620,2015-09-02T21:00:00.000000Z,MWC_ETP_MELBOURNE,inlet,DATASET_02_MELBOURNE_ETP_INLET,observed,SHA256:1e60bff7f04397d81586dd79adf34393bb36d194331369edf54f993861987461
11/10/2015 8:00:00 PM,50.0,,1105.0,,,621,2015-11-10T20:00:00.000000Z,MWC_ETP_MELBOURNE,inlet,DATASET_02_MELBOURNE_ETP_INLET,observed,SHA256:1e60bff7f04397d81586dd79adf34393bb36d194331369edf54f993861987461
1/11/2017 8:00:00 PM,39.0,340.0,830.0,0.02,54.0,622,2017-01-11T20:00:00.000000Z,MWC_ETP_MELBOURNE,inlet,DATASET_02_MELBOURNE_ETP_INLET,observed,SHA256:1e60bff7f04397d81586dd79adf34393bb36d194331369edf54f993861987461
4/4/2016 9:00:00 PM,42.0,530.0,760.0,,,623,2016-04-04T21:00:00.000000Z,MWC_ETP_MELBOURNE,inlet,DATASET_02_MELBOURNE_ETP_INLET,observed,SHA256:1e60bff7f04397d81586dd79adf34393bb36d194331369edf54f993861987461
6/19/2016 9:00:00 PM,45.0,660.0,750.0,,,624,2016-06-19T21:00:00.000000Z,MWC_ETP_MELBOURNE,inlet,DATASET_02_MELBOURNE_ETP_INLET,observed,SHA256:1e60bff7f04397d81586dd79adf34393bb36d194331369edf54f993861987461
8/25/2016 9:00:00 PM,34.0,440.0,770.0,,,625,2016-08-25T21:00:00.000000Z,MWC_ETP_MELBOURNE,inlet,DATASET_02_MELBOURNE_ETP_INLET,observed,SHA256:1e60bff7f04397d81586dd79adf34393bb36d194331369edf54f993861987461
9/3/2015 9:00:00 PM,51.0,,1000.0,,,626,2015-09-03T21:00:00.000000Z,MWC_ETP_MELBOURNE,inlet,DATASET_02_MELBOURNE_ETP_INLET,observed,SHA256:1e60bff7f04397d81586dd79adf34393bb36d194331369edf54f993861987461
11/11/2015 8:00:00 PM,50.0,580.0,1110.0,0.01,92.0,627,2015-11-11T20:00:00.000000Z,MWC_ETP_MELBOURNE,inlet,DATASET_02_MELBOURNE_ETP_INLET,observed,SHA256:1e60bff7f04397d81586dd79adf34393bb36d194331369edf54f993861987461
1/12/2017 8:00:00 PM,39.0,380.0,920.0,,,628,2017-01-12T20:00:00.000000Z,MWC_ETP_MELBOURNE,inlet,DATASET_02_MELBOURNE_ETP_INLET,observed,SHA256:1e60bff7f04397d81586dd79adf34393bb36d194331369edf54f993861987461
4/5/2016 9:00:00 PM,35.0,540.0,880.0,,,629,2016-04-05T21:00:00.000000Z,MWC_ETP_MELBOURNE,inlet,DATASET_02_MELBOURNE_ETP_INLET,observed,SHA256:1e60bff7f04397d81586dd79adf34393bb36d194331369edf54f993861987461
6/20/2016 9:00:00 PM,39.0,320.0,1000.0,,,630,2016-06-20T21:00:00.000000Z,MWC_ETP_MELBOURNE,inlet,DATASET_02_MELBOURNE_ETP_INLET,observed,SHA256:1e60bff7f04397d81586dd79adf34393bb36d194331369edf54f993861987461
8/28/2016 9:00:00 PM,35.0,440.0,760.0,,,631,2016-08-28T21:00:00.000000Z,MWC_ETP_MELBOURNE,inlet,DATASET_02_MELBOURNE_ETP_INLET,observed,SHA256:1e60bff7f04397d81586dd79adf34393bb36d194331369edf54f993861987461
9/6/2015 9:00:00 PM,50.0,,834.0,,,632,2015-09-06T21:00:00.000000Z,MWC_ETP_MELBOURNE,inlet,DATASET_02_MELBOURNE_ETP_INLET,observed,SHA256:1e60bff7f04397d81586dd79adf34393bb36d194331369edf54f993861987461
11/12/2015 8:00:00 PM,50.0,,1060.0,,,633,2015-11-12T20:00:00.000000Z,MWC_ETP_MELBOURNE,inlet,DATASET_02_MELBOURNE_ETP_INLET,observed,SHA256:1e60bff7f04397d81586dd79adf34393bb36d194331369edf54f993861987461
1/15/2017 8:00:00 PM,49.0,400.0,780.0,,,634,2017-01-15T20:00:00.000000Z,MWC_ETP_MELBOURNE,inlet,DATASET_02_MELBOURNE_ETP_INLET,observed,SHA256:1e60bff7f04397d81586dd79adf34393bb36d194331369edf54f993861987461
4/6/2016 9:00:00 PM,27.0,340.0,690.0,,,635,2016-04-06T21:00:00.000000Z,MWC_ETP_MELBOURNE,inlet,DATASET_02_MELBOURNE_ETP_INLET,observed,SHA256:1e60bff7f04397d81586dd79adf34393bb36d194331369edf54f993861987461
6/21/2016 9:00:00 PM,31.0,280.0,710.0,,,636,2016-06-21T21:00:00.000000Z,MWC_ETP_MELBOURNE,inlet,DATASET_02_MELBOURNE_ETP_INLET,observed,SHA256:1e60bff7f04397d81586dd79adf34393bb36d194331369edf54f993861987461
8/29/2016 9:00:00 PM,33.0,320.0,800.0,,,637,2016-08-29T21:00:00.000000Z,MWC_ETP_MELBOURNE,inlet,DATASET_02_MELBOURNE_ETP_INLET,observed,SHA256:1e60bff7f04397d81586dd79adf34393bb36d194331369edf54f993861987461
9/7/2015 9:00:00 PM,43.0,,870.0,,,638,2015-09-07T21:00:00.000000Z,MWC_ETP_MELBOURNE,inlet,DATASET_02_MELBOURNE_ETP_INLET,observed,SHA256:1e60bff7f04397d81586dd79adf34393bb36d194331369edf54f993861987461
11/15/2015 8:00:00 PM,43.0,,875.0,,,639,2015-11-15T20:00:00.000000Z,MWC_ETP_MELBOURNE,inlet,DATASET_02_MELBOURNE_ETP_INLET,observed,SHA256:1e60bff7f04397d81586dd79adf34393bb36d194331369edf54f993861987461
1/16/2017 8:00:00 PM,37.0,360.0,1000.0,,,640,2017-01-16T20:00:00.000000Z,MWC_ETP_MELBOURNE,inlet,DATASET_02_MELBOURNE_ETP_INLET,observed,SHA256:1e60bff7f04397d81586dd79adf34393bb36d194331369edf54f993861987461
4/7/2016 9:00:00 PM,37.0,370.0,730.0,,,641,2016-04-07T21:00:00.000000Z,MWC_ETP_MELBOURNE,inlet,DATASET_02_MELBOURNE_ETP_INLET,observed,SHA256:1e60bff7f04397d81586dd79adf34393bb36d194331369edf54f993861987461
6/22/2016 9:00:00 PM,40.0,330.0,740.0,0.01,55.0,642,2016-06-22T21:00:00.000000Z,MWC_ETP_MELBOURNE,inlet,DATASET_02_MELBOURNE_ETP_INLET,observed,SHA256:1e60bff7f04397d81586dd79adf34393bb36d194331369edf54f993861987461
8/30/2016 9:00:00 PM,34.0,450.0,860.0,,,643,2016-08-30T21:00:00.000000Z,MWC_ETP_MELBOURNE,inlet,DATASET_02_MELBOURNE_ETP_INLET,observed,SHA256:1e60bff7f04397d81586dd79adf34393bb36d194331369edf54f993861987461
9/8/2015 9:00:00 PM,48.0,340.0,780.0,,,644,2015-09-08T21:00:00.000000Z,MWC_ETP_MELBOURNE,inlet,DATASET_02_MELBOURNE_ETP_INLET,observed,SHA256:1e60bff7f04397d81586dd79adf34393bb36d194331369edf54f993861987461
11/16/2015 8:00:00 PM,42.0,,810.0,,,645,2015-11-16T20:00:00.000000Z,MWC_ETP_MELBOURNE,inlet,DATASET_02_MELBOURNE_ETP_INLET,observed,SHA256:1e60bff7f04397d81586dd79adf34393bb36d194331369edf54f993861987461
1/17/2017 8:00:00 PM,46.0,360.0,910.0,,,646,2017-01-17T20:00:00.000000Z,MWC_ETP_MELBOURNE,inlet,DATASET_02_MELBOURNE_ETP_INLET,observed,SHA256:1e60bff7f04397d81586dd79adf34393bb36d194331369edf54f993861987461
4/10/2016 9:00:00 PM,41.0,380.0,750.0,,,647,2016-04-10T21:00:00.000000Z,MWC_ETP_MELBOURNE,inlet,DATASET_02_MELBOURNE_ETP_INLET,observed,SHA256:1e60bff7f04397d81586dd79adf34393bb36d194331369edf54f993861987461
6/23/2016 9:00:00 PM,17.0,270.0,600.0,,,648,2016-06-23T21:00:00.000000Z,MWC_ETP_MELBOURNE,inlet,DATASET_02_MELBOURNE_ETP_INLET,observed,SHA256:1e60bff7f04397d81586dd79adf34393bb36d194331369edf54f993861987461
8/31/2016 9:00:00 PM,34.0,400.0,860.0,,,649,2016-08-31T21:00:00.000000Z,MWC_ETP_MELBOURNE,inlet,DATASET_02_MELBOURNE_ETP_INLET,observed,SHA256:1e60bff7f04397d81586dd79adf34393bb36d194331369edf54f993861987461
9/9/2015 9:00:00 PM,48.0,,910.0,,,650,2015-09-09T21:00:00.000000Z,MWC_ETP_MELBOURNE,inlet,DATASET_02_MELBOURNE_ETP_INLET,observed,SHA256:1e60bff7f04397d81586dd79adf34393bb36d194331369edf54f993861987461
11/17/2015 8:00:00 PM,47.0,,975.0,,,651,2015-11-17T20:00:00.000000Z,MWC_ETP_MELBOURNE,inlet,DATASET_02_MELBOURNE_ETP_INLET,observed,SHA256:1e60bff7f04397d81586dd79adf34393bb36d194331369edf54f993861987461
1/18/2017 8:00:00 PM,50.0,420.0,1200.0,,,652,2017-01-18T20:00:00.000000Z,MWC_ETP_MELBOURNE,inlet,DATASET_02_MELBOURNE_ETP_INLET,observed,SHA256:1e60bff7f04397d81586dd79adf34393bb36d194331369edf54f993861987461
4/11/2016 9:00:00 PM,52.0,440.0,910.0,0.02,74.0,653,2016-04-11T21:00:00.000000Z,MWC_ETP_MELBOURNE,inlet,DATASET_02_MELBOURNE_ETP_INLET,observed,SHA256:1e60bff7f04397d81586dd79adf34393bb36d194331369edf54f993861987461
6/26/2016 9:00:00 PM,41.0,310.0,680.0,,,654,2016-06-26T21:00:00.000000Z,MWC_ETP_MELBOURNE,inlet,DATASET_02_MELBOURNE_ETP_INLET,observed,SHA256:1e60bff7f04397d81586dd79adf34393bb36d194331369edf54f993861987461
9/1/2016 9:00:00 PM,40.0,510.0,800.0,,,655,2016-09-01T21:00:00.000000Z,MWC_ETP_MELBOURNE,inlet,DATASET_02_MELBOURNE_ETP_INLET,observed,SHA256:1e60bff7f04397d81586dd79adf34393bb36d194331369edf54f993861987461
9/10/2015 9:00:00 PM,45.0,,940.0,,,656,2015-09-10T21:00:00.000000Z,MWC_ETP_MELBOURNE,inlet,DATASET_02_MELBOURNE_ETP_INLET,observed,SHA256:1e60bff7f04397d81586dd79adf34393bb36d194331369edf54f993861987461
11/18/2015 8:00:00 PM,47.0,,1060.0,,,657,2015-11-18T20:00:00.000000Z,MWC_ETP_MELBOURNE,inlet,DATASET_02_MELBOURNE_ETP_INLET,observed,SHA256:1e60bff7f04397d81586dd79adf34393bb36d194331369edf54f993861987461
1/19/2017 8:00:00 PM,37.0,520.0,1300.0,,,658,2017-01-19T20:00:00.000000Z,MWC_ETP_MELBOURNE,inlet,DATASET_02_MELBOURNE_ETP_INLET,observed,SHA256:1e60bff7f04397d81586dd79adf34393bb36d194331369edf54f993861987461
4/12/2016 9:00:00 PM,43.0,550.0,940.0,,,659,2016-04-12T21:00:00.000000Z,MWC_ETP_MELBOURNE,inlet,DATASET_02_MELBOURNE_ETP_INLET,observed,SHA256:1e60bff7f04397d81586dd79adf34393bb36d194331369edf54f993861987461
6/27/2016 9:00:00 PM,40.0,300.0,820.0,,,660,2016-06-27T21:00:00.000000Z,MWC_ETP_MELBOURNE,inlet,DATASET_02_MELBOURNE_ETP_INLET,observed,SHA256:1e60bff7f04397d81586dd79adf34393bb36d194331369edf54f993861987461
9/4/2016 9:00:00 PM,40.0,450.0,770.0,,,661,2016-09-04T21:00:00.000000Z,MWC_ETP_MELBOURNE,inlet,DATASET_02_MELBOURNE_ETP_INLET,observed,SHA256:1e60bff7f04397d81586dd79adf34393bb36d194331369edf54f993861987461
9/13/2015 9:00:00 PM,36.0,,826.0,,,662,2015-09-13T21:00:00.000000Z,MWC_ETP_MELBOURNE,inlet,DATASET_02_MELBOURNE_ETP_INLET,observed,SHA256:1e60bff7f04397d81586dd79adf34393bb36d194331369edf54f993861987461
11/19/2015 8:00:00 PM,50.0,380.0,945.0,,,663,2015-11-19T20:00:00.000000Z,MWC_ETP_MELBOURNE,inlet,DATASET_02_MELBOURNE_ETP_INLET,observed,SHA256:1e60bff7f04397d81586dd79adf34393bb36d194331369edf54f993861987461
1/22/2017 8:00:00 PM,51.0,270.0,720.0,,,664,2017-01-22T20:00:00.000000Z,MWC_ETP_MELBOURNE,inlet,DATASET_02_MELBOURNE_ETP_INLET,observed,SHA256:1e60bff7f04397d81586dd79adf34393bb36d194331369edf54f993861987461
4/13/2016 9:00:00 PM,39.0,440.0,840.0,,,665,2016-04-13T21:00:00.000000Z,MWC_ETP_MELBOURNE,inlet,DATASET_02_MELBOURNE_ETP_INLET,observed,SHA256:1e60bff7f04397d81586dd79adf34393bb36d194331369edf54f993861987461
6/28/2016 9:00:00 PM,39.0,350.0,780.0,,,666,2016-06-28T21:00:00.000000Z,MWC_ETP_MELBOURNE,inlet,DATASET_02_MELBOURNE_ETP_INLET,observed,SHA256:1e60bff7f04397d81586dd79adf34393bb36d194331369edf54f993861987461
9/5/2016 9:00:00 PM,47.0,350.0,780.0,,,667,2016-09-05T21:00:00.000000Z,MWC_ETP_MELBOURNE,inlet,DATASET_02_MELBOURNE_ETP_INLET,observed,SHA256:1e60bff7f04397d81586dd79adf34393bb36d194331369edf54f993861987461
9/14/2015 9:00:00 PM,30.0,380.0,769.0,0.01,52.0,668,2015-09-14T21:00:00.000000Z,MWC_ETP_MELBOURNE,inlet,DATASET_02_MELBOURNE_ETP_INLET,observed,SHA256:1e60bff7f04397d81586dd79adf34393bb36d194331369edf54f993861987461
11/22/2015 8:00:00 PM,50.0,,840.0,,,669,2015-11-22T20:00:00.000000Z,MWC_ETP_MELBOURNE,inlet,DATASET_02_MELBOURNE_ETP_INLET,observed,SHA256:1e60bff7f04397d81586dd79adf34393bb36d194331369edf54f993861987461
1/23/2017 8:00:00 PM,46.0,350.0,1000.0,0.01,62.0,670,2017-01-23T20:00:00.000000Z,MWC_ETP_MELBOURNE,inlet,DATASET_02_MELBOURNE_ETP_INLET,observed,SHA256:1e60bff7f04397d81586dd79adf34393bb36d194331369edf54f993861987461
4/14/2016 9:00:00 PM,38.0,450.0,750.0,,,671,2016-04-14T21:00:00.000000Z,MWC_ETP_MELBOURNE,inlet,DATASET_02_MELBOURNE_ETP_INLET,observed,SHA256:1e60bff7f04397d81586dd79adf34393bb36d194331369edf54f993861987461
6/29/2016 9:00:00 PM,28.0,360.0,920.0,,,672,2016-06-29T21:00:00.000000Z,MWC_ETP_MELBOURNE,inlet,DATASET_02_MELBOURNE_ETP_INLET,observed,SHA256:1e60bff7f04397d81586dd79adf34393bb36d194331369edf54f993861987461
9/6/2016 9:00:00 PM,43.0,350.0,800.0,0.02,56.0,673,2016-09-06T21:00:00.000000Z,MWC_ETP_MELBOURNE,inlet,DATASET_02_MELBOURNE_ETP_INLET,observed,SHA256:1e60bff7f04397d81586dd79adf34393bb36d194331369edf54f993861987461
9/15/2015 9:00:00 PM,29.0,,627.0,,,674,2015-09-15T21:00:00.000000Z,MWC_ETP_MELBOURNE,inlet,DATASET_02_MELBOURNE_ETP_INLET,observed,SHA256:1e60bff7f04397d81586dd79adf34393bb36d194331369edf54f993861987461
11/23/2015 8:00:00 PM,50.0,,900.0,,,675,2015-11-23T20:00:00.000000Z,MWC_ETP_MELBOURNE,inlet,DATASET_02_MELBOURNE_ETP_INLET,observed,SHA256:1e60bff7f04397d81586dd79adf34393bb36d194331369edf54f993861987461
1/24/2017 8:00:00 PM,36.0,370.0,1100.0,,,676,2017-01-24T20:00:00.000000Z,MWC_ETP_MELBOURNE,inlet,DATASET_02_MELBOURNE_ETP_INLET,observed,SHA256:1e60bff7f04397d81586dd79adf34393bb36d194331369edf54f993861987461
4/17/2016 9:00:00 PM,40.0,330.0,700.0,,,677,2016-04-17T21:00:00.000000Z,MWC_ETP_MELBOURNE,inlet,DATASET_02_MELBOURNE_ETP_INLET,observed,SHA256:1e60bff7f04397d81586dd79adf34393bb36d194331369edf54f993861987461
6/30/2016 9:00:00 PM,34.0,370.0,880.0,,,678,2016-06-30T21:00:00.000000Z,MWC_ETP_MELBOURNE,inlet,DATASET_02_MELBOURNE_ETP_INLET,observed,SHA256:1e60bff7f04397d81586dd79adf34393bb36d194331369edf54f993861987461
9/7/2016 9:00:00 PM,26.0,330.0,840.0,,,679,2016-09-07T21:00:00.000000Z,MWC_ETP_MELBOURNE,inlet,DATASET_02_MELBOURNE_ETP_INLET,observed,SHA256:1e60bff7f04397d81586dd79adf34393bb36d194331369edf54f993861987461
9/16/2015 9:00:00 PM,33.0,,760.0,,,680,2015-09-16T21:00:00.000000Z,MWC_ETP_MELBOURNE,inlet,DATASET_02_MELBOURNE_ETP_INLET,observed,SHA256:1e60bff7f04397d81586dd79adf34393bb36d194331369edf54f993861987461
11/24/2015 8:00:00 PM,41.0,,1170.0,,,681,2015-11-24T20:00:00.000000Z,MWC_ETP_MELBOURNE,inlet,DATASET_02_MELBOURNE_ETP_INLET,observed,SHA256:1e60bff7f04397d81586dd79adf34393bb36d194331369edf54f993861987461
1/26/2017 8:00:00 PM,55.0,350.0,790.0,,,682,2017-01-26T20:00:00.000000Z,MWC_ETP_MELBOURNE,inlet,DATASET_02_MELBOURNE_ETP_INLET,observed,SHA256:1e60bff7f04397d81586dd79adf34393bb36d194331369edf54f993861987461
4/18/2016 9:00:00 PM,35.0,330.0,690.0,,,683,2016-04-18T21:00:00.000000Z,MWC_ETP_MELBOURNE,inlet,DATASET_02_MELBOURNE_ETP_INLET,observed,SHA256:1e60bff7f04397d81586dd79adf34393bb36d194331369edf54f993861987461
7/3/2016 9:00:00 PM,38.0,300.0,690.0,,,684,2016-07-03T21:00:00.000000Z,MWC_ETP_MELBOURNE,inlet,DATASET_02_MELBOURNE_ETP_INLET,observed,SHA256:1e60bff7f04397d81586dd79adf34393bb36d194331369edf54f993861987461
9/8/2016 9:00:00 PM,30.0,490.0,820.0,,,685,2016-09-08T21:00:00.000000Z,MWC_ETP_MELBOURNE,inlet,DATASET_02_MELBOURNE_ETP_INLET,observed,SHA256:1e60bff7f04397d81586dd79adf34393bb36d194331369edf54f993861987461
9/17/2015 9:00:00 PM,26.0,,627.0,,,686,2015-09-17T21:00:00.000000Z,MWC_ETP_MELBOURNE,inlet,DATASET_02_MELBOURNE_ETP_INLET,observed,SHA256:1e60bff7f04397d81586dd79adf34393bb36d194331369edf54f993861987461
11/25/2015 8:00:00 PM,42.0,450.0,1030.0,0.01,72.0,687,2015-11-25T20:00:00.000000Z,MWC_ETP_MELBOURNE,inlet,DATASET_02_MELBOURNE_ETP_INLET,observed,SHA256:1e60bff7f04397d81586dd79adf34393bb36d194331369edf54f993861987461
1/29/2017 8:00:00 PM,55.0,480.0,1300.0,,,688,2017-01-29T20:00:00.000000Z,MWC_ETP_MELBOURNE,inlet,DATASET_02_MELBOURNE_ETP_INLET,observed,SHA256:1e60bff7f04397d81586dd79adf34393bb36d194331369edf54f993861987461
4/19/2016 9:00:00 PM,44.0,530.0,1000.0,,,689,2016-04-19T21:00:00.000000Z,MWC_ETP_MELBOURNE,inlet,DATASET_02_MELBOURNE_ETP_INLET,observed,SHA256:1e60bff7f04397d81586dd79adf34393bb36d194331369edf54f993861987461
7/4/2016 9:00:00 PM,46.0,370.0,,,,690,2016-07-04T21:00:00.000000Z,MWC_ETP_MELBOURNE,inlet,DATASET_02_MELBOURNE_ETP_INLET,observed,SHA256:1e60bff7f04397d81586dd79adf34393bb36d194331369edf54f993861987461
9/11/2016 9:00:00 PM,23.0,360.0,650.0,,,691,2016-09-11T21:00:00.000000Z,MWC_ETP_MELBOURNE,inlet,DATASET_02_MELBOURNE_ETP_INLET,observed,SHA256:1e60bff7f04397d81586dd79adf34393bb36d194331369edf54f993861987461
9/20/2015 9:00:00 PM,36.0,350.0,747.0,,,692,2015-09-20T21:00:00.000000Z,MWC_ETP_MELBOURNE,inlet,DATASET_02_MELBOURNE_ETP_INLET,observed,SHA256:1e60bff7f04397d81586dd79adf34393bb36d194331369edf54f993861987461
11/26/2015 8:00:00 PM,46.0,,1090.0,,,693,2015-11-26T20:00:00.000000Z,MWC_ETP_MELBOURNE,inlet,DATASET_02_MELBOURNE_ETP_INLET,observed,SHA256:1e60bff7f04397d81586dd79adf34393bb36d194331369edf54f993861987461
1/30/2017 8:00:00 PM,47.0,350.0,820.0,,,694,2017-01-30T20:00:00.000000Z,MWC_ETP_MELBOURNE,inlet,DATASET_02_MELBOURNE_ETP_INLET,observed,SHA256:1e60bff7f04397d81586dd79adf34393bb36d194331369edf54f993861987461
4/20/2016 9:00:00 PM,47.0,720.0,930.0,,,695,2016-04-20T21:00:00.000000Z,MWC_ETP_MELBOURNE,inlet,DATASET_02_MELBOURNE_ETP_INLET,observed,SHA256:1e60bff7f04397d81586dd79adf34393bb36d194331369edf54f993861987461
4/21/2016 9:00:00 PM,41.0,580.0,850.0,,,696,2016-04-21T21:00:00.000000Z,MWC_ETP_MELBOURNE,inlet,DATASET_02_MELBOURNE_ETP_INLET,observed,SHA256:1e60bff7f04397d81586dd79adf34393bb36d194331369edf54f993861987461
4/22/2016 9:00:00 PM,33.0,,,,,697,2016-04-22T21:00:00.000000Z,MWC_ETP_MELBOURNE,inlet,DATASET_02_MELBOURNE_ETP_INLET,observed,SHA256:1e60bff7f04397d81586dd79adf34393bb36d194331369edf54f993861987461
4/25/2016 9:00:00 PM,39.0,400.0,630.0,,,698,2016-04-25T21:00:00.000000Z,MWC_ETP_MELBOURNE,inlet,DATASET_02_MELBOURNE_ETP_INLET,observed,SHA256:1e60bff7f04397d81586dd79adf34393bb36d194331369edf54f993861987461
4/26/2016 9:00:00 PM,30.0,380.0,780.0,,,699,2016-04-26T21:00:00.000000Z,MWC_ETP_MELBOURNE,inlet,DATASET_02_MELBOURNE_ETP_INLET,observed,SHA256:1e60bff7f04397d81586dd79adf34393bb36d194331369edf54f993861987461
4/27/2016 9:00:00 PM,45.0,810.0,900.0,0.01,70.0,700,2016-04-27T21:00:00.000000Z,MWC_ETP_MELBOURNE,inlet,DATASET_02_MELBOURNE_ETP_INLET,observed,SHA256:1e60bff7f04397d81586dd79adf34393bb36d194331369edf54f993861987461
4/28/2016 9:00:00 PM,46.0,620.0,650.0,,,701,2016-04-28T21:00:00.000000Z,MWC_ETP_MELBOURNE,inlet,DATASET_02_MELBOURNE_ETP_INLET,observed,SHA256:1e60bff7f04397d81586dd79adf34393bb36d194331369edf54f993861987461
5/1/2016 9:00:00 PM,36.0,500.0,850.0,,,702,2016-05-01T21:00:00.000000Z,MWC_ETP_MELBOURNE,inlet,DATASET_02_MELBOURNE_ETP_INLET,observed,SHA256:1e60bff7f04397d81586dd79adf34393bb36d194331369edf54f993861987461
5/2/2016 9:00:00 PM,37.0,350.0,960.0,,,703,2016-05-02T21:00:00.000000Z,MWC_ETP_MELBOURNE,inlet,DATASET_02_MELBOURNE_ETP_INLET,observed,SHA256:1e60bff7f04397d81586dd79adf34393bb36d194331369edf54f993861987461
5/3/2016 9:00:00 PM,40.0,370.0,1300.0,,,704,2016-05-03T21:00:00.000000Z,MWC_ETP_MELBOURNE,inlet,DATASET_02_MELBOURNE_ETP_INLET,observed,SHA256:1e60bff7f04397d81586dd79adf34393bb36d194331369edf54f993861987461
5/4/2016 9:00:00 PM,34.0,590.0,900.0,,,705,2016-05-04T21:00:00.000000Z,MWC_ETP_MELBOURNE,inlet,DATASET_02_MELBOURNE_ETP_INLET,observed,SHA256:1e60bff7f04397d81586dd79adf34393bb36d194331369edf54f993861987461
5/5/2016 9:00:00 PM,37.0,780.0,1000.0,,,706,2016-05-05T21:00:00.000000Z,MWC_ETP_MELBOURNE,inlet,DATASET_02_MELBOURNE_ETP_INLET,observed,SHA256:1e60bff7f04397d81586dd79adf34393bb36d194331369edf54f993861987461
5/8/2016 9:00:00 PM,50.0,470.0,790.0,,,707,2016-05-08T21:00:00.000000Z,MWC_ETP_MELBOURNE,inlet,DATASET_02_MELBOURNE_ETP_INLET,observed,SHA256:1e60bff7f04397d81586dd79adf34393bb36d194331369edf54f993861987461
5/9/2016 9:00:00 PM,40.0,570.0,820.0,,,708,2016-05-09T21:00:00.000000Z,MWC_ETP_MELBOURNE,inlet,DATASET_02_MELBOURNE_ETP_INLET,observed,SHA256:1e60bff7f04397d81586dd79adf34393bb36d194331369edf54f993861987461
5/10/2016 9:00:00 PM,35.0,360.0,930.0,,,709,2016-05-10T21:00:00.000000Z,MWC_ETP_MELBOURNE,inlet,DATASET_02_MELBOURNE_ETP_INLET,observed,SHA256:1e60bff7f04397d81586dd79adf34393bb36d194331369edf54f993861987461
5/11/2016 9:00:00 PM,38.0,360.0,710.0,0.06,63.0,710,2016-05-11T21:00:00.000000Z,MWC_ETP_MELBOURNE,inlet,DATASET_02_MELBOURNE_ETP_INLET,observed,SHA256:1e60bff7f04397d81586dd79adf34393bb36d194331369edf54f993861987461
5/12/2016 9:00:00 PM,39.0,360.0,890.0,,,711,2016-05-12T21:00:00.000000Z,MWC_ETP_MELBOURNE,inlet,DATASET_02_MELBOURNE_ETP_INLET,observed,SHA256:1e60bff7f04397d81586dd79adf34393bb36d194331369edf54f993861987461
5/15/2016 9:00:00 PM,50.0,310.0,660.0,,,712,2016-05-15T21:00:00.000000Z,MWC_ETP_MELBOURNE,inlet,DATASET_02_MELBOURNE_ETP_INLET,observed,SHA256:1e60bff7f04397d81586dd79adf34393bb36d194331369edf54f993861987461
5/16/2016 9:00:00 PM,49.0,670.0,900.0,,,713,2016-05-16T21:00:00.000000Z,MWC_ETP_MELBOURNE,inlet,DATASET_02_MELBOURNE_ETP_INLET,observed,SHA256:1e60bff7f04397d81586dd79adf34393bb36d194331369edf54f993861987461
5/17/2016 9:00:00 PM,40.0,620.0,900.0,,,714,2016-05-17T21:00:00.000000Z,MWC_ETP_MELBOURNE,inlet,DATASET_02_MELBOURNE_ETP_INLET,observed,SHA256:1e60bff7f04397d81586dd79adf34393bb36d194331369edf54f993861987461
9/21/2015 9:00:00 PM,37.0,,988.0,,,715,2015-09-21T21:00:00.000000Z,MWC_ETP_MELBOURNE,inlet,DATASET_02_MELBOURNE_ETP_INLET,observed,SHA256:1e60bff7f04397d81586dd79adf34393bb36d194331369edf54f993861987461
9/22/2015 9:00:00 PM,49.0,,852.0,,,716,2015-09-22T21:00:00.000000Z,MWC_ETP_MELBOURNE,inlet,DATASET_02_MELBOURNE_ETP_INLET,observed,SHA256:1e60bff7f04397d81586dd79adf34393bb36d194331369edf54f993861987461
9/23/2015 9:00:00 PM,54.0,,1322.0,,,717,2015-09-23T21:00:00.000000Z,MWC_ETP_MELBOURNE,inlet,DATASET_02_MELBOURNE_ETP_INLET,observed,SHA256:1e60bff7f04397d81586dd79adf34393bb36d194331369edf54f993861987461
9/24/2015 9:00:00 PM,51.0,,898.0,,,718,2015-09-24T21:00:00.000000Z,MWC_ETP_MELBOURNE,inlet,DATASET_02_MELBOURNE_ETP_INLET,observed,SHA256:1e60bff7f04397d81586dd79adf34393bb36d194331369edf54f993861987461
9/27/2015 9:00:00 PM,38.0,,885.0,,,719,2015-09-27T21:00:00.000000Z,MWC_ETP_MELBOURNE,inlet,DATASET_02_MELBOURNE_ETP_INLET,observed,SHA256:1e60bff7f04397d81586dd79adf34393bb36d194331369edf54f993861987461
9/28/2015 9:00:00 PM,45.0,,1028.0,,,720,2015-09-28T21:00:00.000000Z,MWC_ETP_MELBOURNE,inlet,DATASET_02_MELBOURNE_ETP_INLET,observed,SHA256:1e60bff7f04397d81586dd79adf34393bb36d194331369edf54f993861987461
9/29/2015 9:00:00 PM,48.0,,917.0,,,721,2015-09-29T21:00:00.000000Z,MWC_ETP_MELBOURNE,inlet,DATASET_02_MELBOURNE_ETP_INLET,observed,SHA256:1e60bff7f04397d81586dd79adf34393bb36d194331369edf54f993861987461
9/30/2015 9:00:00 PM,54.0,570.0,1193.0,0.01,86.0,722,2015-09-30T21:00:00.000000Z,MWC_ETP_MELBOURNE,inlet,DATASET_02_MELBOURNE_ETP_INLET,observed,SHA256:1e60bff7f04397d81586dd79adf34393bb36d194331369edf54f993861987461
10/2/2015 9:00:00 PM,41.0,,899.0,,,723,2015-10-02T21:00:00.000000Z,MWC_ETP_MELBOURNE,inlet,DATASET_02_MELBOURNE_ETP_INLET,observed,SHA256:1e60bff7f04397d81586dd79adf34393bb36d194331369edf54f993861987461
10/4/2015 8:00:00 PM,39.0,,958.0,,,724,2015-10-04T20:00:00.000000Z,MWC_ETP_MELBOURNE,inlet,DATASET_02_MELBOURNE_ETP_INLET,observed,SHA256:1e60bff7f04397d81586dd79adf34393bb36d194331369edf54f993861987461
10/5/2015 8:00:00 PM,40.0,,868.0,,,725,2015-10-05T20:00:00.000000Z,MWC_ETP_MELBOURNE,inlet,DATASET_02_MELBOURNE_ETP_INLET,observed,SHA256:1e60bff7f04397d81586dd79adf34393bb36d194331369edf54f993861987461
10/6/2015 8:00:00 PM,43.0,,884.0,,,726,2015-10-06T20:00:00.000000Z,MWC_ETP_MELBOURNE,inlet,DATASET_02_MELBOURNE_ETP_INLET,observed,SHA256:1e60bff7f04397d81586dd79adf34393bb36d194331369edf54f993861987461
10/7/2015 8:00:00 PM,45.0,,908.0,,,727,2015-10-07T20:00:00.000000Z,MWC_ETP_MELBOURNE,inlet,DATASET_02_MELBOURNE_ETP_INLET,observed,SHA256:1e60bff7f04397d81586dd79adf34393bb36d194331369edf54f993861987461
10/8/2015 8:00:00 PM,46.0,560.0,996.0,,,728,2015-10-08T20:00:00.000000Z,MWC_ETP_MELBOURNE,inlet,DATASET_02_MELBOURNE_ETP_INLET,observed,SHA256:1e60bff7f04397d81586dd79adf34393bb36d194331369edf54f993861987461
10/11/2015 8:00:00 PM,39.0,,879.0,,,729,2015-10-11T20:00:00.000000Z,MWC_ETP_MELBOURNE,inlet,DATASET_02_MELBOURNE_ETP_INLET,observed,SHA256:1e60bff7f04397d81586dd79adf34393bb36d194331369edf54f993861987461
10/12/2015 8:00:00 PM,39.0,,836.0,,,730,2015-10-12T20:00:00.000000Z,MWC_ETP_MELBOURNE,inlet,DATASET_02_MELBOURNE_ETP_INLET,observed,SHA256:1e60bff7f04397d81586dd79adf34393bb36d194331369edf54f993861987461
10/13/2015 8:00:00 PM,35.0,,684.0,,,731,2015-10-13T20:00:00.000000Z,MWC_ETP_MELBOURNE,inlet,DATASET_02_MELBOURNE_ETP_INLET,observed,SHA256:1e60bff7f04397d81586dd79adf34393bb36d194331369edf54f993861987461
9/12/2016 9:00:00 PM,40.0,350.0,690.0,,,732,2016-09-12T21:00:00.000000Z,MWC_ETP_MELBOURNE,inlet,DATASET_02_MELBOURNE_ETP_INLET,observed,SHA256:1e60bff7f04397d81586dd79adf34393bb36d194331369edf54f993861987461
9/13/2016 9:00:00 PM,23.0,300.0,650.0,,,733,2016-09-13T21:00:00.000000Z,MWC_ETP_MELBOURNE,inlet,DATASET_02_MELBOURNE_ETP_INLET,observed,SHA256:1e60bff7f04397d81586dd79adf34393bb36d194331369edf54f993861987461
9/14/2016 9:00:00 PM,18.0,270.0,550.0,,,734,2016-09-14T21:00:00.000000Z,MWC_ETP_MELBOURNE,inlet,DATASET_02_MELBOURNE_ETP_INLET,observed,SHA256:1e60bff7f04397d81586dd79adf34393bb36d194331369edf54f993861987461
9/15/2016 9:00:00 PM,18.0,270.0,450.0,,,735,2016-09-15T21:00:00.000000Z,MWC_ETP_MELBOURNE,inlet,DATASET_02_MELBOURNE_ETP_INLET,observed,SHA256:1e60bff7f04397d81586dd79adf34393bb36d194331369edf54f993861987461
9/18/2016 9:00:00 PM,43.0,330.0,650.0,,,736,2016-09-18T21:00:00.000000Z,MWC_ETP_MELBOURNE,inlet,DATASET_02_MELBOURNE_ETP_INLET,observed,SHA256:1e60bff7f04397d81586dd79adf34393bb36d194331369edf54f993861987461
9/19/2016 9:00:00 PM,33.0,450.0,1000.0,,,737,2016-09-19T21:00:00.000000Z,MWC_ETP_MELBOURNE,inlet,DATASET_02_MELBOURNE_ETP_INLET,observed,SHA256:1e60bff7f04397d81586dd79adf34393bb36d194331369edf54f993861987461
9/20/2016 9:00:00 PM,29.0,370.0,760.0,,,738,2016-09-20T21:00:00.000000Z,MWC_ETP_MELBOURNE,inlet,DATASET_02_MELBOURNE_ETP_INLET,observed,SHA256:1e60bff7f04397d81586dd79adf34393bb36d194331369edf54f993861987461
9/21/2016 9:00:00 PM,38.0,360.0,720.0,,,739,2016-09-21T21:00:00.000000Z,MWC_ETP_MELBOURNE,inlet,DATASET_02_MELBOURNE_ETP_INLET,observed,SHA256:1e60bff7f04397d81586dd79adf34393bb36d194331369edf54f993861987461
9/22/2016 9:00:00 PM,32.0,380.0,740.0,0.01,55.0,740,2016-09-22T21:00:00.000000Z,MWC_ETP_MELBOURNE,inlet,DATASET_02_MELBOURNE_ETP_INLET,observed,SHA256:1e60bff7f04397d81586dd79adf34393bb36d194331369edf54f993861987461
9/25/2016 9:00:00 PM,29.0,370.0,670.0,,,741,2016-09-25T21:00:00.000000Z,MWC_ETP_MELBOURNE,inlet,DATASET_02_MELBOURNE_ETP_INLET,observed,SHA256:1e60bff7f04397d81586dd79adf34393bb36d194331369edf54f993861987461
9/26/2016 9:00:00 PM,28.0,350.0,720.0,,,742,2016-09-26T21:00:00.000000Z,MWC_ETP_MELBOURNE,inlet,DATASET_02_MELBOURNE_ETP_INLET,observed,SHA256:1e60bff7f04397d81586dd79adf34393bb36d194331369edf54f993861987461
9/27/2016 9:00:00 PM,23.0,300.0,590.0,,,743,2016-09-27T21:00:00.000000Z,MWC_ETP_MELBOURNE,inlet,DATASET_02_MELBOURNE_ETP_INLET,observed,SHA256:1e60bff7f04397d81586dd79adf34393bb36d194331369edf54f993861987461
9/28/2016 9:00:00 PM,27.0,360.0,740.0,,,744,2016-09-28T21:00:00.000000Z,MWC_ETP_MELBOURNE,inlet,DATASET_02_MELBOURNE_ETP_INLET,observed,SHA256:1e60bff7f04397d81586dd79adf34393bb36d194331369edf54f993861987461
9/30/2016 9:00:00 PM,31.0,,,,,745,2016-09-30T21:00:00.000000Z,MWC_ETP_MELBOURNE,inlet,DATASET_02_MELBOURNE_ETP_INLET,observed,SHA256:1e60bff7f04397d81586dd79adf34393bb36d194331369edf54f993861987461
10/2/2016 8:00:00 PM,30.0,300.0,610.0,,,746,2016-10-02T20:00:00.000000Z,MWC_ETP_MELBOURNE,inlet,DATASET_02_MELBOURNE_ETP_INLET,observed,SHA256:1e60bff7f04397d81586dd79adf34393bb36d194331369edf54f993861987461
10/3/2016 8:00:00 PM,20.0,260.0,490.0,,,747,2016-10-03T20:00:00.000000Z,MWC_ETP_MELBOURNE,inlet,DATASET_02_MELBOURNE_ETP_INLET,observed,SHA256:1e60bff7f04397d81586dd79adf34393bb36d194331369edf54f993861987461
10/4/2016 8:00:00 PM,25.0,340.0,570.0,0.01,41.0,748,2016-10-04T20:00:00.000000Z,MWC_ETP_MELBOURNE,inlet,DATASET_02_MELBOURNE_ETP_INLET,observed,SHA256:1e60bff7f04397d81586dd79adf34393bb36d194331369edf54f993861987461
1/31/2017 8:00:00 PM,29.0,460.0,1000.0,,,749,2017-01-31T20:00:00.000000Z,MWC_ETP_MELBOURNE,inlet,DATASET_02_MELBOURNE_ETP_INLET,observed,SHA256:1e60bff7f04397d81586dd79adf34393bb36d194331369edf54f993861987461
2/1/2017 8:00:00 PM,45.0,510.0,920.0,,,750,2017-02-01T20:00:00.000000Z,MWC_ETP_MELBOURNE,inlet,DATASET_02_MELBOURNE_ETP_INLET,observed,SHA256:1e60bff7f04397d81586dd79adf34393bb36d194331369edf54f993861987461
7/5/2016 9:00:00 PM,22.0,370.0,810.0,,,751,2016-07-05T21:00:00.000000Z,MWC_ETP_MELBOURNE,inlet,DATASET_02_MELBOURNE_ETP_INLET,observed,SHA256:1e60bff7f04397d81586dd79adf34393bb36d194331369edf54f993861987461
2/2/2017 8:00:00 PM,47.0,510.0,910.0,,,752,2017-02-02T20:00:00.000000Z,MWC_ETP_MELBOURNE,inlet,DATASET_02_MELBOURNE_ETP_INLET,observed,SHA256:1e60bff7f04397d81586dd79adf34393bb36d194331369edf54f993861987461
11/29/2015 8:00:00 PM,44.0,,835.0,,,753,2015-11-29T20:00:00.000000Z,MWC_ETP_MELBOURNE,inlet,DATASET_02_MELBOURNE_ETP_INLET,observed,SHA256:1e60bff7f04397d81586dd79adf34393bb36d194331369edf54f993861987461
7/6/2016 9:00:00 PM,20.0,310.0,570.0,,,754,2016-07-06T21:00:00.000000Z,MWC_ETP_MELBOURNE,inlet,DATASET_02_MELBOURNE_ETP_INLET,observed,SHA256:1e60bff7f04397d81586dd79adf34393bb36d194331369edf54f993861987461
2/5/2017 8:00:00 PM,27.0,770.0,1300.0,,,755,2017-02-05T20:00:00.000000Z,MWC_ETP_MELBOURNE,inlet,DATASET_02_MELBOURNE_ETP_INLET,observed,SHA256:1e60bff7f04397d81586dd79adf34393bb36d194331369edf54f993861987461
11/30/2015 8:00:00 PM,50.0,370.0,1100.0,,,756,2015-11-30T20:00:00.000000Z,MWC_ETP_MELBOURNE,inlet,DATASET_02_MELBOURNE_ETP_INLET,observed,SHA256:1e60bff7f04397d81586dd79adf34393bb36d194331369edf54f993861987461
7/7/2016 9:00:00 PM,39.0,410.0,670.0,,,757,2016-07-07T21:00:00.000000Z,MWC_ETP_MELBOURNE,inlet,DATASET_02_MELBOURNE_ETP_INLET,observed,SHA256:1e60bff7f04397d81586dd79adf34393bb36d194331369edf54f993861987461
2/6/2017 8:00:00 PM,27.0,310.0,610.0,0.01,46.0,758,2017-02-06T20:00:00.000000Z,MWC_ETP_MELBOURNE,inlet,DATASET_02_MELBOURNE_ETP_INLET,observed,SHA256:1e60bff7f04397d81586dd79adf34393bb36d194331369edf54f993861987461
12/1/2015 8:00:00 PM,50.0,370.0,920.0,,,759,2015-12-01T20:00:00.000000Z,MWC_ETP_MELBOURNE,inlet,DATASET_02_MELBOURNE_ETP_INLET,observed,SHA256:1e60bff7f04397d81586dd79adf34393bb36d194331369edf54f993861987461
7/10/2016 9:00:00 PM,40.0,340.0,750.0,0.01,60.0,760,2016-07-10T21:00:00.000000Z,MWC_ETP_MELBOURNE,inlet,DATASET_02_MELBOURNE_ETP_INLET,observed,SHA256:1e60bff7f04397d81586dd79adf34393bb36d194331369edf54f993861987461
2/7/2017 8:00:00 PM,38.0,360.0,930.0,,,761,2017-02-07T20:00:00.000000Z,MWC_ETP_MELBOURNE,inlet,DATASET_02_MELBOURNE_ETP_INLET,observed,SHA256:1e60bff7f04397d81586dd79adf34393bb36d194331369edf54f993861987461
12/2/2015 8:00:00 PM,50.0,370.0,870.0,,,762,2015-12-02T20:00:00.000000Z,MWC_ETP_MELBOURNE,inlet,DATASET_02_MELBOURNE_ETP_INLET,observed,SHA256:1e60bff7f04397d81586dd79adf34393bb36d194331369edf54f993861987461
7/11/2016 9:00:00 PM,32.0,330.0,790.0,,,763,2016-07-11T21:00:00.000000Z,MWC_ETP_MELBOURNE,inlet,DATASET_02_MELBOURNE_ETP_INLET,observed,SHA256:1e60bff7f04397d81586dd79adf34393bb36d194331369edf54f993861987461
2/8/2017 8:00:00 PM,40.0,360.0,810.0,,,764,2017-02-08T20:00:00.000000Z,MWC_ETP_MELBOURNE,inlet,DATASET_02_MELBOURNE_ETP_INLET,observed,SHA256:1e60bff7f04397d81586dd79adf34393bb36d194331369edf54f993861987461
12/3/2015 8:00:00 PM,50.0,490.0,840.0,,,765,2015-12-03T20:00:00.000000Z,MWC_ETP_MELBOURNE,inlet,DATASET_02_MELBOURNE_ETP_INLET,observed,SHA256:1e60bff7f04397d81586dd79adf34393bb36d194331369edf54f993861987461
7/12/2016 9:00:00 PM,49.0,330.0,710.0,,,766,2016-07-12T21:00:00.000000Z,MWC_ETP_MELBOURNE,inlet,DATASET_02_MELBOURNE_ETP_INLET,observed,SHA256:1e60bff7f04397d81586dd79adf34393bb36d194331369edf54f993861987461
2/9/2017 8:00:00 PM,39.0,350.0,670.0,,,767,2017-02-09T20:00:00.000000Z,MWC_ETP_MELBOURNE,inlet,DATASET_02_MELBOURNE_ETP_INLET,observed,SHA256:1e60bff7f04397d81586dd79adf34393bb36d194331369edf54f993861987461
12/6/2015 8:00:00 PM,40.0,360.0,760.0,,,768,2015-12-06T20:00:00.000000Z,MWC_ETP_MELBOURNE,inlet,DATASET_02_MELBOURNE_ETP_INLET,observed,SHA256:1e60bff7f04397d81586dd79adf34393bb36d194331369edf54f993861987461
7/13/2016 9:00:00 PM,45.0,400.0,790.0,,,769,2016-07-13T21:00:00.000000Z,MWC_ETP_MELBOURNE,inlet,DATASET_02_MELBOURNE_ETP_INLET,observed,SHA256:1e60bff7f04397d81586dd79adf34393bb36d194331369edf54f993861987461
2/12/2017 8:00:00 PM,49.0,350.0,810.0,,,770,2017-02-12T20:00:00.000000Z,MWC_ETP_MELBOURNE,inlet,DATASET_02_MELBOURNE_ETP_INLET,observed,SHA256:1e60bff7f04397d81586dd79adf34393bb36d194331369edf54f993861987461
12/7/2015 8:00:00 PM,50.0,340.0,920.0,0.01,78.0,771,2015-12-07T20:00:00.000000Z,MWC_ETP_MELBOURNE,inlet,DATASET_02_MELBOURNE_ETP_INLET,observed,SHA256:1e60bff7f04397d81586dd79adf34393bb36d194331369edf54f993861987461
7/14/2016 9:00:00 PM,40.0,480.0,760.0,,,772,2016-07-14T21:00:00.000000Z,MWC_ETP_MELBOURNE,inlet,DATASET_02_MELBOURNE_ETP_INLET,observed,SHA256:1e60bff7f04397d81586dd79adf34393bb36d194331369edf54f993861987461
2/13/2017 8:00:00 PM,45.0,370.0,800.0,,,773,2017-02-13T20:00:00.000000Z,MWC_ETP_MELBOURNE,inlet,DATASET_02_MELBOURNE_ETP_INLET,observed,SHA256:1e60bff7f04397d81586dd79adf34393bb36d194331369edf54f993861987461
12/8/2015 8:00:00 PM,50.0,380.0,900.0,,,774,2015-12-08T20:00:00.000000Z,MWC_ETP_MELBOURNE,inlet,DATASET_02_MELBOURNE_ETP_INLET,observed,SHA256:1e60bff7f04397d81586dd79adf34393bb36d194331369edf54f993861987461
7/17/2016 9:00:00 PM,43.0,360.0,770.0,,,775,2016-07-17T21:00:00.000000Z,MWC_ETP_MELBOURNE,inlet,DATASET_02_MELBOURNE_ETP_INLET,observed,SHA256:1e60bff7f04397d81586dd79adf34393bb36d194331369edf54f993861987461
2/14/2017 8:00:00 PM,40.0,490.0,880.0,,,776,2017-02-14T20:00:00.000000Z,MWC_ETP_MELBOURNE,inlet,DATASET_02_MELBOURNE_ETP_INLET,observed,SHA256:1e60bff7f04397d81586dd79adf34393bb36d194331369edf54f993861987461
12/9/2015 8:00:00 PM,48.0,570.0,940.0,,,777,2015-12-09T20:00:00.000000Z,MWC_ETP_MELBOURNE,inlet,DATASET_02_MELBOURNE_ETP_INLET,observed,SHA256:1e60bff7f04397d81586dd79adf34393bb36d194331369edf54f993861987461
7/18/2016 9:00:00 PM,44.0,320.0,740.0,,,778,2016-07-18T21:00:00.000000Z,MWC_ETP_MELBOURNE,inlet,DATASET_02_MELBOURNE_ETP_INLET,observed,SHA256:1e60bff7f04397d81586dd79adf34393bb36d194331369edf54f993861987461
2/15/2017 8:00:00 PM,36.0,360.0,920.0,,,779,2017-02-15T20:00:00.000000Z,MWC_ETP_MELBOURNE,inlet,DATASET_02_MELBOURNE_ETP_INLET,observed,SHA256:1e60bff7f04397d81586dd79adf34393bb36d194331369edf54f993861987461
12/10/2015 8:00:00 PM,44.0,520.0,860.0,,,780,2015-12-10T20:00:00.000000Z,MWC_ETP_MELBOURNE,inlet,DATASET_02_MELBOURNE_ETP_INLET,observed,SHA256:1e60bff7f04397d81586dd79adf34393bb36d194331369edf54f993861987461
7/19/2016 9:00:00 PM,33.0,640.0,820.0,,,781,2016-07-19T21:00:00.000000Z,MWC_ETP_MELBOURNE,inlet,DATASET_02_MELBOURNE_ETP_INLET,observed,SHA256:1e60bff7f04397d81586dd79adf34393bb36d194331369edf54f993861987461
2/16/2017 8:00:00 PM,38.0,420.0,990.0,,,782,2017-02-16T20:00:00.000000Z,MWC_ETP_MELBOURNE,inlet,DATASET_02_MELBOURNE_ETP_INLET,observed,SHA256:1e60bff7f04397d81586dd79adf34393bb36d194331369edf54f993861987461
12/13/2015 8:00:00 PM,47.0,280.0,760.0,,,783,2015-12-13T20:00:00.000000Z,MWC_ETP_MELBOURNE,inlet,DATASET_02_MELBOURNE_ETP_INLET,observed,SHA256:1e60bff7f04397d81586dd79adf34393bb36d194331369edf54f993861987461
7/20/2016 9:00:00 PM,34.0,420.0,800.0,,,784,2016-07-20T21:00:00.000000Z,MWC_ETP_MELBOURNE,inlet,DATASET_02_MELBOURNE_ETP_INLET,observed,SHA256:1e60bff7f04397d81586dd79adf34393bb36d194331369edf54f993861987461
2/19/2017 8:00:00 PM,42.0,460.0,1000.0,,,785,2017-02-19T20:00:00.000000Z,MWC_ETP_MELBOURNE,inlet,DATASET_02_MELBOURNE_ETP_INLET,observed,SHA256:1e60bff7f04397d81586dd79adf34393bb36d194331369edf54f993861987461
12/15/2015 8:00:00 PM,46.0,420.0,990.0,,,786,2015-12-15T20:00:00.000000Z,MWC_ETP_MELBOURNE,inlet,DATASET_02_MELBOURNE_ETP_INLET,observed,SHA256:1e60bff7f04397d81586dd79adf34393bb36d194331369edf54f993861987461
7/21/2016 9:00:00 PM,32.0,480.0,840.0,,,787,2016-07-21T21:00:00.000000Z,MWC_ETP_MELBOURNE,inlet,DATASET_02_MELBOURNE_ETP_INLET,observed,SHA256:1e60bff7f04397d81586dd79adf34393bb36d194331369edf54f993861987461
2/20/2017 8:00:00 PM,35.0,330.0,750.0,,,788,2017-02-20T20:00:00.000000Z,MWC_ETP_MELBOURNE,inlet,DATASET_02_MELBOURNE_ETP_INLET,observed,SHA256:1e60bff7f04397d81586dd79adf34393bb36d194331369edf54f993861987461
12/16/2015 8:00:00 PM,45.0,660.0,900.0,,,789,2015-12-16T20:00:00.000000Z,MWC_ETP_MELBOURNE,inlet,DATASET_02_MELBOURNE_ETP_INLET,observed,SHA256:1e60bff7f04397d81586dd79adf34393bb36d194331369edf54f993861987461
7/24/2016 9:00:00 PM,38.0,320.0,600.0,,,790,2016-07-24T21:00:00.000000Z,MWC_ETP_MELBOURNE,inlet,DATASET_02_MELBOURNE_ETP_INLET,observed,SHA256:1e60bff7f04397d81586dd79adf34393bb36d194331369edf54f993861987461
2/21/2017 8:00:00 PM,40.0,390.0,930.0,,,791,2017-02-21T20:00:00.000000Z,MWC_ETP_MELBOURNE,inlet,DATASET_02_MELBOURNE_ETP_INLET,observed,SHA256:1e60bff7f04397d81586dd79adf34393bb36d194331369edf54f993861987461
12/17/2015 8:00:00 PM,44.0,320.0,940.0,,,792,2015-12-17T20:00:00.000000Z,MWC_ETP_MELBOURNE,inlet,DATASET_02_MELBOURNE_ETP_INLET,observed,SHA256:1e60bff7f04397d81586dd79adf34393bb36d194331369edf54f993861987461
7/25/2016 9:00:00 PM,23.0,500.0,680.0,,,793,2016-07-25T21:00:00.000000Z,MWC_ETP_MELBOURNE,inlet,DATASET_02_MELBOURNE_ETP_INLET,observed,SHA256:1e60bff7f04397d81586dd79adf34393bb36d194331369edf54f993861987461
2/22/2017 8:00:00 PM,41.0,370.0,840.0,0.01,66.0,794,2017-02-22T20:00:00.000000Z,MWC_ETP_MELBOURNE,inlet,DATASET_02_MELBOURNE_ETP_INLET,observed,SHA256:1e60bff7f04397d81586dd79adf34393bb36d194331369edf54f993861987461
12/20/2015 8:00:00 PM,50.0,360.0,790.0,,,795,2015-12-20T20:00:00.000000Z,MWC_ETP_MELBOURNE,inlet,DATASET_02_MELBOURNE_ETP_INLET,observed,SHA256:1e60bff7f04397d81586dd79adf34393bb36d194331369edf54f993861987461
7/26/2016 9:00:00 PM,38.0,310.0,690.0,0.02,49.0,796,2016-07-26T21:00:00.000000Z,MWC_ETP_MELBOURNE,inlet,DATASET_02_MELBOURNE_ETP_INLET,observed,SHA256:1e60bff7f04397d81586dd79adf34393bb36d194331369edf54f993861987461
12/21/2015 8:00:00 PM,35.0,,760.0,0.01,66.0,797,2015-12-21T20:00:00.000000Z,MWC_ETP_MELBOURNE,inlet,DATASET_02_MELBOURNE_ETP_INLET,observed,SHA256:1e60bff7f04397d81586dd79adf34393bb36d194331369edf54f993861987461
12/22/2015 8:00:00 PM,49.0,340.0,900.0,,,798,2015-12-22T20:00:00.000000Z,MWC_ETP_MELBOURNE,inlet,DATASET_02_MELBOURNE_ETP_INLET,observed,SHA256:1e60bff7f04397d81586dd79adf34393bb36d194331369edf54f993861987461
12/23/2015 8:00:00 PM,48.0,450.0,1000.0,,,799,2015-12-23T20:00:00.000000Z,MWC_ETP_MELBOURNE,inlet,DATASET_02_MELBOURNE_ETP_INLET,observed,SHA256:1e60bff7f04397d81586dd79adf34393bb36d194331369edf54f993861987461
12/25/2015 8:00:00 PM,48.0,,,,,800,2015-12-25T20:00:00.000000Z,MWC_ETP_MELBOURNE,inlet,DATASET_02_MELBOURNE_ETP_INLET,observed,SHA256:1e60bff7f04397d81586dd79adf34393bb36d194331369edf54f993861987461
2/23/2017 8:00:00 PM,42.0,440.0,950.0,,,801,2017-02-23T20:00:00.000000Z,MWC_ETP_MELBOURNE,inlet,DATASET_02_MELBOURNE_ETP_INLET,observed,SHA256:1e60bff7f04397d81586dd79adf34393bb36d194331369edf54f993861987461
2/26/2017 8:00:00 PM,46.0,300.0,760.0,,,802,2017-02-26T20:00:00.000000Z,MWC_ETP_MELBOURNE,inlet,DATASET_02_MELBOURNE_ETP_INLET,observed,SHA256:1e60bff7f04397d81586dd79adf34393bb36d194331369edf54f993861987461
2/28/2017 8:00:00 PM,40.0,410.0,840.0,,,803,2017-02-28T20:00:00.000000Z,MWC_ETP_MELBOURNE,inlet,DATASET_02_MELBOURNE_ETP_INLET,observed,SHA256:1e60bff7f04397d81586dd79adf34393bb36d194331369edf54f993861987461
3/1/2017 8:00:00 PM,39.0,390.0,1100.0,,,804,2017-03-01T20:00:00.000000Z,MWC_ETP_MELBOURNE,inlet,DATASET_02_MELBOURNE_ETP_INLET,observed,SHA256:1e60bff7f04397d81586dd79adf34393bb36d194331369edf54f993861987461
3/2/2017 8:00:00 PM,36.0,520.0,940.0,,,805,2017-03-02T20:00:00.000000Z,MWC_ETP_MELBOURNE,inlet,DATASET_02_MELBOURNE_ETP_INLET,observed,SHA256:1e60bff7f04397d81586dd79adf34393bb36d194331369edf54f993861987461
3/5/2017 8:00:00 PM,40.0,320.0,790.0,,,806,2017-03-05T20:00:00.000000Z,MWC_ETP_MELBOURNE,inlet,DATASET_02_MELBOURNE_ETP_INLET,observed,SHA256:1e60bff7f04397d81586dd79adf34393bb36d194331369edf54f993861987461
3/6/2017 8:00:00 PM,38.0,440.0,910.0,,,807,2017-03-06T20:00:00.000000Z,MWC_ETP_MELBOURNE,inlet,DATASET_02_MELBOURNE_ETP_INLET,observed,SHA256:1e60bff7f04397d81586dd79adf34393bb36d194331369edf54f993861987461
3/7/2017 8:00:00 PM,32.0,460.0,1100.0,,,808,2017-03-07T20:00:00.000000Z,MWC_ETP_MELBOURNE,inlet,DATASET_02_MELBOURNE_ETP_INLET,observed,SHA256:1e60bff7f04397d81586dd79adf34393bb36d194331369edf54f993861987461
3/8/2017 8:00:00 PM,35.0,430.0,960.0,,,809,2017-03-08T20:00:00.000000Z,MWC_ETP_MELBOURNE,inlet,DATASET_02_MELBOURNE_ETP_INLET,observed,SHA256:1e60bff7f04397d81586dd79adf34393bb36d194331369edf54f993861987461
3/9/2017 8:00:00 PM,38.0,160.0,1000.0,0.01,68.0,810,2017-03-09T20:00:00.000000Z,MWC_ETP_MELBOURNE,inlet,DATASET_02_MELBOURNE_ETP_INLET,observed,SHA256:1e60bff7f04397d81586dd79adf34393bb36d194331369edf54f993861987461
3/10/2017 8:00:00 PM,29.0,,,,,811,2017-03-10T20:00:00.000000Z,MWC_ETP_MELBOURNE,inlet,DATASET_02_MELBOURNE_ETP_INLET,observed,SHA256:1e60bff7f04397d81586dd79adf34393bb36d194331369edf54f993861987461
7/10/2018 9:00:00 PM,54.0,270.0,920.0,,,812,2018-07-10T21:00:00.000000Z,MWC_ETP_MELBOURNE,inlet,DATASET_02_MELBOURNE_ETP_INLET,observed,SHA256:1e60bff7f04397d81586dd79adf34393bb36d194331369edf54f993861987461
3/13/2017 8:00:00 PM,43.0,310.0,720.0,,,813,2017-03-13T20:00:00.000000Z,MWC_ETP_MELBOURNE,inlet,DATASET_02_MELBOURNE_ETP_INLET,observed,SHA256:1e60bff7f04397d81586dd79adf34393bb36d194331369edf54f993861987461
3/14/2017 8:00:00 PM,40.0,550.0,960.0,,,814,2017-03-14T20:00:00.000000Z,MWC_ETP_MELBOURNE,inlet,DATASET_02_MELBOURNE_ETP_INLET,observed,SHA256:1e60bff7f04397d81586dd79adf34393bb36d194331369edf54f993861987461
3/15/2017 8:00:00 PM,42.0,520.0,870.0,,,815,2017-03-15T20:00:00.000000Z,MWC_ETP_MELBOURNE,inlet,DATASET_02_MELBOURNE_ETP_INLET,observed,SHA256:1e60bff7f04397d81586dd79adf34393bb36d194331369edf54f993861987461
3/16/2017 8:00:00 PM,50.0,600.0,910.0,,,816,2017-03-16T20:00:00.000000Z,MWC_ETP_MELBOURNE,inlet,DATASET_02_MELBOURNE_ETP_INLET,observed,SHA256:1e60bff7f04397d81586dd79adf34393bb36d194331369edf54f993861987461
7/11/2018 9:00:00 PM,52.0,350.0,960.0,,,817,2018-07-11T21:00:00.000000Z,MWC_ETP_MELBOURNE,inlet,DATASET_02_MELBOURNE_ETP_INLET,observed,SHA256:1e60bff7f04397d81586dd79adf34393bb36d194331369edf54f993861987461
3/19/2017 8:00:00 PM,46.0,360.0,820.0,,,818,2017-03-19T20:00:00.000000Z,MWC_ETP_MELBOURNE,inlet,DATASET_02_MELBOURNE_ETP_INLET,observed,SHA256:1e60bff7f04397d81586dd79adf34393bb36d194331369edf54f993861987461
7/12/2018 9:00:00 PM,52.0,330.0,930.0,,,819,2018-07-12T21:00:00.000000Z,MWC_ETP_MELBOURNE,inlet,DATASET_02_MELBOURNE_ETP_INLET,observed,SHA256:1e60bff7f04397d81586dd79adf34393bb36d194331369edf54f993861987461
3/20/2017 8:00:00 PM,42.0,330.0,850.0,0.01,69.0,820,2017-03-20T20:00:00.000000Z,MWC_ETP_MELBOURNE,inlet,DATASET_02_MELBOURNE_ETP_INLET,observed,SHA256:1e60bff7f04397d81586dd79adf34393bb36d194331369edf54f993861987461
5/1/2018 9:00:00 PM,40.0,310.0,850.0,0.01,54.0,821,2018-05-01T21:00:00.000000Z,MWC_ETP_MELBOURNE,inlet,DATASET_02_MELBOURNE_ETP_INLET,observed,SHA256:1e60bff7f04397d81586dd79adf34393bb36d194331369edf54f993861987461
7/15/2018 9:00:00 PM,53.0,320.0,850.0,,,822,2018-07-15T21:00:00.000000Z,MWC_ETP_MELBOURNE,inlet,DATASET_02_MELBOURNE_ETP_INLET,observed,SHA256:1e60bff7f04397d81586dd79adf34393bb36d194331369edf54f993861987461
3/21/2017 8:00:00 PM,43.0,350.0,860.0,,,823,2017-03-21T20:00:00.000000Z,MWC_ETP_MELBOURNE,inlet,DATASET_02_MELBOURNE_ETP_INLET,observed,SHA256:1e60bff7f04397d81586dd79adf34393bb36d194331369edf54f993861987461
5/2/2018 9:00:00 PM,40.0,350.0,670.0,,,824,2018-05-02T21:00:00.000000Z,MWC_ETP_MELBOURNE,inlet,DATASET_02_MELBOURNE_ETP_INLET,observed,SHA256:1e60bff7f04397d81586dd79adf34393bb36d194331369edf54f993861987461
7/16/2018 9:00:00 PM,46.0,330.0,830.0,,,825,2018-07-16T21:00:00.000000Z,MWC_ETP_MELBOURNE,inlet,DATASET_02_MELBOURNE_ETP_INLET,observed,SHA256:1e60bff7f04397d81586dd79adf34393bb36d194331369edf54f993861987461
3/22/2017 8:00:00 PM,44.0,440.0,960.0,,,826,2017-03-22T20:00:00.000000Z,MWC_ETP_MELBOURNE,inlet,DATASET_02_MELBOURNE_ETP_INLET,observed,SHA256:1e60bff7f04397d81586dd79adf34393bb36d194331369edf54f993861987461
5/3/2018 9:00:00 PM,45.0,490.0,880.0,,,827,2018-05-03T21:00:00.000000Z,MWC_ETP_MELBOURNE,inlet,DATASET_02_MELBOURNE_ETP_INLET,observed,SHA256:1e60bff7f04397d81586dd79adf34393bb36d194331369edf54f993861987461
7/17/2018 9:00:00 PM,49.0,330.0,850.0,,,828,2018-07-17T21:00:00.000000Z,MWC_ETP_MELBOURNE,inlet,DATASET_02_MELBOURNE_ETP_INLET,observed,SHA256:1e60bff7f04397d81586dd79adf34393bb36d194331369edf54f993861987461
3/23/2017 8:00:00 PM,58.0,530.0,910.0,,,829,2017-03-23T20:00:00.000000Z,MWC_ETP_MELBOURNE,inlet,DATASET_02_MELBOURNE_ETP_INLET,observed,SHA256:1e60bff7f04397d81586dd79adf34393bb36d194331369edf54f993861987461
3/26/2017 8:00:00 PM,50.0,520.0,1100.0,,,830,2017-03-26T20:00:00.000000Z,MWC_ETP_MELBOURNE,inlet,DATASET_02_MELBOURNE_ETP_INLET,observed,SHA256:1e60bff7f04397d81586dd79adf34393bb36d194331369edf54f993861987461
3/27/2017 8:00:00 PM,41.0,370.0,780.0,,,831,2017-03-27T20:00:00.000000Z,MWC_ETP_MELBOURNE,inlet,DATASET_02_MELBOURNE_ETP_INLET,observed,SHA256:1e60bff7f04397d81586dd79adf34393bb36d194331369edf54f993861987461
3/28/2017 8:00:00 PM,46.0,520.0,1100.0,,,832,2017-03-28T20:00:00.000000Z,MWC_ETP_MELBOURNE,inlet,DATASET_02_MELBOURNE_ETP_INLET,observed,SHA256:1e60bff7f04397d81586dd79adf34393bb36d194331369edf54f993861987461
3/29/2017 8:00:00 PM,42.0,200.0,880.0,,,833,2017-03-29T20:00:00.000000Z,MWC_ETP_MELBOURNE,inlet,DATASET_02_MELBOURNE_ETP_INLET,observed,SHA256:1e60bff7f04397d81586dd79adf34393bb36d194331369edf54f993861987461
3/30/2017 8:00:00 PM,41.0,420.0,830.0,,,834,2017-03-30T20:00:00.000000Z,MWC_ETP_MELBOURNE,inlet,DATASET_02_MELBOURNE_ETP_INLET,observed,SHA256:1e60bff7f04397d81586dd79adf34393bb36d194331369edf54f993861987461
4/2/2017 9:00:00 PM,47.0,340.0,1100.0,0.01,71.0,835,2017-04-02T21:00:00.000000Z,MWC_ETP_MELBOURNE,inlet,DATASET_02_MELBOURNE_ETP_INLET,observed,SHA256:1e60bff7f04397d81586dd79adf34393bb36d194331369edf54f993861987461
4/3/2017 9:00:00 PM,43.0,520.0,920.0,,,836,2017-04-03T21:00:00.000000Z,MWC_ETP_MELBOURNE,inlet,DATASET_02_MELBOURNE_ETP_INLET,observed,SHA256:1e60bff7f04397d81586dd79adf34393bb36d194331369edf54f993861987461
4/4/2017 9:00:00 PM,48.0,530.0,880.0,,,837,2017-04-04T21:00:00.000000Z,MWC_ETP_MELBOURNE,inlet,DATASET_02_MELBOURNE_ETP_INLET,observed,SHA256:1e60bff7f04397d81586dd79adf34393bb36d194331369edf54f993861987461
4/5/2017 9:00:00 PM,43.0,440.0,920.0,,,838,2017-04-05T21:00:00.000000Z,MWC_ETP_MELBOURNE,inlet,DATASET_02_MELBOURNE_ETP_INLET,observed,SHA256:1e60bff7f04397d81586dd79adf34393bb36d194331369edf54f993861987461
4/6/2017 9:00:00 PM,48.0,370.0,980.0,,,839,2017-04-06T21:00:00.000000Z,MWC_ETP_MELBOURNE,inlet,DATASET_02_MELBOURNE_ETP_INLET,observed,SHA256:1e60bff7f04397d81586dd79adf34393bb36d194331369edf54f993861987461
4/9/2017 9:00:00 PM,42.0,270.0,760.0,,,840,2017-04-09T21:00:00.000000Z,MWC_ETP_MELBOURNE,inlet,DATASET_02_MELBOURNE_ETP_INLET,observed,SHA256:1e60bff7f04397d81586dd79adf34393bb36d194331369edf54f993861987461
4/10/2017 9:00:00 PM,39.0,230.0,680.0,,,841,2017-04-10T21:00:00.000000Z,MWC_ETP_MELBOURNE,inlet,DATASET_02_MELBOURNE_ETP_INLET,observed,SHA256:1e60bff7f04397d81586dd79adf34393bb36d194331369edf54f993861987461
4/11/2017 9:00:00 PM,40.0,350.0,890.0,,,842,2017-04-11T21:00:00.000000Z,MWC_ETP_MELBOURNE,inlet,DATASET_02_MELBOURNE_ETP_INLET,observed,SHA256:1e60bff7f04397d81586dd79adf34393bb36d194331369edf54f993861987461
4/12/2017 9:00:00 PM,39.0,360.0,920.0,,,843,2017-04-12T21:00:00.000000Z,MWC_ETP_MELBOURNE,inlet,DATASET_02_MELBOURNE_ETP_INLET,observed,SHA256:1e60bff7f04397d81586dd79adf34393bb36d194331369edf54f993861987461
4/17/2017 9:00:00 PM,44.0,340.0,840.0,,,844,2017-04-17T21:00:00.000000Z,MWC_ETP_MELBOURNE,inlet,DATASET_02_MELBOURNE_ETP_INLET,observed,SHA256:1e60bff7f04397d81586dd79adf34393bb36d194331369edf54f993861987461
4/18/2017 9:00:00 PM,44.0,430.0,810.0,0.01,74.0,845,2017-04-18T21:00:00.000000Z,MWC_ETP_MELBOURNE,inlet,DATASET_02_MELBOURNE_ETP_INLET,observed,SHA256:1e60bff7f04397d81586dd79adf34393bb36d194331369edf54f993861987461
4/19/2017 9:00:00 PM,45.0,370.0,810.0,,,846,2017-04-19T21:00:00.000000Z,MWC_ETP_MELBOURNE,inlet,DATASET_02_MELBOURNE_ETP_INLET,observed,SHA256:1e60bff7f04397d81586dd79adf34393bb36d194331369edf54f993861987461
4/20/2017 9:00:00 PM,41.0,390.0,810.0,,,847,2017-04-20T21:00:00.000000Z,MWC_ETP_MELBOURNE,inlet,DATASET_02_MELBOURNE_ETP_INLET,observed,SHA256:1e60bff7f04397d81586dd79adf34393bb36d194331369edf54f993861987461
4/23/2017 9:00:00 PM,47.0,340.0,720.0,,,848,2017-04-23T21:00:00.000000Z,MWC_ETP_MELBOURNE,inlet,DATASET_02_MELBOURNE_ETP_INLET,observed,SHA256:1e60bff7f04397d81586dd79adf34393bb36d194331369edf54f993861987461
4/25/2017 9:00:00 PM,29.0,200.0,490.0,,,849,2017-04-25T21:00:00.000000Z,MWC_ETP_MELBOURNE,inlet,DATASET_02_MELBOURNE_ETP_INLET,observed,SHA256:1e60bff7f04397d81586dd79adf34393bb36d194331369edf54f993861987461
4/26/2017 9:00:00 PM,27.0,170.0,,,,850,2017-04-26T21:00:00.000000Z,MWC_ETP_MELBOURNE,inlet,DATASET_02_MELBOURNE_ETP_INLET,observed,SHA256:1e60bff7f04397d81586dd79adf34393bb36d194331369edf54f993861987461
4/27/2017 9:00:00 PM,35.0,300.0,540.0,,,851,2017-04-27T21:00:00.000000Z,MWC_ETP_MELBOURNE,inlet,DATASET_02_MELBOURNE_ETP_INLET,observed,SHA256:1e60bff7f04397d81586dd79adf34393bb36d194331369edf54f993861987461
4/30/2017 9:00:00 PM,44.0,350.0,620.0,,,852,2017-04-30T21:00:00.000000Z,MWC_ETP_MELBOURNE,inlet,DATASET_02_MELBOURNE_ETP_INLET,observed,SHA256:1e60bff7f04397d81586dd79adf34393bb36d194331369edf54f993861987461
5/1/2017 9:00:00 PM,58.0,320.0,870.0,,,853,2017-05-01T21:00:00.000000Z,MWC_ETP_MELBOURNE,inlet,DATASET_02_MELBOURNE_ETP_INLET,observed,SHA256:1e60bff7f04397d81586dd79adf34393bb36d194331369edf54f993861987461
5/2/2017 9:00:00 PM,58.0,340.0,1000.0,0.01,67.0,854,2017-05-02T21:00:00.000000Z,MWC_ETP_MELBOURNE,inlet,DATASET_02_MELBOURNE_ETP_INLET,observed,SHA256:1e60bff7f04397d81586dd79adf34393bb36d194331369edf54f993861987461
5/3/2017 9:00:00 PM,58.0,360.0,780.0,,,855,2017-05-03T21:00:00.000000Z,MWC_ETP_MELBOURNE,inlet,DATASET_02_MELBOURNE_ETP_INLET,observed,SHA256:1e60bff7f04397d81586dd79adf34393bb36d194331369edf54f993861987461
5/4/2017 9:00:00 PM,58.0,450.0,960.0,,,856,2017-05-04T21:00:00.000000Z,MWC_ETP_MELBOURNE,inlet,DATASET_02_MELBOURNE_ETP_INLET,observed,SHA256:1e60bff7f04397d81586dd79adf34393bb36d194331369edf54f993861987461
5/7/2017 9:00:00 PM,81.0,310.0,760.0,,,857,2017-05-07T21:00:00.000000Z,MWC_ETP_MELBOURNE,inlet,DATASET_02_MELBOURNE_ETP_INLET,observed,SHA256:1e60bff7f04397d81586dd79adf34393bb36d194331369edf54f993861987461
5/8/2017 9:00:00 PM,47.0,320.0,740.0,,,858,2017-05-08T21:00:00.000000Z,MWC_ETP_MELBOURNE,inlet,DATASET_02_MELBOURNE_ETP_INLET,observed,SHA256:1e60bff7f04397d81586dd79adf34393bb36d194331369edf54f993861987461
5/9/2017 9:00:00 PM,46.0,270.0,990.0,,,859,2017-05-09T21:00:00.000000Z,MWC_ETP_MELBOURNE,inlet,DATASET_02_MELBOURNE_ETP_INLET,observed,SHA256:1e60bff7f04397d81586dd79adf34393bb36d194331369edf54f993861987461
12/7/2017 8:00:00 PM,30.0,290.0,650.0,,,860,2017-12-07T20:00:00.000000Z,MWC_ETP_MELBOURNE,inlet,DATASET_02_MELBOURNE_ETP_INLET,observed,SHA256:1e60bff7f04397d81586dd79adf34393bb36d194331369edf54f993861987461
9/27/2017 9:00:00 PM,38.0,520.0,860.0,,,861,2017-09-27T21:00:00.000000Z,MWC_ETP_MELBOURNE,inlet,DATASET_02_MELBOURNE_ETP_INLET,observed,SHA256:1e60bff7f04397d81586dd79adf34393bb36d194331369edf54f993861987461
7/19/2017 9:00:00 PM,44.0,340.0,880.0,,,862,2017-07-19T21:00:00.000000Z,MWC_ETP_MELBOURNE,inlet,DATASET_02_MELBOURNE_ETP_INLET,observed,SHA256:1e60bff7f04397d81586dd79adf34393bb36d194331369edf54f993861987461
5/10/2017 9:00:00 PM,44.0,320.0,,,,863,2017-05-10T21:00:00.000000Z,MWC_ETP_MELBOURNE,inlet,DATASET_02_MELBOURNE_ETP_INLET,observed,SHA256:1e60bff7f04397d81586dd79adf34393bb36d194331369edf54f993861987461
2/18/2018 8:00:00 PM,48.0,340.0,910.0,,,864,2018-02-18T20:00:00.000000Z,MWC_ETP_MELBOURNE,inlet,DATASET_02_MELBOURNE_ETP_INLET,observed,SHA256:1e60bff7f04397d81586dd79adf34393bb36d194331369edf54f993861987461
2/19/2018 8:00:00 PM,50.0,640.0,1200.0,,,865,2018-02-19T20:00:00.000000Z,MWC_ETP_MELBOURNE,inlet,DATASET_02_MELBOURNE_ETP_INLET,observed,SHA256:1e60bff7f04397d81586dd79adf34393bb36d194331369edf54f993861987461
2/20/2018 8:00:00 PM,43.0,490.0,920.0,,,866,2018-02-20T20:00:00.000000Z,MWC_ETP_MELBOURNE,inlet,DATASET_02_MELBOURNE_ETP_INLET,observed,SHA256:1e60bff7f04397d81586dd79adf34393bb36d194331369edf54f993861987461
7/18/2018 9:00:00 PM,49.0,310.0,1000.0,,,867,2018-07-18T21:00:00.000000Z,MWC_ETP_MELBOURNE,inlet,DATASET_02_MELBOURNE_ETP_INLET,observed,SHA256:1e60bff7f04397d81586dd79adf34393bb36d194331369edf54f993861987461
2/21/2018 8:00:00 PM,39.0,350.0,1100.0,0.01,65.0,868,2018-02-21T20:00:00.000000Z,MWC_ETP_MELBOURNE,inlet,DATASET_02_MELBOURNE_ETP_INLET,observed,SHA256:1e60bff7f04397d81586dd79adf34393bb36d194331369edf54f993861987461
5/6/2018 9:00:00 PM,50.0,350.0,1100.0,,,869,2018-05-06T21:00:00.000000Z,MWC_ETP_MELBOURNE,inlet,DATASET_02_MELBOURNE_ETP_INLET,observed,SHA256:1e60bff7f04397d81586dd79adf34393bb36d194331369edf54f993861987461
5/11/2017 9:00:00 PM,45.0,360.0,890.0,,,870,2017-05-11T21:00:00.000000Z,MWC_ETP_MELBOURNE,inlet,DATASET_02_MELBOURNE_ETP_INLET,observed,SHA256:1e60bff7f04397d81586dd79adf34393bb36d194331369edf54f993861987461
12/10/2017 8:00:00 PM,38.0,360.0,770.0,,,871,2017-12-10T20:00:00.000000Z,MWC_ETP_MELBOURNE,inlet,DATASET_02_MELBOURNE_ETP_INLET,observed,SHA256:1e60bff7f04397d81586dd79adf34393bb36d194331369edf54f993861987461
7/19/2018 9:00:00 PM,44.0,350.0,1100.0,,,872,2018-07-19T21:00:00.000000Z,MWC_ETP_MELBOURNE,inlet,DATASET_02_MELBOURNE_ETP_INLET,observed,SHA256:1e60bff7f04397d81586dd79adf34393bb36d194331369edf54f993861987461
2/22/2018 8:00:00 PM,41.0,330.0,1100.0,,,873,2018-02-22T20:00:00.000000Z,MWC_ETP_MELBOURNE,inlet,DATASET_02_MELBOURNE_ETP_INLET,observed,SHA256:1e60bff7f04397d81586dd79adf34393bb36d194331369edf54f993861987461
5/7/2018 9:00:00 PM,46.0,350.0,1000.0,,,874,2018-05-07T21:00:00.000000Z,MWC_ETP_MELBOURNE,inlet,DATASET_02_MELBOURNE_ETP_INLET,observed,SHA256:1e60bff7f04397d81586dd79adf34393bb36d194331369edf54f993861987461
7/20/2017 9:00:00 PM,44.0,260.0,840.0,,,875,2017-07-20T21:00:00.000000Z,MWC_ETP_MELBOURNE,inlet,DATASET_02_MELBOURNE_ETP_INLET,observed,SHA256:1e60bff7f04397d81586dd79adf34393bb36d194331369edf54f993861987461
5/14/2017 9:00:00 PM,50.0,370.0,830.0,,,876,2017-05-14T21:00:00.000000Z,MWC_ETP_MELBOURNE,inlet,DATASET_02_MELBOURNE_ETP_INLET,observed,SHA256:1e60bff7f04397d81586dd79adf34393bb36d194331369edf54f993861987461
9/29/2017 9:00:00 PM,46.0,,,,,877,2017-09-29T21:00:00.000000Z,MWC_ETP_MELBOURNE,inlet,DATASET_02_MELBOURNE_ETP_INLET,observed,SHA256:1e60bff7f04397d81586dd79adf34393bb36d194331369edf54f993861987461
12/11/2017 8:00:00 PM,33.0,270.0,710.0,0.01,54.0,878,2017-12-11T20:00:00.000000Z,MWC_ETP_MELBOURNE,inlet,DATASET_02_MELBOURNE_ETP_INLET,observed,SHA256:1e60bff7f04397d81586dd79adf34393bb36d194331369edf54f993861987461
7/22/2018 9:00:00 PM,49.0,280.0,850.0,,,879,2018-07-22T21:00:00.000000Z,MWC_ETP_MELBOURNE,inlet,DATASET_02_MELBOURNE_ETP_INLET,observed,SHA256:1e60bff7f04397d81586dd79adf34393bb36d194331369edf54f993861987461
2/25/2018 8:00:00 PM,50.0,350.0,910.0,,,880,2018-02-25T20:00:00.000000Z,MWC_ETP_MELBOURNE,inlet,DATASET_02_MELBOURNE_ETP_INLET,observed,SHA256:1e60bff7f04397d81586dd79adf34393bb36d194331369edf54f993861987461
5/8/2018 9:00:00 PM,50.0,490.0,1200.0,,,881,2018-05-08T21:00:00.000000Z,MWC_ETP_MELBOURNE,inlet,DATASET_02_MELBOURNE_ETP_INLET,observed,SHA256:1e60bff7f04397d81586dd79adf34393bb36d194331369edf54f993861987461
7/23/2017 9:00:00 PM,46.0,270.0,790.0,,,882,2017-07-23T21:00:00.000000Z,MWC_ETP_MELBOURNE,inlet,DATASET_02_MELBOURNE_ETP_INLET,observed,SHA256:1e60bff7f04397d81586dd79adf34393bb36d194331369edf54f993861987461
5/15/2017 9:00:00 PM,47.0,340.0,860.0,,,883,2017-05-15T21:00:00.000000Z,MWC_ETP_MELBOURNE,inlet,DATASET_02_MELBOURNE_ETP_INLET,observed,SHA256:1e60bff7f04397d81586dd79adf34393bb36d194331369edf54f993861987461
10/1/2017 8:00:00 PM,50.0,400.0,970.0,,,884,2017-10-01T20:00:00.000000Z,MWC_ETP_MELBOURNE,inlet,DATASET_02_MELBOURNE_ETP_INLET,observed,SHA256:1e60bff7f04397d81586dd79adf34393bb36d194331369edf54f993861987461
12/12/2017 8:00:00 PM,35.0,610.0,900.0,,,885,2017-12-12T20:00:00.000000Z,MWC_ETP_MELBOURNE,inlet,DATASET_02_MELBOURNE_ETP_INLET,observed,SHA256:1e60bff7f04397d81586dd79adf34393bb36d194331369edf54f993861987461
7/23/2018 9:00:00 PM,47.0,320.0,940.0,,,886,2018-07-23T21:00:00.000000Z,MWC_ETP_MELBOURNE,inlet,DATASET_02_MELBOURNE_ETP_INLET,observed,SHA256:1e60bff7f04397d81586dd79adf34393bb36d194331369edf54f993861987461
2/26/2018 8:00:00 PM,43.0,310.0,950.0,,,887,2018-02-26T20:00:00.000000Z,MWC_ETP_MELBOURNE,inlet,DATASET_02_MELBOURNE_ETP_INLET,observed,SHA256:1e60bff7f04397d81586dd79adf34393bb36d194331369edf54f993861987461
5/9/2018 9:00:00 PM,39.0,500.0,1300.0,,,888,2018-05-09T21:00:00.000000Z,MWC_ETP_MELBOURNE,inlet,DATASET_02_MELBOURNE_ETP_INLET,observed,SHA256:1e60bff7f04397d81586dd79adf34393bb36d194331369edf54f993861987461
7/24/2017 9:00:00 PM,38.0,300.0,890.0,,,889,2017-07-24T21:00:00.000000Z,MWC_ETP_MELBOURNE,inlet,DATASET_02_MELBOURNE_ETP_INLET,observed,SHA256:1e60bff7f04397d81586dd79adf34393bb36d194331369edf54f993861987461
5/16/2017 9:00:00 PM,49.0,350.0,960.0,0.08,70.0,890,2017-05-16T21:00:00.000000Z,MWC_ETP_MELBOURNE,inlet,DATASET_02_MELBOURNE_ETP_INLET,observed,SHA256:1e60bff7f04397d81586dd79adf34393bb36d194331369edf54f993861987461
10/2/2017 8:00:00 PM,45.0,450.0,1000.0,,,891,2017-10-02T20:00:00.000000Z,MWC_ETP_MELBOURNE,inlet,DATASET_02_MELBOURNE_ETP_INLET,observed,SHA256:1e60bff7f04397d81586dd79adf34393bb36d194331369edf54f993861987461
12/13/2017 8:00:00 PM,46.0,350.0,820.0,,,892,2017-12-13T20:00:00.000000Z,MWC_ETP_MELBOURNE,inlet,DATASET_02_MELBOURNE_ETP_INLET,observed,SHA256:1e60bff7f04397d81586dd79adf34393bb36d194331369edf54f993861987461
7/24/2018 9:00:00 PM,26.0,320.0,1000.0,0.01,63.0,893,2018-07-24T21:00:00.000000Z,MWC_ETP_MELBOURNE,inlet,DATASET_02_MELBOURNE_ETP_INLET,observed,SHA256:1e60bff7f04397d81586dd79adf34393bb36d194331369edf54f993861987461
2/27/2018 8:00:00 PM,38.0,340.0,780.0,,,894,2018-02-27T20:00:00.000000Z,MWC_ETP_MELBOURNE,inlet,DATASET_02_MELBOURNE_ETP_INLET,observed,SHA256:1e60bff7f04397d81586dd79adf34393bb36d194331369edf54f993861987461
5/10/2018 9:00:00 PM,43.0,340.0,950.0,,,895,2018-05-10T21:00:00.000000Z,MWC_ETP_MELBOURNE,inlet,DATASET_02_MELBOURNE_ETP_INLET,observed,SHA256:1e60bff7f04397d81586dd79adf34393bb36d194331369edf54f993861987461
7/25/2017 9:00:00 PM,43.0,350.0,1000.0,0.01,56.0,896,2017-07-25T21:00:00.000000Z,MWC_ETP_MELBOURNE,inlet,DATASET_02_MELBOURNE_ETP_INLET,observed,SHA256:1e60bff7f04397d81586dd79adf34393bb36d194331369edf54f993861987461
5/17/2017 9:00:00 PM,50.0,370.0,850.0,,,897,2017-05-17T21:00:00.000000Z,MWC_ETP_MELBOURNE,inlet,DATASET_02_MELBOURNE_ETP_INLET,observed,SHA256:1e60bff7f04397d81586dd79adf34393bb36d194331369edf54f993861987461
10/3/2017 8:00:00 PM,44.0,330.0,900.0,0.01,66.0,898,2017-10-03T20:00:00.000000Z,MWC_ETP_MELBOURNE,inlet,DATASET_02_MELBOURNE_ETP_INLET,observed,SHA256:1e60bff7f04397d81586dd79adf34393bb36d194331369edf54f993861987461
12/14/2017 8:00:00 PM,36.0,300.0,780.0,,,899,2017-12-14T20:00:00.000000Z,MWC_ETP_MELBOURNE,inlet,DATASET_02_MELBOURNE_ETP_INLET,observed,SHA256:1e60bff7f04397d81586dd79adf34393bb36d194331369edf54f993861987461
7/26/2018 9:00:00 PM,40.0,330.0,820.0,,,900,2018-07-26T21:00:00.000000Z,MWC_ETP_MELBOURNE,inlet,DATASET_02_MELBOURNE_ETP_INLET,observed,SHA256:1e60bff7f04397d81586dd79adf34393bb36d194331369edf54f993861987461
2/28/2018 8:00:00 PM,38.0,340.0,900.0,,,901,2018-02-28T20:00:00.000000Z,MWC_ETP_MELBOURNE,inlet,DATASET_02_MELBOURNE_ETP_INLET,observed,SHA256:1e60bff7f04397d81586dd79adf34393bb36d194331369edf54f993861987461
5/13/2018 9:00:00 PM,50.0,300.0,790.0,,,902,2018-05-13T21:00:00.000000Z,MWC_ETP_MELBOURNE,inlet,DATASET_02_MELBOURNE_ETP_INLET,observed,SHA256:1e60bff7f04397d81586dd79adf34393bb36d194331369edf54f993861987461
7/26/2017 9:00:00 PM,36.0,290.0,920.0,,,903,2017-07-26T21:00:00.000000Z,MWC_ETP_MELBOURNE,inlet,DATASET_02_MELBOURNE_ETP_INLET,observed,SHA256:1e60bff7f04397d81586dd79adf34393bb36d194331369edf54f993861987461
5/18/2017 9:00:00 PM,44.0,370.0,970.0,,,904,2017-05-18T21:00:00.000000Z,MWC_ETP_MELBOURNE,inlet,DATASET_02_MELBOURNE_ETP_INLET,observed,SHA256:1e60bff7f04397d81586dd79adf34393bb36d194331369edf54f993861987461
10/4/2017 8:00:00 PM,41.0,380.0,1000.0,,,905,2017-10-04T20:00:00.000000Z,MWC_ETP_MELBOURNE,inlet,DATASET_02_MELBOURNE_ETP_INLET,observed,SHA256:1e60bff7f04397d81586dd79adf34393bb36d194331369edf54f993861987461
12/17/2017 8:00:00 PM,36.0,340.0,820.0,,,906,2017-12-17T20:00:00.000000Z,MWC_ETP_MELBOURNE,inlet,DATASET_02_MELBOURNE_ETP_INLET,observed,SHA256:1e60bff7f04397d81586dd79adf34393bb36d194331369edf54f993861987461
7/29/2018 9:00:00 PM,35.0,290.0,770.0,,,907,2018-07-29T21:00:00.000000Z,MWC_ETP_MELBOURNE,inlet,DATASET_02_MELBOURNE_ETP_INLET,observed,SHA256:1e60bff7f04397d81586dd79adf34393bb36d194331369edf54f993861987461
3/1/2018 8:00:00 PM,38.0,340.0,800.0,,,908,2018-03-01T20:00:00.000000Z,MWC_ETP_MELBOURNE,inlet,DATASET_02_MELBOURNE_ETP_INLET,observed,SHA256:1e60bff7f04397d81586dd79adf34393bb36d194331369edf54f993861987461
5/14/2018 9:00:00 PM,18.0,350.0,850.0,,,909,2018-05-14T21:00:00.000000Z,MWC_ETP_MELBOURNE,inlet,DATASET_02_MELBOURNE_ETP_INLET,observed,SHA256:1e60bff7f04397d81586dd79adf34393bb36d194331369edf54f993861987461
7/27/2017 9:00:00 PM,37.0,370.0,920.0,,,910,2017-07-27T21:00:00.000000Z,MWC_ETP_MELBOURNE,inlet,DATASET_02_MELBOURNE_ETP_INLET,observed,SHA256:1e60bff7f04397d81586dd79adf34393bb36d194331369edf54f993861987461
5/21/2017 9:00:00 PM,46.0,330.0,910.0,,,911,2017-05-21T21:00:00.000000Z,MWC_ETP_MELBOURNE,inlet,DATASET_02_MELBOURNE_ETP_INLET,observed,SHA256:1e60bff7f04397d81586dd79adf34393bb36d194331369edf54f993861987461
10/5/2017 8:00:00 PM,44.0,420.0,900.0,,,912,2017-10-05T20:00:00.000000Z,MWC_ETP_MELBOURNE,inlet,DATASET_02_MELBOURNE_ETP_INLET,observed,SHA256:1e60bff7f04397d81586dd79adf34393bb36d194331369edf54f993861987461
12/18/2017 8:00:00 PM,32.0,420.0,890.0,,,913,2017-12-18T20:00:00.000000Z,MWC_ETP_MELBOURNE,inlet,DATASET_02_MELBOURNE_ETP_INLET,observed,SHA256:1e60bff7f04397d81586dd79adf34393bb36d194331369edf54f993861987461
7/30/2018 9:00:00 PM,35.0,320.0,820.0,,,914,2018-07-30T21:00:00.000000Z,MWC_ETP_MELBOURNE,inlet,DATASET_02_MELBOURNE_ETP_INLET,observed,SHA256:1e60bff7f04397d81586dd79adf34393bb36d194331369edf54f993861987461
3/4/2018 8:00:00 PM,46.0,360.0,1000.0,,,915,2018-03-04T20:00:00.000000Z,MWC_ETP_MELBOURNE,inlet,DATASET_02_MELBOURNE_ETP_INLET,observed,SHA256:1e60bff7f04397d81586dd79adf34393bb36d194331369edf54f993861987461
5/15/2018 9:00:00 PM,29.0,340.0,920.0,0.01,68.0,916,2018-05-15T21:00:00.000000Z,MWC_ETP_MELBOURNE,inlet,DATASET_02_MELBOURNE_ETP_INLET,observed,SHA256:1e60bff7f04397d81586dd79adf34393bb36d194331369edf54f993861987461
7/30/2017 9:00:00 PM,40.0,220.0,830.0,,,917,2017-07-30T21:00:00.000000Z,MWC_ETP_MELBOURNE,inlet,DATASET_02_MELBOURNE_ETP_INLET,observed,SHA256:1e60bff7f04397d81586dd79adf34393bb36d194331369edf54f993861987461
5/22/2017 9:00:00 PM,48.0,340.0,830.0,,,918,2017-05-22T21:00:00.000000Z,MWC_ETP_MELBOURNE,inlet,DATASET_02_MELBOURNE_ETP_INLET,observed,SHA256:1e60bff7f04397d81586dd79adf34393bb36d194331369edf54f993861987461
10/8/2017 8:00:00 PM,44.0,320.0,840.0,,,919,2017-10-08T20:00:00.000000Z,MWC_ETP_MELBOURNE,inlet,DATASET_02_MELBOURNE_ETP_INLET,observed,SHA256:1e60bff7f04397d81586dd79adf34393bb36d194331369edf54f993861987461
12/19/2017 8:00:00 PM,27.0,360.0,860.0,,,920,2017-12-19T20:00:00.000000Z,MWC_ETP_MELBOURNE,inlet,DATASET_02_MELBOURNE_ETP_INLET,observed,SHA256:1e60bff7f04397d81586dd79adf34393bb36d194331369edf54f993861987461
7/31/2018 9:00:00 PM,35.0,330.0,1000.0,,,921,2018-07-31T21:00:00.000000Z,MWC_ETP_MELBOURNE,inlet,DATASET_02_MELBOURNE_ETP_INLET,observed,SHA256:1e60bff7f04397d81586dd79adf34393bb36d194331369edf54f993861987461
3/5/2018 8:00:00 PM,38.0,260.0,740.0,0.01,60.0,922,2018-03-05T20:00:00.000000Z,MWC_ETP_MELBOURNE,inlet,DATASET_02_MELBOURNE_ETP_INLET,observed,SHA256:1e60bff7f04397d81586dd79adf34393bb36d194331369edf54f993861987461
5/16/2018 9:00:00 PM,41.0,360.0,900.0,,,923,2018-05-16T21:00:00.000000Z,MWC_ETP_MELBOURNE,inlet,DATASET_02_MELBOURNE_ETP_INLET,observed,SHA256:1e60bff7f04397d81586dd79adf34393bb36d194331369edf54f993861987461
7/31/2017 9:00:00 PM,37.0,300.0,800.0,,,924,2017-07-31T21:00:00.000000Z,MWC_ETP_MELBOURNE,inlet,DATASET_02_MELBOURNE_ETP_INLET,observed,SHA256:1e60bff7f04397d81586dd79adf34393bb36d194331369edf54f993861987461
5/23/2017 9:00:00 PM,48.0,370.0,930.0,,,925,2017-05-23T21:00:00.000000Z,MWC_ETP_MELBOURNE,inlet,DATASET_02_MELBOURNE_ETP_INLET,observed,SHA256:1e60bff7f04397d81586dd79adf34393bb36d194331369edf54f993861987461
10/9/2017 8:00:00 PM,44.0,480.0,,,,926,2017-10-09T20:00:00.000000Z,MWC_ETP_MELBOURNE,inlet,DATASET_02_MELBOURNE_ETP_INLET,observed,SHA256:1e60bff7f04397d81586dd79adf34393bb36d194331369edf54f993861987461
12/20/2017 8:00:00 PM,27.0,330.0,800.0,,,927,2017-12-20T20:00:00.000000Z,MWC_ETP_MELBOURNE,inlet,DATASET_02_MELBOURNE_ETP_INLET,observed,SHA256:1e60bff7f04397d81586dd79adf34393bb36d194331369edf54f993861987461
8/1/2018 9:00:00 PM,36.0,340.0,890.0,,,928,2018-08-01T21:00:00.000000Z,MWC_ETP_MELBOURNE,inlet,DATASET_02_MELBOURNE_ETP_INLET,observed,SHA256:1e60bff7f04397d81586dd79adf34393bb36d194331369edf54f993861987461
3/6/2018 8:00:00 PM,45.0,370.0,980.0,,,929,2018-03-06T20:00:00.000000Z,MWC_ETP_MELBOURNE,inlet,DATASET_02_MELBOURNE_ETP_INLET,observed,SHA256:1e60bff7f04397d81586dd79adf34393bb36d194331369edf54f993861987461
5/17/2018 9:00:00 PM,50.0,360.0,960.0,,,930,2018-05-17T21:00:00.000000Z,MWC_ETP_MELBOURNE,inlet,DATASET_02_MELBOURNE_ETP_INLET,observed,SHA256:1e60bff7f04397d81586dd79adf34393bb36d194331369edf54f993861987461
8/1/2017 9:00:00 PM,37.0,270.0,870.0,,,931,2017-08-01T21:00:00.000000Z,MWC_ETP_MELBOURNE,inlet,DATASET_02_MELBOURNE_ETP_INLET,observed,SHA256:1e60bff7f04397d81586dd79adf34393bb36d194331369edf54f993861987461
5/24/2017 9:00:00 PM,50.0,470.0,990.0,,,932,2017-05-24T21:00:00.000000Z,MWC_ETP_MELBOURNE,inlet,DATASET_02_MELBOURNE_ETP_INLET,observed,SHA256:1e60bff7f04397d81586dd79adf34393bb36d194331369edf54f993861987461
10/10/2017 8:00:00 PM,41.0,480.0,920.0,,,933,2017-10-10T20:00:00.000000Z,MWC_ETP_MELBOURNE,inlet,DATASET_02_MELBOURNE_ETP_INLET,observed,SHA256:1e60bff7f04397d81586dd79adf34393bb36d194331369edf54f993861987461
12/21/2017 8:00:00 PM,36.0,300.0,860.0,,,934,2017-12-21T20:00:00.000000Z,MWC_ETP_MELBOURNE,inlet,DATASET_02_MELBOURNE_ETP_INLET,observed,SHA256:1e60bff7f04397d81586dd79adf34393bb36d194331369edf54f993861987461
8/2/2018 9:00:00 PM,40.0,360.0,930.0,,,935,2018-08-02T21:00:00.000000Z,MWC_ETP_MELBOURNE,inlet,DATASET_02_MELBOURNE_ETP_INLET,observed,SHA256:1e60bff7f04397d81586dd79adf34393bb36d194331369edf54f993861987461
3/7/2018 8:00:00 PM,40.0,360.0,860.0,,,936,2018-03-07T20:00:00.000000Z,MWC_ETP_MELBOURNE,inlet,DATASET_02_MELBOURNE_ETP_INLET,observed,SHA256:1e60bff7f04397d81586dd79adf34393bb36d194331369edf54f993861987461
5/20/2018 9:00:00 PM,40.0,340.0,770.0,,,937,2018-05-20T21:00:00.000000Z,MWC_ETP_MELBOURNE,inlet,DATASET_02_MELBOURNE_ETP_INLET,observed,SHA256:1e60bff7f04397d81586dd79adf34393bb36d194331369edf54f993861987461
8/2/2017 9:00:00 PM,38.0,340.0,1000.0,,,938,2017-08-02T21:00:00.000000Z,MWC_ETP_MELBOURNE,inlet,DATASET_02_MELBOURNE_ETP_INLET,observed,SHA256:1e60bff7f04397d81586dd79adf34393bb36d194331369edf54f993861987461
5/25/2017 9:00:00 PM,54.0,410.0,910.0,,,939,2017-05-25T21:00:00.000000Z,MWC_ETP_MELBOURNE,inlet,DATASET_02_MELBOURNE_ETP_INLET,observed,SHA256:1e60bff7f04397d81586dd79adf34393bb36d194331369edf54f993861987461
10/11/2017 8:00:00 PM,41.0,410.0,880.0,,,940,2017-10-11T20:00:00.000000Z,MWC_ETP_MELBOURNE,inlet,DATASET_02_MELBOURNE_ETP_INLET,observed,SHA256:1e60bff7f04397d81586dd79adf34393bb36d194331369edf54f993861987461
12/23/2017 8:00:00 PM,37.0,,,,,941,2017-12-23T20:00:00.000000Z,MWC_ETP_MELBOURNE,inlet,DATASET_02_MELBOURNE_ETP_INLET,observed,SHA256:1e60bff7f04397d81586dd79adf34393bb36d194331369edf54f993861987461
8/5/2018 9:00:00 PM,42.0,330.0,820.0,,,942,2018-08-05T21:00:00.000000Z,MWC_ETP_MELBOURNE,inlet,DATASET_02_MELBOURNE_ETP_INLET,observed,SHA256:1e60bff7f04397d81586dd79adf34393bb36d194331369edf54f993861987461
3/8/2018 8:00:00 PM,38.0,380.0,940.0,,,943,2018-03-08T20:00:00.000000Z,MWC_ETP_MELBOURNE,inlet,DATASET_02_MELBOURNE_ETP_INLET,observed,SHA256:1e60bff7f04397d81586dd79adf34393bb36d194331369edf54f993861987461
5/21/2018 9:00:00 PM,42.0,380.0,790.0,,,944,2018-05-21T21:00:00.000000Z,MWC_ETP_MELBOURNE,inlet,DATASET_02_MELBOURNE_ETP_INLET,observed,SHA256:1e60bff7f04397d81586dd79adf34393bb36d194331369edf54f993861987461
8/3/2017 9:00:00 PM,43.0,320.0,900.0,,,945,2017-08-03T21:00:00.000000Z,MWC_ETP_MELBOURNE,inlet,DATASET_02_MELBOURNE_ETP_INLET,observed,SHA256:1e60bff7f04397d81586dd79adf34393bb36d194331369edf54f993861987461
5/28/2017 9:00:00 PM,53.0,310.0,720.0,0.01,57.0,946,2017-05-28T21:00:00.000000Z,MWC_ETP_MELBOURNE,inlet,DATASET_02_MELBOURNE_ETP_INLET,observed,SHA256:1e60bff7f04397d81586dd79adf34393bb36d194331369edf54f993861987461
10/12/2017 8:00:00 PM,38.0,320.0,790.0,,,947,2017-10-12T20:00:00.000000Z,MWC_ETP_MELBOURNE,inlet,DATASET_02_MELBOURNE_ETP_INLET,observed,SHA256:1e60bff7f04397d81586dd79adf34393bb36d194331369edf54f993861987461
12/26/2017 8:00:00 PM,46.0,490.0,810.0,,,948,2017-12-26T20:00:00.000000Z,MWC_ETP_MELBOURNE,inlet,DATASET_02_MELBOURNE_ETP_INLET,observed,SHA256:1e60bff7f04397d81586dd79adf34393bb36d194331369edf54f993861987461
8/6/2018 9:00:00 PM,50.0,360.0,1100.0,,,949,2018-08-06T21:00:00.000000Z,MWC_ETP_MELBOURNE,inlet,DATASET_02_MELBOURNE_ETP_INLET,observed,SHA256:1e60bff7f04397d81586dd79adf34393bb36d194331369edf54f993861987461
3/9/2018 8:00:00 PM,48.0,,,,,950,2018-03-09T20:00:00.000000Z,MWC_ETP_MELBOURNE,inlet,DATASET_02_MELBOURNE_ETP_INLET,observed,SHA256:1e60bff7f04397d81586dd79adf34393bb36d194331369edf54f993861987461
5/22/2018 9:00:00 PM,36.0,350.0,1000.0,,,951,2018-05-22T21:00:00.000000Z,MWC_ETP_MELBOURNE,inlet,DATASET_02_MELBOURNE_ETP_INLET,observed,SHA256:1e60bff7f04397d81586dd79adf34393bb36d194331369edf54f993861987461
8/6/2017 9:00:00 PM,40.0,330.0,920.0,,,952,2017-08-06T21:00:00.000000Z,MWC_ETP_MELBOURNE,inlet,DATASET_02_MELBOURNE_ETP_INLET,observed,SHA256:1e60bff7f04397d81586dd79adf34393bb36d194331369edf54f993861987461
5/29/2017 9:00:00 PM,54.0,260.0,760.0,,,953,2017-05-29T21:00:00.000000Z,MWC_ETP_MELBOURNE,inlet,DATASET_02_MELBOURNE_ETP_INLET,observed,SHA256:1e60bff7f04397d81586dd79adf34393bb36d194331369edf54f993861987461
10/15/2017 8:00:00 PM,44.0,320.0,690.0,0.01,55.0,954,2017-10-15T20:00:00.000000Z,MWC_ETP_MELBOURNE,inlet,DATASET_02_MELBOURNE_ETP_INLET,observed,SHA256:1e60bff7f04397d81586dd79adf34393bb36d194331369edf54f993861987461
12/27/2017 8:00:00 PM,27.0,290.0,570.0,0.01,47.0,955,2017-12-27T20:00:00.000000Z,MWC_ETP_MELBOURNE,inlet,DATASET_02_MELBOURNE_ETP_INLET,observed,SHA256:1e60bff7f04397d81586dd79adf34393bb36d194331369edf54f993861987461
8/7/2018 9:00:00 PM,44.0,360.0,900.0,,,956,2018-08-07T21:00:00.000000Z,MWC_ETP_MELBOURNE,inlet,DATASET_02_MELBOURNE_ETP_INLET,observed,SHA256:1e60bff7f04397d81586dd79adf34393bb36d194331369edf54f993861987461
3/12/2018 8:00:00 PM,43.0,340.0,860.0,,,957,2018-03-12T20:00:00.000000Z,MWC_ETP_MELBOURNE,inlet,DATASET_02_MELBOURNE_ETP_INLET,observed,SHA256:1e60bff7f04397d81586dd79adf34393bb36d194331369edf54f993861987461
5/23/2018 9:00:00 PM,35.0,340.0,930.0,,,958,2018-05-23T21:00:00.000000Z,MWC_ETP_MELBOURNE,inlet,DATASET_02_MELBOURNE_ETP_INLET,observed,SHA256:1e60bff7f04397d81586dd79adf34393bb36d194331369edf54f993861987461
8/7/2017 9:00:00 PM,37.0,320.0,820.0,,,959,2017-08-07T21:00:00.000000Z,MWC_ETP_MELBOURNE,inlet,DATASET_02_MELBOURNE_ETP_INLET,observed,SHA256:1e60bff7f04397d81586dd79adf34393bb36d194331369edf54f993861987461
5/30/2017 9:00:00 PM,52.0,320.0,810.0,,,960,2017-05-30T21:00:00.000000Z,MWC_ETP_MELBOURNE,inlet,DATASET_02_MELBOURNE_ETP_INLET,observed,SHA256:1e60bff7f04397d81586dd79adf34393bb36d194331369edf54f993861987461
10/16/2017 8:00:00 PM,41.0,330.0,900.0,,,961,2017-10-16T20:00:00.000000Z,MWC_ETP_MELBOURNE,inlet,DATASET_02_MELBOURNE_ETP_INLET,observed,SHA256:1e60bff7f04397d81586dd79adf34393bb36d194331369edf54f993861987461
12/28/2017 8:00:00 PM,28.0,290.0,680.0,,,962,2017-12-28T20:00:00.000000Z,MWC_ETP_MELBOURNE,inlet,DATASET_02_MELBOURNE_ETP_INLET,observed,SHA256:1e60bff7f04397d81586dd79adf34393bb36d194331369edf54f993861987461
8/8/2018 9:00:00 PM,40.0,,,,,963,2018-08-08T21:00:00.000000Z,MWC_ETP_MELBOURNE,inlet,DATASET_02_MELBOURNE_ETP_INLET,observed,SHA256:1e60bff7f04397d81586dd79adf34393bb36d194331369edf54f993861987461
3/13/2018 8:00:00 PM,38.0,330.0,810.0,,,964,2018-03-13T20:00:00.000000Z,MWC_ETP_MELBOURNE,inlet,DATASET_02_MELBOURNE_ETP_INLET,observed,SHA256:1e60bff7f04397d81586dd79adf34393bb36d194331369edf54f993861987461
5/24/2018 9:00:00 PM,41.0,350.0,1100.0,,,965,2018-05-24T21:00:00.000000Z,MWC_ETP_MELBOURNE,inlet,DATASET_02_MELBOURNE_ETP_INLET,observed,SHA256:1e60bff7f04397d81586dd79adf34393bb36d194331369edf54f993861987461
8/8/2017 9:00:00 PM,36.0,330.0,820.0,,,966,2017-08-08T21:00:00.000000Z,MWC_ETP_MELBOURNE,inlet,DATASET_02_MELBOURNE_ETP_INLET,observed,SHA256:1e60bff7f04397d81586dd79adf34393bb36d194331369edf54f993861987461
5/31/2017 9:00:00 PM,,330.0,770.0,,,967,2017-05-31T21:00:00.000000Z,MWC_ETP_MELBOURNE,inlet,DATASET_02_MELBOURNE_ETP_INLET,observed,SHA256:1e60bff7f04397d81586dd79adf34393bb36d194331369edf54f993861987461
10/17/2017 8:00:00 PM,41.0,370.0,1000.0,,,968,2017-10-17T20:00:00.000000Z,MWC_ETP_MELBOURNE,inlet,DATASET_02_MELBOURNE_ETP_INLET,observed,SHA256:1e60bff7f04397d81586dd79adf34393bb36d194331369edf54f993861987461
12/29/2017 8:00:00 PM,29.0,,,,,969,2017-12-29T20:00:00.000000Z,MWC_ETP_MELBOURNE,inlet,DATASET_02_MELBOURNE_ETP_INLET,observed,SHA256:1e60bff7f04397d81586dd79adf34393bb36d194331369edf54f993861987461
8/9/2018 9:00:00 PM,47.0,340.0,890.0,0.01,61.0,970,2018-08-09T21:00:00.000000Z,MWC_ETP_MELBOURNE,inlet,DATASET_02_MELBOURNE_ETP_INLET,observed,SHA256:1e60bff7f04397d81586dd79adf34393bb36d194331369edf54f993861987461
8/12/2018 9:00:00 PM,37.0,310.0,790.0,,,971,2018-08-12T21:00:00.000000Z,MWC_ETP_MELBOURNE,inlet,DATASET_02_MELBOURNE_ETP_INLET,observed,SHA256:1e60bff7f04397d81586dd79adf34393bb36d194331369edf54f993861987461
8/13/2018 9:00:00 PM,37.0,300.0,1000.0,,,972,2018-08-13T21:00:00.000000Z,MWC_ETP_MELBOURNE,inlet,DATASET_02_MELBOURNE_ETP_INLET,observed,SHA256:1e60bff7f04397d81586dd79adf34393bb36d194331369edf54f993861987461
8/14/2018 9:00:00 PM,45.0,330.0,950.0,,,973,2018-08-14T21:00:00.000000Z,MWC_ETP_MELBOURNE,inlet,DATASET_02_MELBOURNE_ETP_INLET,observed,SHA256:1e60bff7f04397d81586dd79adf34393bb36d194331369edf54f993861987461
8/15/2018 9:00:00 PM,40.0,360.0,1100.0,,,974,2018-08-15T21:00:00.000000Z,MWC_ETP_MELBOURNE,inlet,DATASET_02_MELBOURNE_ETP_INLET,observed,SHA256:1e60bff7f04397d81586dd79adf34393bb36d194331369edf54f993861987461
8/16/2018 9:00:00 PM,37.0,430.0,990.0,,,975,2018-08-16T21:00:00.000000Z,MWC_ETP_MELBOURNE,inlet,DATASET_02_MELBOURNE_ETP_INLET,observed,SHA256:1e60bff7f04397d81586dd79adf34393bb36d194331369edf54f993861987461
8/19/2018 9:00:00 PM,29.0,290.0,670.0,,,976,2018-08-19T21:00:00.000000Z,MWC_ETP_MELBOURNE,inlet,DATASET_02_MELBOURNE_ETP_INLET,observed,SHA256:1e60bff7f04397d81586dd79adf34393bb36d194331369edf54f993861987461
8/20/2018 9:00:00 PM,29.0,280.0,760.0,,,977,2018-08-20T21:00:00.000000Z,MWC_ETP_MELBOURNE,inlet,DATASET_02_MELBOURNE_ETP_INLET,observed,SHA256:1e60bff7f04397d81586dd79adf34393bb36d194331369edf54f993861987461
8/21/2018 9:00:00 PM,41.0,350.0,810.0,0.01,55.0,978,2018-08-21T21:00:00.000000Z,MWC_ETP_MELBOURNE,inlet,DATASET_02_MELBOURNE_ETP_INLET,observed,SHA256:1e60bff7f04397d81586dd79adf34393bb36d194331369edf54f993861987461
8/22/2018 9:00:00 PM,41.0,380.0,970.0,,,979,2018-08-22T21:00:00.000000Z,MWC_ETP_MELBOURNE,inlet,DATASET_02_MELBOURNE_ETP_INLET,observed,SHA256:1e60bff7f04397d81586dd79adf34393bb36d194331369edf54f993861987461
8/23/2018 9:00:00 PM,36.0,390.0,1100.0,,,980,2018-08-23T21:00:00.000000Z,MWC_ETP_MELBOURNE,inlet,DATASET_02_MELBOURNE_ETP_INLET,observed,SHA256:1e60bff7f04397d81586dd79adf34393bb36d194331369edf54f993861987461
8/26/2018 9:00:00 PM,47.0,290.0,850.0,,,981,2018-08-26T21:00:00.000000Z,MWC_ETP_MELBOURNE,inlet,DATASET_02_MELBOURNE_ETP_INLET,observed,SHA256:1e60bff7f04397d81586dd79adf34393bb36d194331369edf54f993861987461
8/27/2018 9:00:00 PM,41.0,340.0,940.0,,,982,2018-08-27T21:00:00.000000Z,MWC_ETP_MELBOURNE,inlet,DATASET_02_MELBOURNE_ETP_INLET,observed,SHA256:1e60bff7f04397d81586dd79adf34393bb36d194331369edf54f993861987461
8/28/2018 9:00:00 PM,50.0,410.0,1100.0,,,983,2018-08-28T21:00:00.000000Z,MWC_ETP_MELBOURNE,inlet,DATASET_02_MELBOURNE_ETP_INLET,observed,SHA256:1e60bff7f04397d81586dd79adf34393bb36d194331369edf54f993861987461
8/29/2018 9:00:00 PM,48.0,350.0,1000.0,,,984,2018-08-29T21:00:00.000000Z,MWC_ETP_MELBOURNE,inlet,DATASET_02_MELBOURNE_ETP_INLET,observed,SHA256:1e60bff7f04397d81586dd79adf34393bb36d194331369edf54f993861987461
8/30/2018 9:00:00 PM,38.0,330.0,990.0,,,985,2018-08-30T21:00:00.000000Z,MWC_ETP_MELBOURNE,inlet,DATASET_02_MELBOURNE_ETP_INLET,observed,SHA256:1e60bff7f04397d81586dd79adf34393bb36d194331369edf54f993861987461
9/2/2018 9:00:00 PM,42.0,360.0,950.0,,,986,2018-09-02T21:00:00.000000Z,MWC_ETP_MELBOURNE,inlet,DATASET_02_MELBOURNE_ETP_INLET,observed,SHA256:1e60bff7f04397d81586dd79adf34393bb36d194331369edf54f993861987461
9/3/2018 9:00:00 PM,43.0,360.0,1200.0,,,987,2018-09-03T21:00:00.000000Z,MWC_ETP_MELBOURNE,inlet,DATASET_02_MELBOURNE_ETP_INLET,observed,SHA256:1e60bff7f04397d81586dd79adf34393bb36d194331369edf54f993861987461
9/4/2018 9:00:00 PM,40.0,370.0,1100.0,0.01,68.0,988,2018-09-04T21:00:00.000000Z,MWC_ETP_MELBOURNE,inlet,DATASET_02_MELBOURNE_ETP_INLET,observed,SHA256:1e60bff7f04397d81586dd79adf34393bb36d194331369edf54f993861987461
9/5/2018 9:00:00 PM,39.0,350.0,990.0,,,989,2018-09-05T21:00:00.000000Z,MWC_ETP_MELBOURNE,inlet,DATASET_02_MELBOURNE_ETP_INLET,observed,SHA256:1e60bff7f04397d81586dd79adf34393bb36d194331369edf54f993861987461
9/6/2018 9:00:00 PM,36.0,390.0,980.0,,,990,2018-09-06T21:00:00.000000Z,MWC_ETP_MELBOURNE,inlet,DATASET_02_MELBOURNE_ETP_INLET,observed,SHA256:1e60bff7f04397d81586dd79adf34393bb36d194331369edf54f993861987461
9/9/2018 9:00:00 PM,45.0,370.0,860.0,,,991,2018-09-09T21:00:00.000000Z,MWC_ETP_MELBOURNE,inlet,DATASET_02_MELBOURNE_ETP_INLET,observed,SHA256:1e60bff7f04397d81586dd79adf34393bb36d194331369edf54f993861987461
9/10/2018 9:00:00 PM,37.0,320.0,1100.0,,,992,2018-09-10T21:00:00.000000Z,MWC_ETP_MELBOURNE,inlet,DATASET_02_MELBOURNE_ETP_INLET,observed,SHA256:1e60bff7f04397d81586dd79adf34393bb36d194331369edf54f993861987461
9/11/2018 9:00:00 PM,39.0,350.0,990.0,,,993,2018-09-11T21:00:00.000000Z,MWC_ETP_MELBOURNE,inlet,DATASET_02_MELBOURNE_ETP_INLET,observed,SHA256:1e60bff7f04397d81586dd79adf34393bb36d194331369edf54f993861987461
9/12/2018 9:00:00 PM,36.0,300.0,890.0,,,994,2018-09-12T21:00:00.000000Z,MWC_ETP_MELBOURNE,inlet,DATASET_02_MELBOURNE_ETP_INLET,observed,SHA256:1e60bff7f04397d81586dd79adf34393bb36d194331369edf54f993861987461
9/13/2018 9:00:00 PM,28.0,320.0,880.0,,,995,2018-09-13T21:00:00.000000Z,MWC_ETP_MELBOURNE,inlet,DATASET_02_MELBOURNE_ETP_INLET,observed,SHA256:1e60bff7f04397d81586dd79adf34393bb36d194331369edf54f993861987461
9/16/2018 9:00:00 PM,36.0,360.0,740.0,,,996,2018-09-16T21:00:00.000000Z,MWC_ETP_MELBOURNE,inlet,DATASET_02_MELBOURNE_ETP_INLET,observed,SHA256:1e60bff7f04397d81586dd79adf34393bb36d194331369edf54f993861987461
9/17/2018 9:00:00 PM,32.0,340.0,970.0,,,997,2018-09-17T21:00:00.000000Z,MWC_ETP_MELBOURNE,inlet,DATASET_02_MELBOURNE_ETP_INLET,observed,SHA256:1e60bff7f04397d81586dd79adf34393bb36d194331369edf54f993861987461
9/18/2018 9:00:00 PM,37.0,380.0,1100.0,,,998,2018-09-18T21:00:00.000000Z,MWC_ETP_MELBOURNE,inlet,DATASET_02_MELBOURNE_ETP_INLET,observed,SHA256:1e60bff7f04397d81586dd79adf34393bb36d194331369edf54f993861987461
1/1/2018 8:00:00 PM,33.0,280.0,770.0,,,999,2018-01-01T20:00:00.000000Z,MWC_ETP_MELBOURNE,inlet,DATASET_02_MELBOURNE_ETP_INLET,observed,SHA256:1e60bff7f04397d81586dd79adf34393bb36d194331369edf54f993861987461
1/2/2018 8:00:00 PM,35.0,320.0,750.0,,,1000,2018-01-02T20:00:00.000000Z,MWC_ETP_MELBOURNE,inlet,DATASET_02_MELBOURNE_ETP_INLET,observed,SHA256:1e60bff7f04397d81586dd79adf34393bb36d194331369edf54f993861987461
1/3/2018 8:00:00 PM,45.0,500.0,880.0,,,1001,2018-01-03T20:00:00.000000Z,MWC_ETP_MELBOURNE,inlet,DATASET_02_MELBOURNE_ETP_INLET,observed,SHA256:1e60bff7f04397d81586dd79adf34393bb36d194331369edf54f993861987461
1/4/2018 8:00:00 PM,46.0,670.0,940.0,,,1002,2018-01-04T20:00:00.000000Z,MWC_ETP_MELBOURNE,inlet,DATASET_02_MELBOURNE_ETP_INLET,observed,SHA256:1e60bff7f04397d81586dd79adf34393bb36d194331369edf54f993861987461
1/7/2018 8:00:00 PM,39.0,410.0,1100.0,,,1003,2018-01-07T20:00:00.000000Z,MWC_ETP_MELBOURNE,inlet,DATASET_02_MELBOURNE_ETP_INLET,observed,SHA256:1e60bff7f04397d81586dd79adf34393bb36d194331369edf54f993861987461
1/8/2018 8:00:00 PM,47.0,340.0,900.0,,,1004,2018-01-08T20:00:00.000000Z,MWC_ETP_MELBOURNE,inlet,DATASET_02_MELBOURNE_ETP_INLET,observed,SHA256:1e60bff7f04397d81586dd79adf34393bb36d194331369edf54f993861987461
1/9/2018 8:00:00 PM,44.0,540.0,970.0,,,1005,2018-01-09T20:00:00.000000Z,MWC_ETP_MELBOURNE,inlet,DATASET_02_MELBOURNE_ETP_INLET,observed,SHA256:1e60bff7f04397d81586dd79adf34393bb36d194331369edf54f993861987461
1/10/2018 8:00:00 PM,29.0,530.0,890.0,0.01,56.0,1006,2018-01-10T20:00:00.000000Z,MWC_ETP_MELBOURNE,inlet,DATASET_02_MELBOURNE_ETP_INLET,observed,SHA256:1e60bff7f04397d81586dd79adf34393bb36d194331369edf54f993861987461
10/18/2017 8:00:00 PM,40.0,440.0,900.0,,,1007,2017-10-18T20:00:00.000000Z,MWC_ETP_MELBOURNE,inlet,DATASET_02_MELBOURNE_ETP_INLET,observed,SHA256:1e60bff7f04397d81586dd79adf34393bb36d194331369edf54f993861987461
10/19/2017 8:00:00 PM,48.0,350.0,930.0,,,1008,2017-10-19T20:00:00.000000Z,MWC_ETP_MELBOURNE,inlet,DATASET_02_MELBOURNE_ETP_INLET,observed,SHA256:1e60bff7f04397d81586dd79adf34393bb36d194331369edf54f993861987461
10/22/2017 8:00:00 PM,39.0,400.0,850.0,,,1009,2017-10-22T20:00:00.000000Z,MWC_ETP_MELBOURNE,inlet,DATASET_02_MELBOURNE_ETP_INLET,observed,SHA256:1e60bff7f04397d81586dd79adf34393bb36d194331369edf54f993861987461
10/23/2017 8:00:00 PM,34.0,420.0,850.0,,,1010,2017-10-23T20:00:00.000000Z,MWC_ETP_MELBOURNE,inlet,DATASET_02_MELBOURNE_ETP_INLET,observed,SHA256:1e60bff7f04397d81586dd79adf34393bb36d194331369edf54f993861987461
1/11/2018 8:00:00 PM,37.0,360.0,920.0,,,1011,2018-01-11T20:00:00.000000Z,MWC_ETP_MELBOURNE,inlet,DATASET_02_MELBOURNE_ETP_INLET,observed,SHA256:1e60bff7f04397d81586dd79adf34393bb36d194331369edf54f993861987461
10/24/2017 8:00:00 PM,37.0,350.0,880.0,,,1012,2017-10-24T20:00:00.000000Z,MWC_ETP_MELBOURNE,inlet,DATASET_02_MELBOURNE_ETP_INLET,observed,SHA256:1e60bff7f04397d81586dd79adf34393bb36d194331369edf54f993861987461
8/9/2017 9:00:00 PM,38.0,360.0,800.0,,,1013,2017-08-09T21:00:00.000000Z,MWC_ETP_MELBOURNE,inlet,DATASET_02_MELBOURNE_ETP_INLET,observed,SHA256:1e60bff7f04397d81586dd79adf34393bb36d194331369edf54f993861987461
1/14/2018 8:00:00 PM,32.0,270.0,650.0,,,1014,2018-01-14T20:00:00.000000Z,MWC_ETP_MELBOURNE,inlet,DATASET_02_MELBOURNE_ETP_INLET,observed,SHA256:1e60bff7f04397d81586dd79adf34393bb36d194331369edf54f993861987461
6/1/2017 9:00:00 PM,49.0,380.0,950.0,,,1015,2017-06-01T21:00:00.000000Z,MWC_ETP_MELBOURNE,inlet,DATASET_02_MELBOURNE_ETP_INLET,observed,SHA256:1e60bff7f04397d81586dd79adf34393bb36d194331369edf54f993861987461
3/14/2018 8:00:00 PM,39.0,360.0,800.0,,,1016,2018-03-14T20:00:00.000000Z,MWC_ETP_MELBOURNE,inlet,DATASET_02_MELBOURNE_ETP_INLET,observed,SHA256:1e60bff7f04397d81586dd79adf34393bb36d194331369edf54f993861987461
5/27/2018 9:00:00 PM,50.0,260.0,720.0,0.02,49.0,1017,2018-05-27T21:00:00.000000Z,MWC_ETP_MELBOURNE,inlet,DATASET_02_MELBOURNE_ETP_INLET,observed,SHA256:1e60bff7f04397d81586dd79adf34393bb36d194331369edf54f993861987461
10/25/2017 8:00:00 PM,35.0,360.0,770.0,,,1018,2017-10-25T20:00:00.000000Z,MWC_ETP_MELBOURNE,inlet,DATASET_02_MELBOURNE_ETP_INLET,observed,SHA256:1e60bff7f04397d81586dd79adf34393bb36d194331369edf54f993861987461
8/10/2017 9:00:00 PM,40.0,330.0,830.0,0.01,68.0,1019,2017-08-10T21:00:00.000000Z,MWC_ETP_MELBOURNE,inlet,DATASET_02_MELBOURNE_ETP_INLET,observed,SHA256:1e60bff7f04397d81586dd79adf34393bb36d194331369edf54f993861987461
1/15/2018 8:00:00 PM,40.0,330.0,1100.0,,,1020,2018-01-15T20:00:00.000000Z,MWC_ETP_MELBOURNE,inlet,DATASET_02_MELBOURNE_ETP_INLET,observed,SHA256:1e60bff7f04397d81586dd79adf34393bb36d194331369edf54f993861987461
6/4/2017 9:00:00 PM,42.0,330.0,820.0,,,1021,2017-06-04T21:00:00.000000Z,MWC_ETP_MELBOURNE,inlet,DATASET_02_MELBOURNE_ETP_INLET,observed,SHA256:1e60bff7f04397d81586dd79adf34393bb36d194331369edf54f993861987461
3/15/2018 8:00:00 PM,68.0,350.0,840.0,,,1022,2018-03-15T20:00:00.000000Z,MWC_ETP_MELBOURNE,inlet,DATASET_02_MELBOURNE_ETP_INLET,observed,SHA256:1e60bff7f04397d81586dd79adf34393bb36d194331369edf54f993861987461
5/28/2018 9:00:00 PM,48.0,310.0,810.0,,,1023,2018-05-28T21:00:00.000000Z,MWC_ETP_MELBOURNE,inlet,DATASET_02_MELBOURNE_ETP_INLET,observed,SHA256:1e60bff7f04397d81586dd79adf34393bb36d194331369edf54f993861987461
10/26/2017 8:00:00 PM,45.0,410.0,830.0,,,1024,2017-10-26T20:00:00.000000Z,MWC_ETP_MELBOURNE,inlet,DATASET_02_MELBOURNE_ETP_INLET,observed,SHA256:1e60bff7f04397d81586dd79adf34393bb36d194331369edf54f993861987461
8/13/2017 9:00:00 PM,34.0,300.0,750.0,,,1025,2017-08-13T21:00:00.000000Z,MWC_ETP_MELBOURNE,inlet,DATASET_02_MELBOURNE_ETP_INLET,observed,SHA256:1e60bff7f04397d81586dd79adf34393bb36d194331369edf54f993861987461
1/16/2018 8:00:00 PM,47.0,340.0,950.0,,,1026,2018-01-16T20:00:00.000000Z,MWC_ETP_MELBOURNE,inlet,DATASET_02_MELBOURNE_ETP_INLET,observed,SHA256:1e60bff7f04397d81586dd79adf34393bb36d194331369edf54f993861987461
6/5/2017 9:00:00 PM,45.0,320.0,840.0,,,1027,2017-06-05T21:00:00.000000Z,MWC_ETP_MELBOURNE,inlet,DATASET_02_MELBOURNE_ETP_INLET,observed,SHA256:1e60bff7f04397d81586dd79adf34393bb36d194331369edf54f993861987461
3/18/2018 8:00:00 PM,49.0,360.0,890.0,,,1028,2018-03-18T20:00:00.000000Z,MWC_ETP_MELBOURNE,inlet,DATASET_02_MELBOURNE_ETP_INLET,observed,SHA256:1e60bff7f04397d81586dd79adf34393bb36d194331369edf54f993861987461
5/29/2018 9:00:00 PM,45.0,320.0,920.0,,,1029,2018-05-29T21:00:00.000000Z,MWC_ETP_MELBOURNE,inlet,DATASET_02_MELBOURNE_ETP_INLET,observed,SHA256:1e60bff7f04397d81586dd79adf34393bb36d194331369edf54f993861987461
10/29/2017 8:00:00 PM,47.0,340.0,860.0,,,1030,2017-10-29T20:00:00.000000Z,MWC_ETP_MELBOURNE,inlet,DATASET_02_MELBOURNE_ETP_INLET,observed,SHA256:1e60bff7f04397d81586dd79adf34393bb36d194331369edf54f993861987461
8/14/2017 9:00:00 PM,41.0,320.0,850.0,,,1031,2017-08-14T21:00:00.000000Z,MWC_ETP_MELBOURNE,inlet,DATASET_02_MELBOURNE_ETP_INLET,observed,SHA256:1e60bff7f04397d81586dd79adf34393bb36d194331369edf54f993861987461
1/17/2018 8:00:00 PM,38.0,580.0,930.0,,,1032,2018-01-17T20:00:00.000000Z,MWC_ETP_MELBOURNE,inlet,DATASET_02_MELBOURNE_ETP_INLET,observed,SHA256:1e60bff7f04397d81586dd79adf34393bb36d194331369edf54f993861987461
6/6/2017 9:00:00 PM,44.0,310.0,780.0,,,1033,2017-06-06T21:00:00.000000Z,MWC_ETP_MELBOURNE,inlet,DATASET_02_MELBOURNE_ETP_INLET,observed,SHA256:1e60bff7f04397d81586dd79adf34393bb36d194331369edf54f993861987461
3/19/2018 8:00:00 PM,43.0,310.0,760.0,,,1034,2018-03-19T20:00:00.000000Z,MWC_ETP_MELBOURNE,inlet,DATASET_02_MELBOURNE_ETP_INLET,observed,SHA256:1e60bff7f04397d81586dd79adf34393bb36d194331369edf54f993861987461
5/30/2018 9:00:00 PM,40.0,370.0,970.0,,,1035,2018-05-30T21:00:00.000000Z,MWC_ETP_MELBOURNE,inlet,DATASET_02_MELBOURNE_ETP_INLET,observed,SHA256:1e60bff7f04397d81586dd79adf34393bb36d194331369edf54f993861987461
10/30/2017 8:00:00 PM,33.0,340.0,910.0,,,1036,2017-10-30T20:00:00.000000Z,MWC_ETP_MELBOURNE,inlet,DATASET_02_MELBOURNE_ETP_INLET,observed,SHA256:1e60bff7f04397d81586dd79adf34393bb36d194331369edf54f993861987461
8/15/2017 9:00:00 PM,41.0,350.0,900.0,,,1037,2017-08-15T21:00:00.000000Z,MWC_ETP_MELBOURNE,inlet,DATASET_02_MELBOURNE_ETP_INLET,observed,SHA256:1e60bff7f04397d81586dd79adf34393bb36d194331369edf54f993861987461
1/18/2018 8:00:00 PM,50.0,490.0,990.0,,,1038,2018-01-18T20:00:00.000000Z,MWC_ETP_MELBOURNE,inlet,DATASET_02_MELBOURNE_ETP_INLET,observed,SHA256:1e60bff7f04397d81586dd79adf34393bb36d194331369edf54f993861987461
6/7/2017 9:00:00 PM,50.0,330.0,920.0,,,1039,2017-06-07T21:00:00.000000Z,MWC_ETP_MELBOURNE,inlet,DATASET_02_MELBOURNE_ETP_INLET,observed,SHA256:1e60bff7f04397d81586dd79adf34393bb36d194331369edf54f993861987461
3/20/2018 8:00:00 PM,52.0,540.0,1500.0,,,1040,2018-03-20T20:00:00.000000Z,MWC_ETP_MELBOURNE,inlet,DATASET_02_MELBOURNE_ETP_INLET,observed,SHA256:1e60bff7f04397d81586dd79adf34393bb36d194331369edf54f993861987461
5/31/2018 9:00:00 PM,27.0,340.0,900.0,,,1041,2018-05-31T21:00:00.000000Z,MWC_ETP_MELBOURNE,inlet,DATASET_02_MELBOURNE_ETP_INLET,observed,SHA256:1e60bff7f04397d81586dd79adf34393bb36d194331369edf54f993861987461
10/31/2017 8:00:00 PM,50.0,320.0,780.0,,,1042,2017-10-31T20:00:00.000000Z,MWC_ETP_MELBOURNE,inlet,DATASET_02_MELBOURNE_ETP_INLET,observed,SHA256:1e60bff7f04397d81586dd79adf34393bb36d194331369edf54f993861987461
8/16/2017 9:00:00 PM,41.0,360.0,900.0,,,1043,2017-08-16T21:00:00.000000Z,MWC_ETP_MELBOURNE,inlet,DATASET_02_MELBOURNE_ETP_INLET,observed,SHA256:1e60bff7f04397d81586dd79adf34393bb36d194331369edf54f993861987461
1/21/2018 8:00:00 PM,56.0,300.0,780.0,,,1044,2018-01-21T20:00:00.000000Z,MWC_ETP_MELBOURNE,inlet,DATASET_02_MELBOURNE_ETP_INLET,observed,SHA256:1e60bff7f04397d81586dd79adf34393bb36d194331369edf54f993861987461
6/8/2017 9:00:00 PM,48.0,360.0,930.0,,,1045,2017-06-08T21:00:00.000000Z,MWC_ETP_MELBOURNE,inlet,DATASET_02_MELBOURNE_ETP_INLET,observed,SHA256:1e60bff7f04397d81586dd79adf34393bb36d194331369edf54f993861987461
3/21/2018 8:00:00 PM,45.0,400.0,1200.0,0.01,78.0,1046,2018-03-21T20:00:00.000000Z,MWC_ETP_MELBOURNE,inlet,DATASET_02_MELBOURNE_ETP_INLET,observed,SHA256:1e60bff7f04397d81586dd79adf34393bb36d194331369edf54f993861987461
6/3/2018 9:00:00 PM,38.0,320.0,400.0,,,1047,2018-06-03T21:00:00.000000Z,MWC_ETP_MELBOURNE,inlet,DATASET_02_MELBOURNE_ETP_INLET,observed,SHA256:1e60bff7f04397d81586dd79adf34393bb36d194331369edf54f993861987461
11/1/2017 8:00:00 PM,50.0,380.0,790.0,0.01,58.0,1048,2017-11-01T20:00:00.000000Z,MWC_ETP_MELBOURNE,inlet,DATASET_02_MELBOURNE_ETP_INLET,observed,SHA256:1e60bff7f04397d81586dd79adf34393bb36d194331369edf54f993861987461
8/17/2017 9:00:00 PM,31.0,340.0,870.0,,,1049,2017-08-17T21:00:00.000000Z,MWC_ETP_MELBOURNE,inlet,DATASET_02_MELBOURNE_ETP_INLET,observed,SHA256:1e60bff7f04397d81586dd79adf34393bb36d194331369edf54f993861987461
1/22/2018 8:00:00 PM,36.0,300.0,790.0,0.01,56.0,1050,2018-01-22T20:00:00.000000Z,MWC_ETP_MELBOURNE,inlet,DATASET_02_MELBOURNE_ETP_INLET,observed,SHA256:1e60bff7f04397d81586dd79adf34393bb36d194331369edf54f993861987461
6/9/2017 9:00:00 PM,40.0,,,,,1051,2017-06-09T21:00:00.000000Z,MWC_ETP_MELBOURNE,inlet,DATASET_02_MELBOURNE_ETP_INLET,observed,SHA256:1e60bff7f04397d81586dd79adf34393bb36d194331369edf54f993861987461
3/22/2018 8:00:00 PM,47.0,510.0,1300.0,,,1052,2018-03-22T20:00:00.000000Z,MWC_ETP_MELBOURNE,inlet,DATASET_02_MELBOURNE_ETP_INLET,observed,SHA256:1e60bff7f04397d81586dd79adf34393bb36d194331369edf54f993861987461
6/4/2018 9:00:00 PM,31.0,430.0,1100.0,,,1053,2018-06-04T21:00:00.000000Z,MWC_ETP_MELBOURNE,inlet,DATASET_02_MELBOURNE_ETP_INLET,observed,SHA256:1e60bff7f04397d81586dd79adf34393bb36d194331369edf54f993861987461
11/2/2017 8:00:00 PM,50.0,470.0,1000.0,,,1054,2017-11-02T20:00:00.000000Z,MWC_ETP_MELBOURNE,inlet,DATASET_02_MELBOURNE_ETP_INLET,observed,SHA256:1e60bff7f04397d81586dd79adf34393bb36d194331369edf54f993861987461
8/20/2017 9:00:00 PM,30.0,260.0,740.0,,,1055,2017-08-20T21:00:00.000000Z,MWC_ETP_MELBOURNE,inlet,DATASET_02_MELBOURNE_ETP_INLET,observed,SHA256:1e60bff7f04397d81586dd79adf34393bb36d194331369edf54f993861987461
1/23/2018 8:00:00 PM,37.0,370.0,910.0,,,1056,2018-01-23T20:00:00.000000Z,MWC_ETP_MELBOURNE,inlet,DATASET_02_MELBOURNE_ETP_INLET,observed,SHA256:1e60bff7f04397d81586dd79adf34393bb36d194331369edf54f993861987461
6/12/2017 9:00:00 PM,50.0,320.0,760.0,,,1057,2017-06-12T21:00:00.000000Z,MWC_ETP_MELBOURNE,inlet,DATASET_02_MELBOURNE_ETP_INLET,observed,SHA256:1e60bff7f04397d81586dd79adf34393bb36d194331369edf54f993861987461
3/25/2018 8:00:00 PM,38.0,600.0,960.0,,,1058,2018-03-25T20:00:00.000000Z,MWC_ETP_MELBOURNE,inlet,DATASET_02_MELBOURNE_ETP_INLET,observed,SHA256:1e60bff7f04397d81586dd79adf34393bb36d194331369edf54f993861987461
6/5/2018 9:00:00 PM,27.0,430.0,980.0,,,1059,2018-06-05T21:00:00.000000Z,MWC_ETP_MELBOURNE,inlet,DATASET_02_MELBOURNE_ETP_INLET,observed,SHA256:1e60bff7f04397d81586dd79adf34393bb36d194331369edf54f993861987461
11/5/2017 8:00:00 PM,52.0,330.0,850.0,,,1060,2017-11-05T20:00:00.000000Z,MWC_ETP_MELBOURNE,inlet,DATASET_02_MELBOURNE_ETP_INLET,observed,SHA256:1e60bff7f04397d81586dd79adf34393bb36d194331369edf54f993861987461
8/21/2017 9:00:00 PM,93.0,320.0,800.0,,,1061,2017-08-21T21:00:00.000000Z,MWC_ETP_MELBOURNE,inlet,DATASET_02_MELBOURNE_ETP_INLET,observed,SHA256:1e60bff7f04397d81586dd79adf34393bb36d194331369edf54f993861987461
1/24/2018 8:00:00 PM,45.0,420.0,920.0,,,1062,2018-01-24T20:00:00.000000Z,MWC_ETP_MELBOURNE,inlet,DATASET_02_MELBOURNE_ETP_INLET,observed,SHA256:1e60bff7f04397d81586dd79adf34393bb36d194331369edf54f993861987461
6/13/2017 9:00:00 PM,50.0,320.0,860.0,,,1063,2017-06-13T21:00:00.000000Z,MWC_ETP_MELBOURNE,inlet,DATASET_02_MELBOURNE_ETP_INLET,observed,SHA256:1e60bff7f04397d81586dd79adf34393bb36d194331369edf54f993861987461
3/26/2018 8:00:00 PM,43.0,350.0,940.0,,,1064,2018-03-26T20:00:00.000000Z,MWC_ETP_MELBOURNE,inlet,DATASET_02_MELBOURNE_ETP_INLET,observed,SHA256:1e60bff7f04397d81586dd79adf34393bb36d194331369edf54f993861987461
6/6/2018 9:00:00 PM,34.0,390.0,1000.0,,,1065,2018-06-06T21:00:00.000000Z,MWC_ETP_MELBOURNE,inlet,DATASET_02_MELBOURNE_ETP_INLET,observed,SHA256:1e60bff7f04397d81586dd79adf34393bb36d194331369edf54f993861987461
11/7/2017 8:00:00 PM,78.0,330.0,810.0,,,1066,2017-11-07T20:00:00.000000Z,MWC_ETP_MELBOURNE,inlet,DATASET_02_MELBOURNE_ETP_INLET,observed,SHA256:1e60bff7f04397d81586dd79adf34393bb36d194331369edf54f993861987461
8/22/2017 9:00:00 PM,40.0,340.0,850.0,0.01,60.0,1067,2017-08-22T21:00:00.000000Z,MWC_ETP_MELBOURNE,inlet,DATASET_02_MELBOURNE_ETP_INLET,observed,SHA256:1e60bff7f04397d81586dd79adf34393bb36d194331369edf54f993861987461
1/26/2018 8:00:00 PM,30.0,,,,,1068,2018-01-26T20:00:00.000000Z,MWC_ETP_MELBOURNE,inlet,DATASET_02_MELBOURNE_ETP_INLET,observed,SHA256:1e60bff7f04397d81586dd79adf34393bb36d194331369edf54f993861987461
6/14/2017 9:00:00 PM,45.0,370.0,930.0,,,1069,2017-06-14T21:00:00.000000Z,MWC_ETP_MELBOURNE,inlet,DATASET_02_MELBOURNE_ETP_INLET,observed,SHA256:1e60bff7f04397d81586dd79adf34393bb36d194331369edf54f993861987461
3/27/2018 8:00:00 PM,40.0,340.0,960.0,,,1070,2018-03-27T20:00:00.000000Z,MWC_ETP_MELBOURNE,inlet,DATASET_02_MELBOURNE_ETP_INLET,observed,SHA256:1e60bff7f04397d81586dd79adf34393bb36d194331369edf54f993861987461
6/7/2018 9:00:00 PM,35.0,430.0,1200.0,,,1071,2018-06-07T21:00:00.000000Z,MWC_ETP_MELBOURNE,inlet,DATASET_02_MELBOURNE_ETP_INLET,observed,SHA256:1e60bff7f04397d81586dd79adf34393bb36d194331369edf54f993861987461
11/8/2017 8:00:00 PM,53.0,460.0,960.0,,,1072,2017-11-08T20:00:00.000000Z,MWC_ETP_MELBOURNE,inlet,DATASET_02_MELBOURNE_ETP_INLET,observed,SHA256:1e60bff7f04397d81586dd79adf34393bb36d194331369edf54f993861987461
8/23/2017 9:00:00 PM,32.0,350.0,880.0,,,1073,2017-08-23T21:00:00.000000Z,MWC_ETP_MELBOURNE,inlet,DATASET_02_MELBOURNE_ETP_INLET,observed,SHA256:1e60bff7f04397d81586dd79adf34393bb36d194331369edf54f993861987461
1/28/2018 8:00:00 PM,35.0,350.0,750.0,,,1074,2018-01-28T20:00:00.000000Z,MWC_ETP_MELBOURNE,inlet,DATASET_02_MELBOURNE_ETP_INLET,observed,SHA256:1e60bff7f04397d81586dd79adf34393bb36d194331369edf54f993861987461
6/15/2017 9:00:00 PM,40.0,370.0,920.0,0.01,63.0,1075,2017-06-15T21:00:00.000000Z,MWC_ETP_MELBOURNE,inlet,DATASET_02_MELBOURNE_ETP_INLET,observed,SHA256:1e60bff7f04397d81586dd79adf34393bb36d194331369edf54f993861987461
3/28/2018 8:00:00 PM,46.0,340.0,920.0,,,1076,2018-03-28T20:00:00.000000Z,MWC_ETP_MELBOURNE,inlet,DATASET_02_MELBOURNE_ETP_INLET,observed,SHA256:1e60bff7f04397d81586dd79adf34393bb36d194331369edf54f993861987461
6/8/2018 9:00:00 PM,38.0,,,,,1077,2018-06-08T21:00:00.000000Z,MWC_ETP_MELBOURNE,inlet,DATASET_02_MELBOURNE_ETP_INLET,observed,SHA256:1e60bff7f04397d81586dd79adf34393bb36d194331369edf54f993861987461
11/9/2017 8:00:00 PM,52.0,400.0,940.0,,,1078,2017-11-09T20:00:00.000000Z,MWC_ETP_MELBOURNE,inlet,DATASET_02_MELBOURNE_ETP_INLET,observed,SHA256:1e60bff7f04397d81586dd79adf34393bb36d194331369edf54f993861987461
8/24/2017 9:00:00 PM,32.0,300.0,780.0,,,1079,2017-08-24T21:00:00.000000Z,MWC_ETP_MELBOURNE,inlet,DATASET_02_MELBOURNE_ETP_INLET,observed,SHA256:1e60bff7f04397d81586dd79adf34393bb36d194331369edf54f993861987461
1/29/2018 8:00:00 PM,33.0,290.0,810.0,,,1080,2018-01-29T20:00:00.000000Z,MWC_ETP_MELBOURNE,inlet,DATASET_02_MELBOURNE_ETP_INLET,observed,SHA256:1e60bff7f04397d81586dd79adf34393bb36d194331369edf54f993861987461
6/18/2017 9:00:00 PM,57.0,320.0,760.0,,,1081,2017-06-18T21:00:00.000000Z,MWC_ETP_MELBOURNE,inlet,DATASET_02_MELBOURNE_ETP_INLET,observed,SHA256:1e60bff7f04397d81586dd79adf34393bb36d194331369edf54f993861987461
3/30/2018 8:00:00 PM,41.0,,,,,1082,2018-03-30T20:00:00.000000Z,MWC_ETP_MELBOURNE,inlet,DATASET_02_MELBOURNE_ETP_INLET,observed,SHA256:1e60bff7f04397d81586dd79adf34393bb36d194331369edf54f993861987461
6/11/2018 9:00:00 PM,41.0,330.0,910.0,,,1083,2018-06-11T21:00:00.000000Z,MWC_ETP_MELBOURNE,inlet,DATASET_02_MELBOURNE_ETP_INLET,observed,SHA256:1e60bff7f04397d81586dd79adf34393bb36d194331369edf54f993861987461
11/12/2017 8:00:00 PM,36.0,330.0,950.0,,,1084,2017-11-12T20:00:00.000000Z,MWC_ETP_MELBOURNE,inlet,DATASET_02_MELBOURNE_ETP_INLET,observed,SHA256:1e60bff7f04397d81586dd79adf34393bb36d194331369edf54f993861987461
8/27/2017 9:00:00 PM,27.0,250.0,660.0,,,1085,2017-08-27T21:00:00.000000Z,MWC_ETP_MELBOURNE,inlet,DATASET_02_MELBOURNE_ETP_INLET,observed,SHA256:1e60bff7f04397d81586dd79adf34393bb36d194331369edf54f993861987461
1/30/2018 8:00:00 PM,20.0,230.0,550.0,,,1086,2018-01-30T20:00:00.000000Z,MWC_ETP_MELBOURNE,inlet,DATASET_02_MELBOURNE_ETP_INLET,observed,SHA256:1e60bff7f04397d81586dd79adf34393bb36d194331369edf54f993861987461
6/19/2017 9:00:00 PM,50.0,260.0,820.0,,,1087,2017-06-19T21:00:00.000000Z,MWC_ETP_MELBOURNE,inlet,DATASET_02_MELBOURNE_ETP_INLET,observed,SHA256:1e60bff7f04397d81586dd79adf34393bb36d194331369edf54f993861987461
4/2/2018 9:00:00 PM,49.0,340.0,890.0,0.03,63.0,1088,2018-04-02T21:00:00.000000Z,MWC_ETP_MELBOURNE,inlet,DATASET_02_MELBOURNE_ETP_INLET,observed,SHA256:1e60bff7f04397d81586dd79adf34393bb36d194331369edf54f993861987461
6/12/2018 9:00:00 PM,34.0,330.0,930.0,,,1089,2018-06-12T21:00:00.000000Z,MWC_ETP_MELBOURNE,inlet,DATASET_02_MELBOURNE_ETP_INLET,observed,SHA256:1e60bff7f04397d81586dd79adf34393bb36d194331369edf54f993861987461
11/13/2017 8:00:00 PM,46.0,550.0,1100.0,,,1090,2017-11-13T20:00:00.000000Z,MWC_ETP_MELBOURNE,inlet,DATASET_02_MELBOURNE_ETP_INLET,observed,SHA256:1e60bff7f04397d81586dd79adf34393bb36d194331369edf54f993861987461
8/28/2017 9:00:00 PM,42.0,310.0,740.0,,,1091,2017-08-28T21:00:00.000000Z,MWC_ETP_MELBOURNE,inlet,DATASET_02_MELBOURNE_ETP_INLET,observed,SHA256:1e60bff7f04397d81586dd79adf34393bb36d194331369edf54f993861987461
1/31/2018 8:00:00 PM,30.0,330.0,810.0,,,1092,2018-01-31T20:00:00.000000Z,MWC_ETP_MELBOURNE,inlet,DATASET_02_MELBOURNE_ETP_INLET,observed,SHA256:1e60bff7f04397d81586dd79adf34393bb36d194331369edf54f993861987461
6/20/2017 9:00:00 PM,47.0,370.0,930.0,,,1093,2017-06-20T21:00:00.000000Z,MWC_ETP_MELBOURNE,inlet,DATASET_02_MELBOURNE_ETP_INLET,observed,SHA256:1e60bff7f04397d81586dd79adf34393bb36d194331369edf54f993861987461
4/3/2018 9:00:00 PM,51.0,330.0,930.0,,,1094,2018-04-03T21:00:00.000000Z,MWC_ETP_MELBOURNE,inlet,DATASET_02_MELBOURNE_ETP_INLET,observed,SHA256:1e60bff7f04397d81586dd79adf34393bb36d194331369edf54f993861987461
6/13/2018 9:00:00 PM,31.0,300.0,1100.0,,,1095,2018-06-13T21:00:00.000000Z,MWC_ETP_MELBOURNE,inlet,DATASET_02_MELBOURNE_ETP_INLET,observed,SHA256:1e60bff7f04397d81586dd79adf34393bb36d194331369edf54f993861987461
11/14/2017 8:00:00 PM,41.0,480.0,1000.0,,,1096,2017-11-14T20:00:00.000000Z,MWC_ETP_MELBOURNE,inlet,DATASET_02_MELBOURNE_ETP_INLET,observed,SHA256:1e60bff7f04397d81586dd79adf34393bb36d194331369edf54f993861987461
8/29/2017 9:00:00 PM,42.0,330.0,820.0,,,1097,2017-08-29T21:00:00.000000Z,MWC_ETP_MELBOURNE,inlet,DATASET_02_MELBOURNE_ETP_INLET,observed,SHA256:1e60bff7f04397d81586dd79adf34393bb36d194331369edf54f993861987461
2/1/2018 8:00:00 PM,49.0,370.0,820.0,,,1098,2018-02-01T20:00:00.000000Z,MWC_ETP_MELBOURNE,inlet,DATASET_02_MELBOURNE_ETP_INLET,observed,SHA256:1e60bff7f04397d81586dd79adf34393bb36d194331369edf54f993861987461
6/21/2017 9:00:00 PM,50.0,280.0,840.0,,,1099,2017-06-21T21:00:00.000000Z,MWC_ETP_MELBOURNE,inlet,DATASET_02_MELBOURNE_ETP_INLET,observed,SHA256:1e60bff7f04397d81586dd79adf34393bb36d194331369edf54f993861987461
4/4/2018 9:00:00 PM,43.0,360.0,1100.0,,,1100,2018-04-04T21:00:00.000000Z,MWC_ETP_MELBOURNE,inlet,DATASET_02_MELBOURNE_ETP_INLET,observed,SHA256:1e60bff7f04397d81586dd79adf34393bb36d194331369edf54f993861987461
6/14/2018 9:00:00 PM,29.0,410.0,800.0,0.01,52.0,1101,2018-06-14T21:00:00.000000Z,MWC_ETP_MELBOURNE,inlet,DATASET_02_MELBOURNE_ETP_INLET,observed,SHA256:1e60bff7f04397d81586dd79adf34393bb36d194331369edf54f993861987461
11/15/2017 8:00:00 PM,42.0,440.0,890.0,0.01,58.0,1102,2017-11-15T20:00:00.000000Z,MWC_ETP_MELBOURNE,inlet,DATASET_02_MELBOURNE_ETP_INLET,observed,SHA256:1e60bff7f04397d81586dd79adf34393bb36d194331369edf54f993861987461
8/30/2017 9:00:00 PM,45.0,370.0,970.0,,,1103,2017-08-30T21:00:00.000000Z,MWC_ETP_MELBOURNE,inlet,DATASET_02_MELBOURNE_ETP_INLET,observed,SHA256:1e60bff7f04397d81586dd79adf34393bb36d194331369edf54f993861987461
2/4/2018 8:00:00 PM,44.0,360.0,820.0,,,1104,2018-02-04T20:00:00.000000Z,MWC_ETP_MELBOURNE,inlet,DATASET_02_MELBOURNE_ETP_INLET,observed,SHA256:1e60bff7f04397d81586dd79adf34393bb36d194331369edf54f993861987461
6/22/2017 9:00:00 PM,45.0,400.0,890.0,,,1105,2017-06-22T21:00:00.000000Z,MWC_ETP_MELBOURNE,inlet,DATASET_02_MELBOURNE_ETP_INLET,observed,SHA256:1e60bff7f04397d81586dd79adf34393bb36d194331369edf54f993861987461
4/5/2018 9:00:00 PM,46.0,360.0,1000.0,,,1106,2018-04-05T21:00:00.000000Z,MWC_ETP_MELBOURNE,inlet,DATASET_02_MELBOURNE_ETP_INLET,observed,SHA256:1e60bff7f04397d81586dd79adf34393bb36d194331369edf54f993861987461
4/8/2018 9:00:00 PM,50.0,330.0,880.0,,,1107,2018-04-08T21:00:00.000000Z,MWC_ETP_MELBOURNE,inlet,DATASET_02_MELBOURNE_ETP_INLET,observed,SHA256:1e60bff7f04397d81586dd79adf34393bb36d194331369edf54f993861987461
4/9/2018 9:00:00 PM,38.0,370.0,1100.0,,,1108,2018-04-09T21:00:00.000000Z,MWC_ETP_MELBOURNE,inlet,DATASET_02_MELBOURNE_ETP_INLET,observed,SHA256:1e60bff7f04397d81586dd79adf34393bb36d194331369edf54f993861987461
4/10/2018 9:00:00 PM,39.0,,,,,1109,2018-04-10T21:00:00.000000Z,MWC_ETP_MELBOURNE,inlet,DATASET_02_MELBOURNE_ETP_INLET,observed,SHA256:1e60bff7f04397d81586dd79adf34393bb36d194331369edf54f993861987461
4/11/2018 9:00:00 PM,49.0,370.0,920.0,,,1110,2018-04-11T21:00:00.000000Z,MWC_ETP_MELBOURNE,inlet,DATASET_02_MELBOURNE_ETP_INLET,observed,SHA256:1e60bff7f04397d81586dd79adf34393bb36d194331369edf54f993861987461
4/12/2018 9:00:00 PM,35.0,460.0,1100.0,,,1111,2018-04-12T21:00:00.000000Z,MWC_ETP_MELBOURNE,inlet,DATASET_02_MELBOURNE_ETP_INLET,observed,SHA256:1e60bff7f04397d81586dd79adf34393bb36d194331369edf54f993861987461
4/15/2018 9:00:00 PM,39.0,310.0,840.0,,,1112,2018-04-15T21:00:00.000000Z,MWC_ETP_MELBOURNE,inlet,DATASET_02_MELBOURNE_ETP_INLET,observed,SHA256:1e60bff7f04397d81586dd79adf34393bb36d194331369edf54f993861987461
4/16/2018 9:00:00 PM,41.0,300.0,980.0,,,1113,2018-04-16T21:00:00.000000Z,MWC_ETP_MELBOURNE,inlet,DATASET_02_MELBOURNE_ETP_INLET,observed,SHA256:1e60bff7f04397d81586dd79adf34393bb36d194331369edf54f993861987461
4/17/2018 9:00:00 PM,50.0,350.0,940.0,,,1114,2018-04-17T21:00:00.000000Z,MWC_ETP_MELBOURNE,inlet,DATASET_02_MELBOURNE_ETP_INLET,observed,SHA256:1e60bff7f04397d81586dd79adf34393bb36d194331369edf54f993861987461
4/18/2018 9:00:00 PM,34.0,710.0,1500.0,0.02,77.0,1115,2018-04-18T21:00:00.000000Z,MWC_ETP_MELBOURNE,inlet,DATASET_02_MELBOURNE_ETP_INLET,observed,SHA256:1e60bff7f04397d81586dd79adf34393bb36d194331369edf54f993861987461
4/19/2018 9:00:00 PM,43.0,410.0,990.0,,,1116,2018-04-19T21:00:00.000000Z,MWC_ETP_MELBOURNE,inlet,DATASET_02_MELBOURNE_ETP_INLET,observed,SHA256:1e60bff7f04397d81586dd79adf34393bb36d194331369edf54f993861987461
4/22/2018 9:00:00 PM,46.0,320.0,810.0,,,1117,2018-04-22T21:00:00.000000Z,MWC_ETP_MELBOURNE,inlet,DATASET_02_MELBOURNE_ETP_INLET,observed,SHA256:1e60bff7f04397d81586dd79adf34393bb36d194331369edf54f993861987461
4/23/2018 9:00:00 PM,43.0,360.0,880.0,,,1118,2018-04-23T21:00:00.000000Z,MWC_ETP_MELBOURNE,inlet,DATASET_02_MELBOURNE_ETP_INLET,observed,SHA256:1e60bff7f04397d81586dd79adf34393bb36d194331369edf54f993861987461
4/25/2018 9:00:00 PM,52.0,370.0,870.0,,,1119,2018-04-25T21:00:00.000000Z,MWC_ETP_MELBOURNE,inlet,DATASET_02_MELBOURNE_ETP_INLET,observed,SHA256:1e60bff7f04397d81586dd79adf34393bb36d194331369edf54f993861987461
4/26/2018 9:00:00 PM,39.0,460.0,940.0,,,1120,2018-04-26T21:00:00.000000Z,MWC_ETP_MELBOURNE,inlet,DATASET_02_MELBOURNE_ETP_INLET,observed,SHA256:1e60bff7f04397d81586dd79adf34393bb36d194331369edf54f993861987461
4/29/2018 9:00:00 PM,44.0,340.0,710.0,,,1121,2018-04-29T21:00:00.000000Z,MWC_ETP_MELBOURNE,inlet,DATASET_02_MELBOURNE_ETP_INLET,observed,SHA256:1e60bff7f04397d81586dd79adf34393bb36d194331369edf54f993861987461
4/30/2018 9:00:00 PM,40.0,340.0,820.0,,,1122,2018-04-30T21:00:00.000000Z,MWC_ETP_MELBOURNE,inlet,DATASET_02_MELBOURNE_ETP_INLET,observed,SHA256:1e60bff7f04397d81586dd79adf34393bb36d194331369edf54f993861987461
8/31/2017 9:00:00 PM,30.0,360.0,950.0,,,1123,2017-08-31T21:00:00.000000Z,MWC_ETP_MELBOURNE,inlet,DATASET_02_MELBOURNE_ETP_INLET,observed,SHA256:1e60bff7f04397d81586dd79adf34393bb36d194331369edf54f993861987461
9/3/2017 9:00:00 PM,36.0,360.0,980.0,,,1124,2017-09-03T21:00:00.000000Z,MWC_ETP_MELBOURNE,inlet,DATASET_02_MELBOURNE_ETP_INLET,observed,SHA256:1e60bff7f04397d81586dd79adf34393bb36d194331369edf54f993861987461
9/4/2017 9:00:00 PM,40.0,460.0,1000.0,,,1125,2017-09-04T21:00:00.000000Z,MWC_ETP_MELBOURNE,inlet,DATASET_02_MELBOURNE_ETP_INLET,observed,SHA256:1e60bff7f04397d81586dd79adf34393bb36d194331369edf54f993861987461
9/5/2017 9:00:00 PM,36.0,380.0,930.0,0.01,70.0,1126,2017-09-05T21:00:00.000000Z,MWC_ETP_MELBOURNE,inlet,DATASET_02_MELBOURNE_ETP_INLET,observed,SHA256:1e60bff7f04397d81586dd79adf34393bb36d194331369edf54f993861987461
9/6/2017 9:00:00 PM,30.0,370.0,920.0,,,1127,2017-09-06T21:00:00.000000Z,MWC_ETP_MELBOURNE,inlet,DATASET_02_MELBOURNE_ETP_INLET,observed,SHA256:1e60bff7f04397d81586dd79adf34393bb36d194331369edf54f993861987461
9/7/2017 9:00:00 PM,42.0,420.0,1000.0,,,1128,2017-09-07T21:00:00.000000Z,MWC_ETP_MELBOURNE,inlet,DATASET_02_MELBOURNE_ETP_INLET,observed,SHA256:1e60bff7f04397d81586dd79adf34393bb36d194331369edf54f993861987461
9/10/2017 9:00:00 PM,38.0,330.0,830.0,,,1129,2017-09-10T21:00:00.000000Z,MWC_ETP_MELBOURNE,inlet,DATASET_02_MELBOURNE_ETP_INLET,observed,SHA256:1e60bff7f04397d81586dd79adf34393bb36d194331369edf54f993861987461
9/11/2017 9:00:00 PM,43.0,340.0,880.0,,,1130,2017-09-11T21:00:00.000000Z,MWC_ETP_MELBOURNE,inlet,DATASET_02_MELBOURNE_ETP_INLET,observed,SHA256:1e60bff7f04397d81586dd79adf34393bb36d194331369edf54f993861987461
9/12/2017 9:00:00 PM,48.0,340.0,940.0,,,1131,2017-09-12T21:00:00.000000Z,MWC_ETP_MELBOURNE,inlet,DATASET_02_MELBOURNE_ETP_INLET,observed,SHA256:1e60bff7f04397d81586dd79adf34393bb36d194331369edf54f993861987461
9/13/2017 9:00:00 PM,27.0,350.0,890.0,,,1132,2017-09-13T21:00:00.000000Z,MWC_ETP_MELBOURNE,inlet,DATASET_02_MELBOURNE_ETP_INLET,observed,SHA256:1e60bff7f04397d81586dd79adf34393bb36d194331369edf54f993861987461
9/14/2017 9:00:00 PM,31.0,480.0,910.0,,,1133,2017-09-14T21:00:00.000000Z,MWC_ETP_MELBOURNE,inlet,DATASET_02_MELBOURNE_ETP_INLET,observed,SHA256:1e60bff7f04397d81586dd79adf34393bb36d194331369edf54f993861987461
9/17/2017 9:00:00 PM,24.0,320.0,730.0,,,1134,2017-09-17T21:00:00.000000Z,MWC_ETP_MELBOURNE,inlet,DATASET_02_MELBOURNE_ETP_INLET,observed,SHA256:1e60bff7f04397d81586dd79adf34393bb36d194331369edf54f993861987461
9/18/2017 9:00:00 PM,32.0,360.0,920.0,,,1135,2017-09-18T21:00:00.000000Z,MWC_ETP_MELBOURNE,inlet,DATASET_02_MELBOURNE_ETP_INLET,observed,SHA256:1e60bff7f04397d81586dd79adf34393bb36d194331369edf54f993861987461
9/19/2017 9:00:00 PM,29.0,380.0,1300.0,,,1136,2017-09-19T21:00:00.000000Z,MWC_ETP_MELBOURNE,inlet,DATASET_02_MELBOURNE_ETP_INLET,observed,SHA256:1e60bff7f04397d81586dd79adf34393bb36d194331369edf54f993861987461
9/20/2017 9:00:00 PM,31.0,480.0,1100.0,,,1137,2017-09-20T21:00:00.000000Z,MWC_ETP_MELBOURNE,inlet,DATASET_02_MELBOURNE_ETP_INLET,observed,SHA256:1e60bff7f04397d81586dd79adf34393bb36d194331369edf54f993861987461
9/21/2017 9:00:00 PM,35.0,,,,,1138,2017-09-21T21:00:00.000000Z,MWC_ETP_MELBOURNE,inlet,DATASET_02_MELBOURNE_ETP_INLET,observed,SHA256:1e60bff7f04397d81586dd79adf34393bb36d194331369edf54f993861987461
9/24/2017 9:00:00 PM,41.0,380.0,860.0,,,1139,2017-09-24T21:00:00.000000Z,MWC_ETP_MELBOURNE,inlet,DATASET_02_MELBOURNE_ETP_INLET,observed,SHA256:1e60bff7f04397d81586dd79adf34393bb36d194331369edf54f993861987461
9/25/2017 9:00:00 PM,38.0,,,,,1140,2017-09-25T21:00:00.000000Z,MWC_ETP_MELBOURNE,inlet,DATASET_02_MELBOURNE_ETP_INLET,observed,SHA256:1e60bff7f04397d81586dd79adf34393bb36d194331369edf54f993861987461
9/26/2017 9:00:00 PM,40.0,,,,,1141,2017-09-26T21:00:00.000000Z,MWC_ETP_MELBOURNE,inlet,DATASET_02_MELBOURNE_ETP_INLET,observed,SHA256:1e60bff7f04397d81586dd79adf34393bb36d194331369edf54f993861987461
2/5/2018 8:00:00 PM,37.0,400.0,800.0,0.01,65.0,1142,2018-02-05T20:00:00.000000Z,MWC_ETP_MELBOURNE,inlet,DATASET_02_MELBOURNE_ETP_INLET,observed,SHA256:1e60bff7f04397d81586dd79adf34393bb36d194331369edf54f993861987461
2/6/2018 8:00:00 PM,34.0,490.0,920.0,,,1143,2018-02-06T20:00:00.000000Z,MWC_ETP_MELBOURNE,inlet,DATASET_02_MELBOURNE_ETP_INLET,observed,SHA256:1e60bff7f04397d81586dd79adf34393bb36d194331369edf54f993861987461
2/7/2018 8:00:00 PM,31.0,360.0,850.0,,,1144,2018-02-07T20:00:00.000000Z,MWC_ETP_MELBOURNE,inlet,DATASET_02_MELBOURNE_ETP_INLET,observed,SHA256:1e60bff7f04397d81586dd79adf34393bb36d194331369edf54f993861987461
2/8/2018 8:00:00 PM,51.0,340.0,890.0,,,1145,2018-02-08T20:00:00.000000Z,MWC_ETP_MELBOURNE,inlet,DATASET_02_MELBOURNE_ETP_INLET,observed,SHA256:1e60bff7f04397d81586dd79adf34393bb36d194331369edf54f993861987461
2/11/2018 8:00:00 PM,45.0,610.0,880.0,,,1146,2018-02-11T20:00:00.000000Z,MWC_ETP_MELBOURNE,inlet,DATASET_02_MELBOURNE_ETP_INLET,observed,SHA256:1e60bff7f04397d81586dd79adf34393bb36d194331369edf54f993861987461
2/12/2018 8:00:00 PM,47.0,640.0,1700.0,,,1147,2018-02-12T20:00:00.000000Z,MWC_ETP_MELBOURNE,inlet,DATASET_02_MELBOURNE_ETP_INLET,observed,SHA256:1e60bff7f04397d81586dd79adf34393bb36d194331369edf54f993861987461
2/13/2018 8:00:00 PM,40.0,400.0,1000.0,,,1148,2018-02-13T20:00:00.000000Z,MWC_ETP_MELBOURNE,inlet,DATASET_02_MELBOURNE_ETP_INLET,observed,SHA256:1e60bff7f04397d81586dd79adf34393bb36d194331369edf54f993861987461
2/14/2018 8:00:00 PM,41.0,550.0,1000.0,,,1149,2018-02-14T20:00:00.000000Z,MWC_ETP_MELBOURNE,inlet,DATASET_02_MELBOURNE_ETP_INLET,observed,SHA256:1e60bff7f04397d81586dd79adf34393bb36d194331369edf54f993861987461
2/15/2018 8:00:00 PM,39.0,600.0,990.0,,,1150,2018-02-15T20:00:00.000000Z,MWC_ETP_MELBOURNE,inlet,DATASET_02_MELBOURNE_ETP_INLET,observed,SHA256:1e60bff7f04397d81586dd79adf34393bb36d194331369edf54f993861987461
11/16/2017 8:00:00 PM,38.0,350.0,860.0,,,1151,2017-11-16T20:00:00.000000Z,MWC_ETP_MELBOURNE,inlet,DATASET_02_MELBOURNE_ETP_INLET,observed,SHA256:1e60bff7f04397d81586dd79adf34393bb36d194331369edf54f993861987461
11/19/2017 8:00:00 PM,41.0,340.0,900.0,,,1152,2017-11-19T20:00:00.000000Z,MWC_ETP_MELBOURNE,inlet,DATASET_02_MELBOURNE_ETP_INLET,observed,SHA256:1e60bff7f04397d81586dd79adf34393bb36d194331369edf54f993861987461
11/20/2017 8:00:00 PM,40.0,290.0,900.0,,,1153,2017-11-20T20:00:00.000000Z,MWC_ETP_MELBOURNE,inlet,DATASET_02_MELBOURNE_ETP_INLET,observed,SHA256:1e60bff7f04397d81586dd79adf34393bb36d194331369edf54f993861987461
11/21/2017 8:00:00 PM,45.0,360.0,1100.0,,,1154,2017-11-21T20:00:00.000000Z,MWC_ETP_MELBOURNE,inlet,DATASET_02_MELBOURNE_ETP_INLET,observed,SHA256:1e60bff7f04397d81586dd79adf34393bb36d194331369edf54f993861987461
11/22/2017 8:00:00 PM,38.0,430.0,940.0,,,1155,2017-11-22T20:00:00.000000Z,MWC_ETP_MELBOURNE,inlet,DATASET_02_MELBOURNE_ETP_INLET,observed,SHA256:1e60bff7f04397d81586dd79adf34393bb36d194331369edf54f993861987461
11/23/2017 8:00:00 PM,43.0,380.0,890.0,,,1156,2017-11-23T20:00:00.000000Z,MWC_ETP_MELBOURNE,inlet,DATASET_02_MELBOURNE_ETP_INLET,observed,SHA256:1e60bff7f04397d81586dd79adf34393bb36d194331369edf54f993861987461
11/26/2017 8:00:00 PM,49.0,300.0,870.0,,,1157,2017-11-26T20:00:00.000000Z,MWC_ETP_MELBOURNE,inlet,DATASET_02_MELBOURNE_ETP_INLET,observed,SHA256:1e60bff7f04397d81586dd79adf34393bb36d194331369edf54f993861987461
11/27/2017 8:00:00 PM,50.0,430.0,840.0,0.01,53.0,1158,2017-11-27T20:00:00.000000Z,MWC_ETP_MELBOURNE,inlet,DATASET_02_MELBOURNE_ETP_INLET,observed,SHA256:1e60bff7f04397d81586dd79adf34393bb36d194331369edf54f993861987461
11/28/2017 8:00:00 PM,42.0,350.0,890.0,,,1159,2017-11-28T20:00:00.000000Z,MWC_ETP_MELBOURNE,inlet,DATASET_02_MELBOURNE_ETP_INLET,observed,SHA256:1e60bff7f04397d81586dd79adf34393bb36d194331369edf54f993861987461
11/29/2017 8:00:00 PM,42.0,360.0,950.0,,,1160,2017-11-29T20:00:00.000000Z,MWC_ETP_MELBOURNE,inlet,DATASET_02_MELBOURNE_ETP_INLET,observed,SHA256:1e60bff7f04397d81586dd79adf34393bb36d194331369edf54f993861987461
11/30/2017 8:00:00 PM,45.0,470.0,1100.0,,,1161,2017-11-30T20:00:00.000000Z,MWC_ETP_MELBOURNE,inlet,DATASET_02_MELBOURNE_ETP_INLET,observed,SHA256:1e60bff7f04397d81586dd79adf34393bb36d194331369edf54f993861987461
12/3/2017 8:00:00 PM,13.0,140.0,360.0,,,1162,2017-12-03T20:00:00.000000Z,MWC_ETP_MELBOURNE,inlet,DATASET_02_MELBOURNE_ETP_INLET,observed,SHA256:1e60bff7f04397d81586dd79adf34393bb36d194331369edf54f993861987461
12/4/2017 8:00:00 PM,29.0,280.0,590.0,,,1163,2017-12-04T20:00:00.000000Z,MWC_ETP_MELBOURNE,inlet,DATASET_02_MELBOURNE_ETP_INLET,observed,SHA256:1e60bff7f04397d81586dd79adf34393bb36d194331369edf54f993861987461
12/5/2017 8:00:00 PM,29.0,340.0,840.0,,,1164,2017-12-05T20:00:00.000000Z,MWC_ETP_MELBOURNE,inlet,DATASET_02_MELBOURNE_ETP_INLET,observed,SHA256:1e60bff7f04397d81586dd79adf34393bb36d194331369edf54f993861987461
12/6/2017 8:00:00 PM,39.0,350.0,740.0,,,1165,2017-12-06T20:00:00.000000Z,MWC_ETP_MELBOURNE,inlet,DATASET_02_MELBOURNE_ETP_INLET,observed,SHA256:1e60bff7f04397d81586dd79adf34393bb36d194331369edf54f993861987461
6/25/2017 9:00:00 PM,50.0,320.0,850.0,,,1166,2017-06-25T21:00:00.000000Z,MWC_ETP_MELBOURNE,inlet,DATASET_02_MELBOURNE_ETP_INLET,observed,SHA256:1e60bff7f04397d81586dd79adf34393bb36d194331369edf54f993861987461
6/26/2017 9:00:00 PM,45.0,330.0,960.0,,,1167,2017-06-26T21:00:00.000000Z,MWC_ETP_MELBOURNE,inlet,DATASET_02_MELBOURNE_ETP_INLET,observed,SHA256:1e60bff7f04397d81586dd79adf34393bb36d194331369edf54f993861987461
6/27/2017 9:00:00 PM,48.0,370.0,960.0,0.01,58.0,1168,2017-06-27T21:00:00.000000Z,MWC_ETP_MELBOURNE,inlet,DATASET_02_MELBOURNE_ETP_INLET,observed,SHA256:1e60bff7f04397d81586dd79adf34393bb36d194331369edf54f993861987461
6/28/2017 9:00:00 PM,47.0,300.0,920.0,,,1169,2017-06-28T21:00:00.000000Z,MWC_ETP_MELBOURNE,inlet,DATASET_02_MELBOURNE_ETP_INLET,observed,SHA256:1e60bff7f04397d81586dd79adf34393bb36d194331369edf54f993861987461
6/29/2017 9:00:00 PM,52.0,310.0,890.0,,,1170,2017-06-29T21:00:00.000000Z,MWC_ETP_MELBOURNE,inlet,DATASET_02_MELBOURNE_ETP_INLET,observed,SHA256:1e60bff7f04397d81586dd79adf34393bb36d194331369edf54f993861987461
7/2/2017 9:00:00 PM,44.0,350.0,820.0,,,1171,2017-07-02T21:00:00.000000Z,MWC_ETP_MELBOURNE,inlet,DATASET_02_MELBOURNE_ETP_INLET,observed,SHA256:1e60bff7f04397d81586dd79adf34393bb36d194331369edf54f993861987461
7/3/2017 9:00:00 PM,49.0,300.0,830.0,,,1172,2017-07-03T21:00:00.000000Z,MWC_ETP_MELBOURNE,inlet,DATASET_02_MELBOURNE_ETP_INLET,observed,SHA256:1e60bff7f04397d81586dd79adf34393bb36d194331369edf54f993861987461
7/4/2017 9:00:00 PM,37.0,240.0,860.0,,,1173,2017-07-04T21:00:00.000000Z,MWC_ETP_MELBOURNE,inlet,DATASET_02_MELBOURNE_ETP_INLET,observed,SHA256:1e60bff7f04397d81586dd79adf34393bb36d194331369edf54f993861987461
7/5/2017 9:00:00 PM,30.0,320.0,910.0,,,1174,2017-07-05T21:00:00.000000Z,MWC_ETP_MELBOURNE,inlet,DATASET_02_MELBOURNE_ETP_INLET,observed,SHA256:1e60bff7f04397d81586dd79adf34393bb36d194331369edf54f993861987461
7/6/2017 9:00:00 PM,48.0,320.0,920.0,,,1175,2017-07-06T21:00:00.000000Z,MWC_ETP_MELBOURNE,inlet,DATASET_02_MELBOURNE_ETP_INLET,observed,SHA256:1e60bff7f04397d81586dd79adf34393bb36d194331369edf54f993861987461
7/9/2017 9:00:00 PM,36.0,300.0,820.0,0.01,66.0,1176,2017-07-09T21:00:00.000000Z,MWC_ETP_MELBOURNE,inlet,DATASET_02_MELBOURNE_ETP_INLET,observed,SHA256:1e60bff7f04397d81586dd79adf34393bb36d194331369edf54f993861987461
7/10/2017 9:00:00 PM,45.0,310.0,860.0,,,1177,2017-07-10T21:00:00.000000Z,MWC_ETP_MELBOURNE,inlet,DATASET_02_MELBOURNE_ETP_INLET,observed,SHA256:1e60bff7f04397d81586dd79adf34393bb36d194331369edf54f993861987461
7/11/2017 9:00:00 PM,40.0,320.0,880.0,,,1178,2017-07-11T21:00:00.000000Z,MWC_ETP_MELBOURNE,inlet,DATASET_02_MELBOURNE_ETP_INLET,observed,SHA256:1e60bff7f04397d81586dd79adf34393bb36d194331369edf54f993861987461
7/12/2017 9:00:00 PM,51.0,340.0,970.0,,,1179,2017-07-12T21:00:00.000000Z,MWC_ETP_MELBOURNE,inlet,DATASET_02_MELBOURNE_ETP_INLET,observed,SHA256:1e60bff7f04397d81586dd79adf34393bb36d194331369edf54f993861987461
7/13/2017 9:00:00 PM,40.0,320.0,980.0,,,1180,2017-07-13T21:00:00.000000Z,MWC_ETP_MELBOURNE,inlet,DATASET_02_MELBOURNE_ETP_INLET,observed,SHA256:1e60bff7f04397d81586dd79adf34393bb36d194331369edf54f993861987461
7/16/2017 9:00:00 PM,42.0,340.0,780.0,,,1181,2017-07-16T21:00:00.000000Z,MWC_ETP_MELBOURNE,inlet,DATASET_02_MELBOURNE_ETP_INLET,observed,SHA256:1e60bff7f04397d81586dd79adf34393bb36d194331369edf54f993861987461
7/17/2017 9:00:00 PM,50.0,340.0,920.0,,,1182,2017-07-17T21:00:00.000000Z,MWC_ETP_MELBOURNE,inlet,DATASET_02_MELBOURNE_ETP_INLET,observed,SHA256:1e60bff7f04397d81586dd79adf34393bb36d194331369edf54f993861987461
7/18/2017 9:00:00 PM,50.0,340.0,1100.0,,,1183,2017-07-18T21:00:00.000000Z,MWC_ETP_MELBOURNE,inlet,DATASET_02_MELBOURNE_ETP_INLET,observed,SHA256:1e60bff7f04397d81586dd79adf34393bb36d194331369edf54f993861987461
6/17/2018 9:00:00 PM,23.0,240.0,560.0,,,1184,2018-06-17T21:00:00.000000Z,MWC_ETP_MELBOURNE,inlet,DATASET_02_MELBOURNE_ETP_INLET,observed,SHA256:1e60bff7f04397d81586dd79adf34393bb36d194331369edf54f993861987461
6/18/2018 9:00:00 PM,29.0,300.0,720.0,,,1185,2018-06-18T21:00:00.000000Z,MWC_ETP_MELBOURNE,inlet,DATASET_02_MELBOURNE_ETP_INLET,observed,SHA256:1e60bff7f04397d81586dd79adf34393bb36d194331369edf54f993861987461
6/19/2018 9:00:00 PM,42.0,340.0,790.0,,,1186,2018-06-19T21:00:00.000000Z,MWC_ETP_MELBOURNE,inlet,DATASET_02_MELBOURNE_ETP_INLET,observed,SHA256:1e60bff7f04397d81586dd79adf34393bb36d194331369edf54f993861987461
6/20/2018 9:00:00 PM,38.0,320.0,780.0,,,1187,2018-06-20T21:00:00.000000Z,MWC_ETP_MELBOURNE,inlet,DATASET_02_MELBOURNE_ETP_INLET,observed,SHA256:1e60bff7f04397d81586dd79adf34393bb36d194331369edf54f993861987461
6/21/2018 9:00:00 PM,33.0,320.0,970.0,,,1188,2018-06-21T21:00:00.000000Z,MWC_ETP_MELBOURNE,inlet,DATASET_02_MELBOURNE_ETP_INLET,observed,SHA256:1e60bff7f04397d81586dd79adf34393bb36d194331369edf54f993861987461
6/24/2018 9:00:00 PM,35.0,320.0,790.0,,,1189,2018-06-24T21:00:00.000000Z,MWC_ETP_MELBOURNE,inlet,DATASET_02_MELBOURNE_ETP_INLET,observed,SHA256:1e60bff7f04397d81586dd79adf34393bb36d194331369edf54f993861987461
6/25/2018 9:00:00 PM,30.0,340.0,1000.0,,,1190,2018-06-25T21:00:00.000000Z,MWC_ETP_MELBOURNE,inlet,DATASET_02_MELBOURNE_ETP_INLET,observed,SHA256:1e60bff7f04397d81586dd79adf34393bb36d194331369edf54f993861987461
6/26/2018 9:00:00 PM,45.0,450.0,790.0,0.01,56.0,1191,2018-06-26T21:00:00.000000Z,MWC_ETP_MELBOURNE,inlet,DATASET_02_MELBOURNE_ETP_INLET,observed,SHA256:1e60bff7f04397d81586dd79adf34393bb36d194331369edf54f993861987461
6/27/2018 9:00:00 PM,46.0,560.0,1000.0,,,1192,2018-06-27T21:00:00.000000Z,MWC_ETP_MELBOURNE,inlet,DATASET_02_MELBOURNE_ETP_INLET,observed,SHA256:1e60bff7f04397d81586dd79adf34393bb36d194331369edf54f993861987461
6/28/2018 9:00:00 PM,38.0,550.0,890.0,,,1193,2018-06-28T21:00:00.000000Z,MWC_ETP_MELBOURNE,inlet,DATASET_02_MELBOURNE_ETP_INLET,observed,SHA256:1e60bff7f04397d81586dd79adf34393bb36d194331369edf54f993861987461
7/1/2018 9:00:00 PM,36.0,340.0,870.0,,,1194,2018-07-01T21:00:00.000000Z,MWC_ETP_MELBOURNE,inlet,DATASET_02_MELBOURNE_ETP_INLET,observed,SHA256:1e60bff7f04397d81586dd79adf34393bb36d194331369edf54f993861987461
7/2/2018 9:00:00 PM,41.0,360.0,1100.0,,,1195,2018-07-02T21:00:00.000000Z,MWC_ETP_MELBOURNE,inlet,DATASET_02_MELBOURNE_ETP_INLET,observed,SHA256:1e60bff7f04397d81586dd79adf34393bb36d194331369edf54f993861987461
7/3/2018 9:00:00 PM,38.0,420.0,1000.0,,,1196,2018-07-03T21:00:00.000000Z,MWC_ETP_MELBOURNE,inlet,DATASET_02_MELBOURNE_ETP_INLET,observed,SHA256:1e60bff7f04397d81586dd79adf34393bb36d194331369edf54f993861987461
7/4/2018 9:00:00 PM,32.0,500.0,1100.0,,,1197,2018-07-04T21:00:00.000000Z,MWC_ETP_MELBOURNE,inlet,DATASET_02_MELBOURNE_ETP_INLET,observed,SHA256:1e60bff7f04397d81586dd79adf34393bb36d194331369edf54f993861987461
7/5/2018 9:00:00 PM,47.0,590.0,1200.0,,,1198,2018-07-05T21:00:00.000000Z,MWC_ETP_MELBOURNE,inlet,DATASET_02_MELBOURNE_ETP_INLET,observed,SHA256:1e60bff7f04397d81586dd79adf34393bb36d194331369edf54f993861987461
7/8/2018 9:00:00 PM,53.0,320.0,820.0,0.01,65.0,1199,2018-07-08T21:00:00.000000Z,MWC_ETP_MELBOURNE,inlet,DATASET_02_MELBOURNE_ETP_INLET,observed,SHA256:1e60bff7f04397d81586dd79adf34393bb36d194331369edf54f993861987461
7/9/2018 9:00:00 PM,54.0,290.0,930.0,,,1200,2018-07-09T21:00:00.000000Z,MWC_ETP_MELBOURNE,inlet,DATASET_02_MELBOURNE_ETP_INLET,observed,SHA256:1e60bff7f04397d81586dd79adf34393bb36d194331369edf54f993861987461
12/20/2018 8:00:00 PM,32.0,360.0,850.0,,,1201,2018-12-20T20:00:00.000000Z,MWC_ETP_MELBOURNE,inlet,DATASET_02_MELBOURNE_ETP_INLET,observed,SHA256:1e60bff7f04397d81586dd79adf34393bb36d194331369edf54f993861987461
1/6/2019 8:00:00 PM,68.0,330.0,930.0,,,1202,2019-01-06T20:00:00.000000Z,MWC_ETP_MELBOURNE,inlet,DATASET_02_MELBOURNE_ETP_INLET,observed,SHA256:1e60bff7f04397d81586dd79adf34393bb36d194331369edf54f993861987461
1/7/2019 8:00:00 PM,34.0,320.0,970.0,,,1203,2019-01-07T20:00:00.000000Z,MWC_ETP_MELBOURNE,inlet,DATASET_02_MELBOURNE_ETP_INLET,observed,SHA256:1e60bff7f04397d81586dd79adf34393bb36d194331369edf54f993861987461
1/8/2019 8:00:00 PM,32.0,310.0,810.0,,,1204,2019-01-08T20:00:00.000000Z,MWC_ETP_MELBOURNE,inlet,DATASET_02_MELBOURNE_ETP_INLET,observed,SHA256:1e60bff7f04397d81586dd79adf34393bb36d194331369edf54f993861987461
1/9/2019 8:00:00 PM,33.0,340.0,810.0,0.01,60.0,1205,2019-01-09T20:00:00.000000Z,MWC_ETP_MELBOURNE,inlet,DATASET_02_MELBOURNE_ETP_INLET,observed,SHA256:1e60bff7f04397d81586dd79adf34393bb36d194331369edf54f993861987461
1/10/2019 8:00:00 PM,35.0,350.0,850.0,,,1206,2019-01-10T20:00:00.000000Z,MWC_ETP_MELBOURNE,inlet,DATASET_02_MELBOURNE_ETP_INLET,observed,SHA256:1e60bff7f04397d81586dd79adf34393bb36d194331369edf54f993861987461
1/13/2019 8:00:00 PM,39.0,280.0,720.0,,,1207,2019-01-13T20:00:00.000000Z,MWC_ETP_MELBOURNE,inlet,DATASET_02_MELBOURNE_ETP_INLET,observed,SHA256:1e60bff7f04397d81586dd79adf34393bb36d194331369edf54f993861987461
1/14/2019 8:00:00 PM,35.0,300.0,810.0,,,1208,2019-01-14T20:00:00.000000Z,MWC_ETP_MELBOURNE,inlet,DATASET_02_MELBOURNE_ETP_INLET,observed,SHA256:1e60bff7f04397d81586dd79adf34393bb36d194331369edf54f993861987461
1/15/2019 8:00:00 PM,29.0,330.0,860.0,,,1209,2019-01-15T20:00:00.000000Z,MWC_ETP_MELBOURNE,inlet,DATASET_02_MELBOURNE_ETP_INLET,observed,SHA256:1e60bff7f04397d81586dd79adf34393bb36d194331369edf54f993861987461
1/16/2019 8:00:00 PM,34.0,360.0,880.0,,,1210,2019-01-16T20:00:00.000000Z,MWC_ETP_MELBOURNE,inlet,DATASET_02_MELBOURNE_ETP_INLET,observed,SHA256:1e60bff7f04397d81586dd79adf34393bb36d194331369edf54f993861987461
1/17/2019 8:00:00 PM,36.0,350.0,880.0,,,1211,2019-01-17T20:00:00.000000Z,MWC_ETP_MELBOURNE,inlet,DATASET_02_MELBOURNE_ETP_INLET,observed,SHA256:1e60bff7f04397d81586dd79adf34393bb36d194331369edf54f993861987461
1/20/2019 8:00:00 PM,34.0,300.0,710.0,,,1212,2019-01-20T20:00:00.000000Z,MWC_ETP_MELBOURNE,inlet,DATASET_02_MELBOURNE_ETP_INLET,observed,SHA256:1e60bff7f04397d81586dd79adf34393bb36d194331369edf54f993861987461
1/21/2019 8:00:00 PM,35.0,320.0,760.0,0.01,58.0,1213,2019-01-21T20:00:00.000000Z,MWC_ETP_MELBOURNE,inlet,DATASET_02_MELBOURNE_ETP_INLET,observed,SHA256:1e60bff7f04397d81586dd79adf34393bb36d194331369edf54f993861987461
1/22/2019 8:00:00 PM,39.0,370.0,1000.0,,,1214,2019-01-22T20:00:00.000000Z,MWC_ETP_MELBOURNE,inlet,DATASET_02_MELBOURNE_ETP_INLET,observed,SHA256:1e60bff7f04397d81586dd79adf34393bb36d194331369edf54f993861987461
1/23/2019 8:00:00 PM,37.0,370.0,870.0,,,1215,2019-01-23T20:00:00.000000Z,MWC_ETP_MELBOURNE,inlet,DATASET_02_MELBOURNE_ETP_INLET,observed,SHA256:1e60bff7f04397d81586dd79adf34393bb36d194331369edf54f993861987461
1/25/2019 8:00:00 PM,41.0,,,,,1216,2019-01-25T20:00:00.000000Z,MWC_ETP_MELBOURNE,inlet,DATASET_02_MELBOURNE_ETP_INLET,observed,SHA256:1e60bff7f04397d81586dd79adf34393bb36d194331369edf54f993861987461
1/28/2019 8:00:00 PM,49.0,260.0,680.0,,,1217,2019-01-28T20:00:00.000000Z,MWC_ETP_MELBOURNE,inlet,DATASET_02_MELBOURNE_ETP_INLET,observed,SHA256:1e60bff7f04397d81586dd79adf34393bb36d194331369edf54f993861987461
1/29/2019 8:00:00 PM,45.0,310.0,870.0,,,1218,2019-01-29T20:00:00.000000Z,MWC_ETP_MELBOURNE,inlet,DATASET_02_MELBOURNE_ETP_INLET,observed,SHA256:1e60bff7f04397d81586dd79adf34393bb36d194331369edf54f993861987461
1/30/2019 8:00:00 PM,36.0,320.0,880.0,,,1219,2019-01-30T20:00:00.000000Z,MWC_ETP_MELBOURNE,inlet,DATASET_02_MELBOURNE_ETP_INLET,observed,SHA256:1e60bff7f04397d81586dd79adf34393bb36d194331369edf54f993861987461
1/31/2019 8:00:00 PM,41.0,320.0,870.0,,,1220,2019-01-31T20:00:00.000000Z,MWC_ETP_MELBOURNE,inlet,DATASET_02_MELBOURNE_ETP_INLET,observed,SHA256:1e60bff7f04397d81586dd79adf34393bb36d194331369edf54f993861987461
2/3/2019 8:00:00 PM,44.0,330.0,800.0,,,1221,2019-02-03T20:00:00.000000Z,MWC_ETP_MELBOURNE,inlet,DATASET_02_MELBOURNE_ETP_INLET,observed,SHA256:1e60bff7f04397d81586dd79adf34393bb36d194331369edf54f993861987461
2/4/2019 8:00:00 PM,39.0,280.0,800.0,0.01,65.0,1222,2019-02-04T20:00:00.000000Z,MWC_ETP_MELBOURNE,inlet,DATASET_02_MELBOURNE_ETP_INLET,observed,SHA256:1e60bff7f04397d81586dd79adf34393bb36d194331369edf54f993861987461
2/5/2019 8:00:00 PM,36.0,360.0,940.0,,,1223,2019-02-05T20:00:00.000000Z,MWC_ETP_MELBOURNE,inlet,DATASET_02_MELBOURNE_ETP_INLET,observed,SHA256:1e60bff7f04397d81586dd79adf34393bb36d194331369edf54f993861987461
2/6/2019 8:00:00 PM,31.0,360.0,920.0,,,1224,2019-02-06T20:00:00.000000Z,MWC_ETP_MELBOURNE,inlet,DATASET_02_MELBOURNE_ETP_INLET,observed,SHA256:1e60bff7f04397d81586dd79adf34393bb36d194331369edf54f993861987461
4/1/2019 8:00:00 PM,35.0,350.0,770.0,0.01,58.0,1225,2019-04-01T20:00:00.000000Z,MWC_ETP_MELBOURNE,inlet,DATASET_02_MELBOURNE_ETP_INLET,observed,SHA256:1e60bff7f04397d81586dd79adf34393bb36d194331369edf54f993861987461
2/7/2019 8:00:00 PM,36.0,350.0,840.0,,,1226,2019-02-07T20:00:00.000000Z,MWC_ETP_MELBOURNE,inlet,DATASET_02_MELBOURNE_ETP_INLET,observed,SHA256:1e60bff7f04397d81586dd79adf34393bb36d194331369edf54f993861987461
2/10/2019 8:00:00 PM,44.0,300.0,780.0,,,1227,2019-02-10T20:00:00.000000Z,MWC_ETP_MELBOURNE,inlet,DATASET_02_MELBOURNE_ETP_INLET,observed,SHA256:1e60bff7f04397d81586dd79adf34393bb36d194331369edf54f993861987461
2/11/2019 8:00:00 PM,41.0,350.0,930.0,,,1228,2019-02-11T20:00:00.000000Z,MWC_ETP_MELBOURNE,inlet,DATASET_02_MELBOURNE_ETP_INLET,observed,SHA256:1e60bff7f04397d81586dd79adf34393bb36d194331369edf54f993861987461
4/2/2019 8:00:00 PM,50.0,400.0,940.0,,,1229,2019-04-02T20:00:00.000000Z,MWC_ETP_MELBOURNE,inlet,DATASET_02_MELBOURNE_ETP_INLET,observed,SHA256:1e60bff7f04397d81586dd79adf34393bb36d194331369edf54f993861987461
9/19/2018 9:00:00 PM,35.0,,,,,1230,2018-09-19T21:00:00.000000Z,MWC_ETP_MELBOURNE,inlet,DATASET_02_MELBOURNE_ETP_INLET,observed,SHA256:1e60bff7f04397d81586dd79adf34393bb36d194331369edf54f993861987461
2/12/2019 8:00:00 PM,32.0,370.0,880.0,,,1231,2019-02-12T20:00:00.000000Z,MWC_ETP_MELBOURNE,inlet,DATASET_02_MELBOURNE_ETP_INLET,observed,SHA256:1e60bff7f04397d81586dd79adf34393bb36d194331369edf54f993861987461
4/3/2019 8:00:00 PM,27.0,360.0,1000.0,,,1232,2019-04-03T20:00:00.000000Z,MWC_ETP_MELBOURNE,inlet,DATASET_02_MELBOURNE_ETP_INLET,observed,SHA256:1e60bff7f04397d81586dd79adf34393bb36d194331369edf54f993861987461
9/20/2018 9:00:00 PM,36.0,350.0,990.0,0.01,62.0,1233,2018-09-20T21:00:00.000000Z,MWC_ETP_MELBOURNE,inlet,DATASET_02_MELBOURNE_ETP_INLET,observed,SHA256:1e60bff7f04397d81586dd79adf34393bb36d194331369edf54f993861987461
2/13/2019 8:00:00 PM,36.0,310.0,1300.0,,,1234,2019-02-13T20:00:00.000000Z,MWC_ETP_MELBOURNE,inlet,DATASET_02_MELBOURNE_ETP_INLET,observed,SHA256:1e60bff7f04397d81586dd79adf34393bb36d194331369edf54f993861987461
4/4/2019 8:00:00 PM,37.0,350.0,770.0,,,1235,2019-04-04T20:00:00.000000Z,MWC_ETP_MELBOURNE,inlet,DATASET_02_MELBOURNE_ETP_INLET,observed,SHA256:1e60bff7f04397d81586dd79adf34393bb36d194331369edf54f993861987461
9/23/2018 9:00:00 PM,39.0,380.0,980.0,,,1236,2018-09-23T21:00:00.000000Z,MWC_ETP_MELBOURNE,inlet,DATASET_02_MELBOURNE_ETP_INLET,observed,SHA256:1e60bff7f04397d81586dd79adf34393bb36d194331369edf54f993861987461
2/14/2019 8:00:00 PM,32.0,360.0,900.0,,,1237,2019-02-14T20:00:00.000000Z,MWC_ETP_MELBOURNE,inlet,DATASET_02_MELBOURNE_ETP_INLET,observed,SHA256:1e60bff7f04397d81586dd79adf34393bb36d194331369edf54f993861987461
4/7/2019 9:00:00 PM,45.0,260.0,680.0,,,1238,2019-04-07T21:00:00.000000Z,MWC_ETP_MELBOURNE,inlet,DATASET_02_MELBOURNE_ETP_INLET,observed,SHA256:1e60bff7f04397d81586dd79adf34393bb36d194331369edf54f993861987461
9/24/2018 9:00:00 PM,48.0,340.0,920.0,,,1239,2018-09-24T21:00:00.000000Z,MWC_ETP_MELBOURNE,inlet,DATASET_02_MELBOURNE_ETP_INLET,observed,SHA256:1e60bff7f04397d81586dd79adf34393bb36d194331369edf54f993861987461
2/17/2019 8:00:00 PM,37.0,350.0,980.0,,,1240,2019-02-17T20:00:00.000000Z,MWC_ETP_MELBOURNE,inlet,DATASET_02_MELBOURNE_ETP_INLET,observed,SHA256:1e60bff7f04397d81586dd79adf34393bb36d194331369edf54f993861987461
2/18/2019 8:00:00 PM,40.0,360.0,940.0,,,1241,2019-02-18T20:00:00.000000Z,MWC_ETP_MELBOURNE,inlet,DATASET_02_MELBOURNE_ETP_INLET,observed,SHA256:1e60bff7f04397d81586dd79adf34393bb36d194331369edf54f993861987461
2/19/2019 8:00:00 PM,37.0,370.0,930.0,,,1242,2019-02-19T20:00:00.000000Z,MWC_ETP_MELBOURNE,inlet,DATASET_02_MELBOURNE_ETP_INLET,observed,SHA256:1e60bff7f04397d81586dd79adf34393bb36d194331369edf54f993861987461
2/20/2019 8:00:00 PM,38.0,380.0,940.0,0.01,70.0,1243,2019-02-20T20:00:00.000000Z,MWC_ETP_MELBOURNE,inlet,DATASET_02_MELBOURNE_ETP_INLET,observed,SHA256:1e60bff7f04397d81586dd79adf34393bb36d194331369edf54f993861987461
2/21/2019 8:00:00 PM,42.0,530.0,1100.0,,,1244,2019-02-21T20:00:00.000000Z,MWC_ETP_MELBOURNE,inlet,DATASET_02_MELBOURNE_ETP_INLET,observed,SHA256:1e60bff7f04397d81586dd79adf34393bb36d194331369edf54f993861987461
2/24/2019 8:00:00 PM,41.0,370.0,830.0,,,1245,2019-02-24T20:00:00.000000Z,MWC_ETP_MELBOURNE,inlet,DATASET_02_MELBOURNE_ETP_INLET,observed,SHA256:1e60bff7f04397d81586dd79adf34393bb36d194331369edf54f993861987461
2/25/2019 8:00:00 PM,34.0,330.0,970.0,,,1246,2019-02-25T20:00:00.000000Z,MWC_ETP_MELBOURNE,inlet,DATASET_02_MELBOURNE_ETP_INLET,observed,SHA256:1e60bff7f04397d81586dd79adf34393bb36d194331369edf54f993861987461
2/26/2019 8:00:00 PM,37.0,290.0,900.0,,,1247,2019-02-26T20:00:00.000000Z,MWC_ETP_MELBOURNE,inlet,DATASET_02_MELBOURNE_ETP_INLET,observed,SHA256:1e60bff7f04397d81586dd79adf34393bb36d194331369edf54f993861987461
2/27/2019 8:00:00 PM,35.0,520.0,1100.0,,,1248,2019-02-27T20:00:00.000000Z,MWC_ETP_MELBOURNE,inlet,DATASET_02_MELBOURNE_ETP_INLET,observed,SHA256:1e60bff7f04397d81586dd79adf34393bb36d194331369edf54f993861987461
2/28/2019 8:00:00 PM,49.0,440.0,930.0,,,1249,2019-02-28T20:00:00.000000Z,MWC_ETP_MELBOURNE,inlet,DATASET_02_MELBOURNE_ETP_INLET,observed,SHA256:1e60bff7f04397d81586dd79adf34393bb36d194331369edf54f993861987461
3/3/2019 8:00:00 PM,46.0,350.0,870.0,,,1250,2019-03-03T20:00:00.000000Z,MWC_ETP_MELBOURNE,inlet,DATASET_02_MELBOURNE_ETP_INLET,observed,SHA256:1e60bff7f04397d81586dd79adf34393bb36d194331369edf54f993861987461
3/4/2019 8:00:00 PM,50.0,360.0,840.0,0.03,70.0,1251,2019-03-04T20:00:00.000000Z,MWC_ETP_MELBOURNE,inlet,DATASET_02_MELBOURNE_ETP_INLET,observed,SHA256:1e60bff7f04397d81586dd79adf34393bb36d194331369edf54f993861987461
3/5/2019 8:00:00 PM,38.0,330.0,820.0,,,1252,2019-03-05T20:00:00.000000Z,MWC_ETP_MELBOURNE,inlet,DATASET_02_MELBOURNE_ETP_INLET,observed,SHA256:1e60bff7f04397d81586dd79adf34393bb36d194331369edf54f993861987461
3/6/2019 8:00:00 PM,22.0,370.0,790.0,,,1253,2019-03-06T20:00:00.000000Z,MWC_ETP_MELBOURNE,inlet,DATASET_02_MELBOURNE_ETP_INLET,observed,SHA256:1e60bff7f04397d81586dd79adf34393bb36d194331369edf54f993861987461
3/7/2019 8:00:00 PM,31.0,390.0,920.0,,,1254,2019-03-07T20:00:00.000000Z,MWC_ETP_MELBOURNE,inlet,DATASET_02_MELBOURNE_ETP_INLET,observed,SHA256:1e60bff7f04397d81586dd79adf34393bb36d194331369edf54f993861987461
3/8/2019 8:00:00 PM,35.0,,,,,1255,2019-03-08T20:00:00.000000Z,MWC_ETP_MELBOURNE,inlet,DATASET_02_MELBOURNE_ETP_INLET,observed,SHA256:1e60bff7f04397d81586dd79adf34393bb36d194331369edf54f993861987461
3/11/2019 8:00:00 PM,49.0,350.0,1000.0,,,1256,2019-03-11T20:00:00.000000Z,MWC_ETP_MELBOURNE,inlet,DATASET_02_MELBOURNE_ETP_INLET,observed,SHA256:1e60bff7f04397d81586dd79adf34393bb36d194331369edf54f993861987461
3/12/2019 8:00:00 PM,25.0,390.0,980.0,,,1257,2019-03-12T20:00:00.000000Z,MWC_ETP_MELBOURNE,inlet,DATASET_02_MELBOURNE_ETP_INLET,observed,SHA256:1e60bff7f04397d81586dd79adf34393bb36d194331369edf54f993861987461
3/13/2019 8:00:00 PM,27.0,350.0,850.0,,,1258,2019-03-13T20:00:00.000000Z,MWC_ETP_MELBOURNE,inlet,DATASET_02_MELBOURNE_ETP_INLET,observed,SHA256:1e60bff7f04397d81586dd79adf34393bb36d194331369edf54f993861987461
3/14/2019 8:00:00 PM,31.0,290.0,780.0,,,1259,2019-03-14T20:00:00.000000Z,MWC_ETP_MELBOURNE,inlet,DATASET_02_MELBOURNE_ETP_INLET,observed,SHA256:1e60bff7f04397d81586dd79adf34393bb36d194331369edf54f993861987461
3/17/2019 8:00:00 PM,32.0,280.0,640.0,,,1260,2019-03-17T20:00:00.000000Z,MWC_ETP_MELBOURNE,inlet,DATASET_02_MELBOURNE_ETP_INLET,observed,SHA256:1e60bff7f04397d81586dd79adf34393bb36d194331369edf54f993861987461
3/18/2019 8:00:00 PM,45.0,330.0,830.0,,,1261,2019-03-18T20:00:00.000000Z,MWC_ETP_MELBOURNE,inlet,DATASET_02_MELBOURNE_ETP_INLET,observed,SHA256:1e60bff7f04397d81586dd79adf34393bb36d194331369edf54f993861987461
3/19/2019 8:00:00 PM,38.0,340.0,960.0,,,1262,2019-03-19T20:00:00.000000Z,MWC_ETP_MELBOURNE,inlet,DATASET_02_MELBOURNE_ETP_INLET,observed,SHA256:1e60bff7f04397d81586dd79adf34393bb36d194331369edf54f993861987461
3/20/2019 8:00:00 PM,37.0,450.0,1100.0,0.01,72.0,1263,2019-03-20T20:00:00.000000Z,MWC_ETP_MELBOURNE,inlet,DATASET_02_MELBOURNE_ETP_INLET,observed,SHA256:1e60bff7f04397d81586dd79adf34393bb36d194331369edf54f993861987461
3/21/2019 8:00:00 PM,40.0,440.0,1100.0,,,1264,2019-03-21T20:00:00.000000Z,MWC_ETP_MELBOURNE,inlet,DATASET_02_MELBOURNE_ETP_INLET,observed,SHA256:1e60bff7f04397d81586dd79adf34393bb36d194331369edf54f993861987461
3/24/2019 8:00:00 PM,38.0,300.0,820.0,,,1265,2019-03-24T20:00:00.000000Z,MWC_ETP_MELBOURNE,inlet,DATASET_02_MELBOURNE_ETP_INLET,observed,SHA256:1e60bff7f04397d81586dd79adf34393bb36d194331369edf54f993861987461
3/25/2019 8:00:00 PM,37.0,310.0,950.0,,,1266,2019-03-25T20:00:00.000000Z,MWC_ETP_MELBOURNE,inlet,DATASET_02_MELBOURNE_ETP_INLET,observed,SHA256:1e60bff7f04397d81586dd79adf34393bb36d194331369edf54f993861987461
3/26/2019 8:00:00 PM,37.0,420.0,890.0,,,1267,2019-03-26T20:00:00.000000Z,MWC_ETP_MELBOURNE,inlet,DATASET_02_MELBOURNE_ETP_INLET,observed,SHA256:1e60bff7f04397d81586dd79adf34393bb36d194331369edf54f993861987461
3/27/2019 8:00:00 PM,35.0,420.0,910.0,,,1268,2019-03-27T20:00:00.000000Z,MWC_ETP_MELBOURNE,inlet,DATASET_02_MELBOURNE_ETP_INLET,observed,SHA256:1e60bff7f04397d81586dd79adf34393bb36d194331369edf54f993861987461
3/28/2019 8:00:00 PM,35.0,410.0,1000.0,,,1269,2019-03-28T20:00:00.000000Z,MWC_ETP_MELBOURNE,inlet,DATASET_02_MELBOURNE_ETP_INLET,observed,SHA256:1e60bff7f04397d81586dd79adf34393bb36d194331369edf54f993861987461
3/31/2019 8:00:00 PM,35.0,280.0,720.0,,,1270,2019-03-31T20:00:00.000000Z,MWC_ETP_MELBOURNE,inlet,DATASET_02_MELBOURNE_ETP_INLET,observed,SHA256:1e60bff7f04397d81586dd79adf34393bb36d194331369edf54f993861987461
4/8/2019 9:00:00 PM,37.0,350.0,1000.0,,,1271,2019-04-08T21:00:00.000000Z,MWC_ETP_MELBOURNE,inlet,DATASET_02_MELBOURNE_ETP_INLET,observed,SHA256:1e60bff7f04397d81586dd79adf34393bb36d194331369edf54f993861987461
9/25/2018 9:00:00 PM,35.0,360.0,980.0,,,1272,2018-09-25T21:00:00.000000Z,MWC_ETP_MELBOURNE,inlet,DATASET_02_MELBOURNE_ETP_INLET,observed,SHA256:1e60bff7f04397d81586dd79adf34393bb36d194331369edf54f993861987461
4/9/2019 9:00:00 PM,48.0,340.0,,,,1273,2019-04-09T21:00:00.000000Z,MWC_ETP_MELBOURNE,inlet,DATASET_02_MELBOURNE_ETP_INLET,observed,SHA256:1e60bff7f04397d81586dd79adf34393bb36d194331369edf54f993861987461
9/26/2018 9:00:00 PM,41.0,360.0,910.0,,,1274,2018-09-26T21:00:00.000000Z,MWC_ETP_MELBOURNE,inlet,DATASET_02_MELBOURNE_ETP_INLET,observed,SHA256:1e60bff7f04397d81586dd79adf34393bb36d194331369edf54f993861987461
4/10/2019 9:00:00 PM,42.0,380.0,840.0,,,1275,2019-04-10T21:00:00.000000Z,MWC_ETP_MELBOURNE,inlet,DATASET_02_MELBOURNE_ETP_INLET,observed,SHA256:1e60bff7f04397d81586dd79adf34393bb36d194331369edf54f993861987461
9/28/2018 9:00:00 PM,39.0,,,,,1276,2018-09-28T21:00:00.000000Z,MWC_ETP_MELBOURNE,inlet,DATASET_02_MELBOURNE_ETP_INLET,observed,SHA256:1e60bff7f04397d81586dd79adf34393bb36d194331369edf54f993861987461
4/11/2019 9:00:00 PM,38.0,320.0,650.0,,,1277,2019-04-11T21:00:00.000000Z,MWC_ETP_MELBOURNE,inlet,DATASET_02_MELBOURNE_ETP_INLET,observed,SHA256:1e60bff7f04397d81586dd79adf34393bb36d194331369edf54f993861987461
9/30/2018 9:00:00 PM,44.0,300.0,790.0,,,1278,2018-09-30T21:00:00.000000Z,MWC_ETP_MELBOURNE,inlet,DATASET_02_MELBOURNE_ETP_INLET,observed,SHA256:1e60bff7f04397d81586dd79adf34393bb36d194331369edf54f993861987461
4/14/2019 9:00:00 PM,45.0,260.0,660.0,0.05,60.0,1279,2019-04-14T21:00:00.000000Z,MWC_ETP_MELBOURNE,inlet,DATASET_02_MELBOURNE_ETP_INLET,observed,SHA256:1e60bff7f04397d81586dd79adf34393bb36d194331369edf54f993861987461
10/1/2018 9:00:00 PM,35.0,300.0,830.0,,,1280,2018-10-01T21:00:00.000000Z,MWC_ETP_MELBOURNE,inlet,DATASET_02_MELBOURNE_ETP_INLET,observed,SHA256:1e60bff7f04397d81586dd79adf34393bb36d194331369edf54f993861987461
4/15/2019 9:00:00 PM,40.0,300.0,670.0,,,1281,2019-04-15T21:00:00.000000Z,MWC_ETP_MELBOURNE,inlet,DATASET_02_MELBOURNE_ETP_INLET,observed,SHA256:1e60bff7f04397d81586dd79adf34393bb36d194331369edf54f993861987461
10/2/2018 9:00:00 PM,44.0,410.0,1000.0,0.01,63.0,1282,2018-10-02T21:00:00.000000Z,MWC_ETP_MELBOURNE,inlet,DATASET_02_MELBOURNE_ETP_INLET,observed,SHA256:1e60bff7f04397d81586dd79adf34393bb36d194331369edf54f993861987461
4/16/2019 9:00:00 PM,36.0,340.0,680.0,,,1283,2019-04-16T21:00:00.000000Z,MWC_ETP_MELBOURNE,inlet,DATASET_02_MELBOURNE_ETP_INLET,observed,SHA256:1e60bff7f04397d81586dd79adf34393bb36d194331369edf54f993861987461
10/3/2018 9:00:00 PM,41.0,310.0,1100.0,,,1284,2018-10-03T21:00:00.000000Z,MWC_ETP_MELBOURNE,inlet,DATASET_02_MELBOURNE_ETP_INLET,observed,SHA256:1e60bff7f04397d81586dd79adf34393bb36d194331369edf54f993861987461
4/17/2019 9:00:00 PM,38.0,300.0,930.0,,,1285,2019-04-17T21:00:00.000000Z,MWC_ETP_MELBOURNE,inlet,DATASET_02_MELBOURNE_ETP_INLET,observed,SHA256:1e60bff7f04397d81586dd79adf34393bb36d194331369edf54f993861987461
10/4/2018 9:00:00 PM,40.0,260.0,900.0,,,1286,2018-10-04T21:00:00.000000Z,MWC_ETP_MELBOURNE,inlet,DATASET_02_MELBOURNE_ETP_INLET,observed,SHA256:1e60bff7f04397d81586dd79adf34393bb36d194331369edf54f993861987461
4/19/2019 9:00:00 PM,33.0,,,,,1287,2019-04-19T21:00:00.000000Z,MWC_ETP_MELBOURNE,inlet,DATASET_02_MELBOURNE_ETP_INLET,observed,SHA256:1e60bff7f04397d81586dd79adf34393bb36d194331369edf54f993861987461
10/7/2018 8:00:00 PM,36.0,360.0,900.0,,,1288,2018-10-07T20:00:00.000000Z,MWC_ETP_MELBOURNE,inlet,DATASET_02_MELBOURNE_ETP_INLET,observed,SHA256:1e60bff7f04397d81586dd79adf34393bb36d194331369edf54f993861987461
4/22/2019 9:00:00 PM,42.0,270.0,780.0,,,1289,2019-04-22T21:00:00.000000Z,MWC_ETP_MELBOURNE,inlet,DATASET_02_MELBOURNE_ETP_INLET,observed,SHA256:1e60bff7f04397d81586dd79adf34393bb36d194331369edf54f993861987461
10/8/2018 8:00:00 PM,35.0,340.0,,,,1290,2018-10-08T20:00:00.000000Z,MWC_ETP_MELBOURNE,inlet,DATASET_02_MELBOURNE_ETP_INLET,observed,SHA256:1e60bff7f04397d81586dd79adf34393bb36d194331369edf54f993861987461
4/25/2019 9:00:00 PM,46.0,300.0,890.0,,,1291,2019-04-25T21:00:00.000000Z,MWC_ETP_MELBOURNE,inlet,DATASET_02_MELBOURNE_ETP_INLET,observed,SHA256:1e60bff7f04397d81586dd79adf34393bb36d194331369edf54f993861987461
10/9/2018 8:00:00 PM,44.0,370.0,960.0,,,1292,2018-10-09T20:00:00.000000Z,MWC_ETP_MELBOURNE,inlet,DATASET_02_MELBOURNE_ETP_INLET,observed,SHA256:1e60bff7f04397d81586dd79adf34393bb36d194331369edf54f993861987461
4/28/2019 9:00:00 PM,50.0,260.0,730.0,,,1293,2019-04-28T21:00:00.000000Z,MWC_ETP_MELBOURNE,inlet,DATASET_02_MELBOURNE_ETP_INLET,observed,SHA256:1e60bff7f04397d81586dd79adf34393bb36d194331369edf54f993861987461
10/10/2018 8:00:00 PM,46.0,340.0,920.0,,,1294,2018-10-10T20:00:00.000000Z,MWC_ETP_MELBOURNE,inlet,DATASET_02_MELBOURNE_ETP_INLET,observed,SHA256:1e60bff7f04397d81586dd79adf34393bb36d194331369edf54f993861987461
4/29/2019 9:00:00 PM,40.0,250.0,770.0,,,1295,2019-04-29T21:00:00.000000Z,MWC_ETP_MELBOURNE,inlet,DATASET_02_MELBOURNE_ETP_INLET,observed,SHA256:1e60bff7f04397d81586dd79adf34393bb36d194331369edf54f993861987461
4/30/2019 9:00:00 PM,41.0,270.0,750.0,,,1296,2019-04-30T21:00:00.000000Z,MWC_ETP_MELBOURNE,inlet,DATASET_02_MELBOURNE_ETP_INLET,observed,SHA256:1e60bff7f04397d81586dd79adf34393bb36d194331369edf54f993861987461
10/11/2018 8:00:00 PM,38.0,330.0,870.0,,,1297,2018-10-11T20:00:00.000000Z,MWC_ETP_MELBOURNE,inlet,DATASET_02_MELBOURNE_ETP_INLET,observed,SHA256:1e60bff7f04397d81586dd79adf34393bb36d194331369edf54f993861987461
5/1/2019 9:00:00 PM,43.0,320.0,880.0,0.04,61.0,1298,2019-05-01T21:00:00.000000Z,MWC_ETP_MELBOURNE,inlet,DATASET_02_MELBOURNE_ETP_INLET,observed,SHA256:1e60bff7f04397d81586dd79adf34393bb36d194331369edf54f993861987461
10/14/2018 8:00:00 PM,43.0,320.0,780.0,0.05,70.0,1299,2018-10-14T20:00:00.000000Z,MWC_ETP_MELBOURNE,inlet,DATASET_02_MELBOURNE_ETP_INLET,observed,SHA256:1e60bff7f04397d81586dd79adf34393bb36d194331369edf54f993861987461
5/2/2019 9:00:00 PM,49.0,330.0,780.0,,,1300,2019-05-02T21:00:00.000000Z,MWC_ETP_MELBOURNE,inlet,DATASET_02_MELBOURNE_ETP_INLET,observed,SHA256:1e60bff7f04397d81586dd79adf34393bb36d194331369edf54f993861987461
10/15/2018 8:00:00 PM,49.0,340.0,1200.0,,,1301,2018-10-15T20:00:00.000000Z,MWC_ETP_MELBOURNE,inlet,DATASET_02_MELBOURNE_ETP_INLET,observed,SHA256:1e60bff7f04397d81586dd79adf34393bb36d194331369edf54f993861987461
5/5/2019 9:00:00 PM,48.0,220.0,780.0,,,1302,2019-05-05T21:00:00.000000Z,MWC_ETP_MELBOURNE,inlet,DATASET_02_MELBOURNE_ETP_INLET,observed,SHA256:1e60bff7f04397d81586dd79adf34393bb36d194331369edf54f993861987461
10/16/2018 8:00:00 PM,47.0,350.0,960.0,,,1303,2018-10-16T20:00:00.000000Z,MWC_ETP_MELBOURNE,inlet,DATASET_02_MELBOURNE_ETP_INLET,observed,SHA256:1e60bff7f04397d81586dd79adf34393bb36d194331369edf54f993861987461
5/6/2019 9:00:00 PM,48.0,280.0,840.0,,,1304,2019-05-06T21:00:00.000000Z,MWC_ETP_MELBOURNE,inlet,DATASET_02_MELBOURNE_ETP_INLET,observed,SHA256:1e60bff7f04397d81586dd79adf34393bb36d194331369edf54f993861987461
10/17/2018 8:00:00 PM,45.0,340.0,850.0,,,1305,2018-10-17T20:00:00.000000Z,MWC_ETP_MELBOURNE,inlet,DATASET_02_MELBOURNE_ETP_INLET,observed,SHA256:1e60bff7f04397d81586dd79adf34393bb36d194331369edf54f993861987461
5/7/2019 9:00:00 PM,34.0,310.0,950.0,,,1306,2019-05-07T21:00:00.000000Z,MWC_ETP_MELBOURNE,inlet,DATASET_02_MELBOURNE_ETP_INLET,observed,SHA256:1e60bff7f04397d81586dd79adf34393bb36d194331369edf54f993861987461
10/18/2018 8:00:00 PM,41.0,340.0,880.0,,,1307,2018-10-18T20:00:00.000000Z,MWC_ETP_MELBOURNE,inlet,DATASET_02_MELBOURNE_ETP_INLET,observed,SHA256:1e60bff7f04397d81586dd79adf34393bb36d194331369edf54f993861987461
5/8/2019 9:00:00 PM,46.0,360.0,920.0,,,1308,2019-05-08T21:00:00.000000Z,MWC_ETP_MELBOURNE,inlet,DATASET_02_MELBOURNE_ETP_INLET,observed,SHA256:1e60bff7f04397d81586dd79adf34393bb36d194331369edf54f993861987461
10/21/2018 8:00:00 PM,45.0,340.0,820.0,,,1309,2018-10-21T20:00:00.000000Z,MWC_ETP_MELBOURNE,inlet,DATASET_02_MELBOURNE_ETP_INLET,observed,SHA256:1e60bff7f04397d81586dd79adf34393bb36d194331369edf54f993861987461
5/9/2019 9:00:00 PM,40.0,290.0,990.0,,,1310,2019-05-09T21:00:00.000000Z,MWC_ETP_MELBOURNE,inlet,DATASET_02_MELBOURNE_ETP_INLET,observed,SHA256:1e60bff7f04397d81586dd79adf34393bb36d194331369edf54f993861987461
10/22/2018 8:00:00 PM,31.0,370.0,940.0,,,1311,2018-10-22T20:00:00.000000Z,MWC_ETP_MELBOURNE,inlet,DATASET_02_MELBOURNE_ETP_INLET,observed,SHA256:1e60bff7f04397d81586dd79adf34393bb36d194331369edf54f993861987461
5/12/2019 9:00:00 PM,43.0,330.0,830.0,,,1312,2019-05-12T21:00:00.000000Z,MWC_ETP_MELBOURNE,inlet,DATASET_02_MELBOURNE_ETP_INLET,observed,SHA256:1e60bff7f04397d81586dd79adf34393bb36d194331369edf54f993861987461
10/23/2018 8:00:00 PM,43.0,350.0,1100.0,,,1313,2018-10-23T20:00:00.000000Z,MWC_ETP_MELBOURNE,inlet,DATASET_02_MELBOURNE_ETP_INLET,observed,SHA256:1e60bff7f04397d81586dd79adf34393bb36d194331369edf54f993861987461
5/13/2019 9:00:00 PM,39.0,250.0,750.0,,,1314,2019-05-13T21:00:00.000000Z,MWC_ETP_MELBOURNE,inlet,DATASET_02_MELBOURNE_ETP_INLET,observed,SHA256:1e60bff7f04397d81586dd79adf34393bb36d194331369edf54f993861987461
10/24/2018 8:00:00 PM,42.0,310.0,1200.0,,,1315,2018-10-24T20:00:00.000000Z,MWC_ETP_MELBOURNE,inlet,DATASET_02_MELBOURNE_ETP_INLET,observed,SHA256:1e60bff7f04397d81586dd79adf34393bb36d194331369edf54f993861987461
5/14/2019 9:00:00 PM,44.0,340.0,930.0,0.01,66.0,1316,2019-05-14T21:00:00.000000Z,MWC_ETP_MELBOURNE,inlet,DATASET_02_MELBOURNE_ETP_INLET,observed,SHA256:1e60bff7f04397d81586dd79adf34393bb36d194331369edf54f993861987461
10/25/2018 8:00:00 PM,42.0,350.0,1000.0,,,1317,2018-10-25T20:00:00.000000Z,MWC_ETP_MELBOURNE,inlet,DATASET_02_MELBOURNE_ETP_INLET,observed,SHA256:1e60bff7f04397d81586dd79adf34393bb36d194331369edf54f993861987461
5/15/2019 9:00:00 PM,50.0,310.0,880.0,,,1318,2019-05-15T21:00:00.000000Z,MWC_ETP_MELBOURNE,inlet,DATASET_02_MELBOURNE_ETP_INLET,observed,SHA256:1e60bff7f04397d81586dd79adf34393bb36d194331369edf54f993861987461
10/28/2018 8:00:00 PM,50.0,330.0,810.0,,,1319,2018-10-28T20:00:00.000000Z,MWC_ETP_MELBOURNE,inlet,DATASET_02_MELBOURNE_ETP_INLET,observed,SHA256:1e60bff7f04397d81586dd79adf34393bb36d194331369edf54f993861987461
5/16/2019 9:00:00 PM,38.0,330.0,910.0,,,1320,2019-05-16T21:00:00.000000Z,MWC_ETP_MELBOURNE,inlet,DATASET_02_MELBOURNE_ETP_INLET,observed,SHA256:1e60bff7f04397d81586dd79adf34393bb36d194331369edf54f993861987461
10/29/2018 8:00:00 PM,37.0,330.0,930.0,,,1321,2018-10-29T20:00:00.000000Z,MWC_ETP_MELBOURNE,inlet,DATASET_02_MELBOURNE_ETP_INLET,observed,SHA256:1e60bff7f04397d81586dd79adf34393bb36d194331369edf54f993861987461
5/19/2019 9:00:00 PM,40.0,270.0,700.0,,,1322,2019-05-19T21:00:00.000000Z,MWC_ETP_MELBOURNE,inlet,DATASET_02_MELBOURNE_ETP_INLET,observed,SHA256:1e60bff7f04397d81586dd79adf34393bb36d194331369edf54f993861987461
10/30/2018 8:00:00 PM,40.0,350.0,1100.0,0.1,66.0,1323,2018-10-30T20:00:00.000000Z,MWC_ETP_MELBOURNE,inlet,DATASET_02_MELBOURNE_ETP_INLET,observed,SHA256:1e60bff7f04397d81586dd79adf34393bb36d194331369edf54f993861987461
5/20/2019 9:00:00 PM,41.0,330.0,800.0,,,1324,2019-05-20T21:00:00.000000Z,MWC_ETP_MELBOURNE,inlet,DATASET_02_MELBOURNE_ETP_INLET,observed,SHA256:1e60bff7f04397d81586dd79adf34393bb36d194331369edf54f993861987461
10/31/2018 8:00:00 PM,25.0,,,,,1325,2018-10-31T20:00:00.000000Z,MWC_ETP_MELBOURNE,inlet,DATASET_02_MELBOURNE_ETP_INLET,observed,SHA256:1e60bff7f04397d81586dd79adf34393bb36d194331369edf54f993861987461
5/21/2019 9:00:00 PM,34.0,280.0,880.0,,,1326,2019-05-21T21:00:00.000000Z,MWC_ETP_MELBOURNE,inlet,DATASET_02_MELBOURNE_ETP_INLET,observed,SHA256:1e60bff7f04397d81586dd79adf34393bb36d194331369edf54f993861987461
11/1/2018 8:00:00 PM,27.0,,,,,1327,2018-11-01T20:00:00.000000Z,MWC_ETP_MELBOURNE,inlet,DATASET_02_MELBOURNE_ETP_INLET,observed,SHA256:1e60bff7f04397d81586dd79adf34393bb36d194331369edf54f993861987461
5/22/2019 9:00:00 PM,35.0,300.0,720.0,,,1328,2019-05-22T21:00:00.000000Z,MWC_ETP_MELBOURNE,inlet,DATASET_02_MELBOURNE_ETP_INLET,observed,SHA256:1e60bff7f04397d81586dd79adf34393bb36d194331369edf54f993861987461
11/4/2018 8:00:00 PM,39.0,,,,,1329,2018-11-04T20:00:00.000000Z,MWC_ETP_MELBOURNE,inlet,DATASET_02_MELBOURNE_ETP_INLET,observed,SHA256:1e60bff7f04397d81586dd79adf34393bb36d194331369edf54f993861987461
5/23/2019 9:00:00 PM,32.0,310.0,740.0,,,1330,2019-05-23T21:00:00.000000Z,MWC_ETP_MELBOURNE,inlet,DATASET_02_MELBOURNE_ETP_INLET,observed,SHA256:1e60bff7f04397d81586dd79adf34393bb36d194331369edf54f993861987461
11/6/2018 8:00:00 PM,21.0,,,,,1331,2018-11-06T20:00:00.000000Z,MWC_ETP_MELBOURNE,inlet,DATASET_02_MELBOURNE_ETP_INLET,observed,SHA256:1e60bff7f04397d81586dd79adf34393bb36d194331369edf54f993861987461
5/26/2019 9:00:00 PM,26.0,190.0,610.0,0.01,48.0,1332,2019-05-26T21:00:00.000000Z,MWC_ETP_MELBOURNE,inlet,DATASET_02_MELBOURNE_ETP_INLET,observed,SHA256:1e60bff7f04397d81586dd79adf34393bb36d194331369edf54f993861987461
11/7/2018 8:00:00 PM,35.0,,,,,1333,2018-11-07T20:00:00.000000Z,MWC_ETP_MELBOURNE,inlet,DATASET_02_MELBOURNE_ETP_INLET,observed,SHA256:1e60bff7f04397d81586dd79adf34393bb36d194331369edf54f993861987461
5/27/2019 9:00:00 PM,24.0,200.0,560.0,,,1334,2019-05-27T21:00:00.000000Z,MWC_ETP_MELBOURNE,inlet,DATASET_02_MELBOURNE_ETP_INLET,observed,SHA256:1e60bff7f04397d81586dd79adf34393bb36d194331369edf54f993861987461
11/8/2018 8:00:00 PM,33.0,320.0,760.0,,,1335,2018-11-08T20:00:00.000000Z,MWC_ETP_MELBOURNE,inlet,DATASET_02_MELBOURNE_ETP_INLET,observed,SHA256:1e60bff7f04397d81586dd79adf34393bb36d194331369edf54f993861987461
5/28/2019 9:00:00 PM,24.0,260.0,620.0,,,1336,2019-05-28T21:00:00.000000Z,MWC_ETP_MELBOURNE,inlet,DATASET_02_MELBOURNE_ETP_INLET,observed,SHA256:1e60bff7f04397d81586dd79adf34393bb36d194331369edf54f993861987461
11/12/2018 8:00:00 PM,35.0,340.0,830.0,,,1337,2018-11-12T20:00:00.000000Z,MWC_ETP_MELBOURNE,inlet,DATASET_02_MELBOURNE_ETP_INLET,observed,SHA256:1e60bff7f04397d81586dd79adf34393bb36d194331369edf54f993861987461
5/29/2019 9:00:00 PM,28.0,280.0,680.0,,,1338,2019-05-29T21:00:00.000000Z,MWC_ETP_MELBOURNE,inlet,DATASET_02_MELBOURNE_ETP_INLET,observed,SHA256:1e60bff7f04397d81586dd79adf34393bb36d194331369edf54f993861987461
11/15/2018 8:00:00 PM,41.0,310.0,920.0,,,1339,2018-11-15T20:00:00.000000Z,MWC_ETP_MELBOURNE,inlet,DATASET_02_MELBOURNE_ETP_INLET,observed,SHA256:1e60bff7f04397d81586dd79adf34393bb36d194331369edf54f993861987461
5/30/2019 9:00:00 PM,19.0,170.0,640.0,,,1340,2019-05-30T21:00:00.000000Z,MWC_ETP_MELBOURNE,inlet,DATASET_02_MELBOURNE_ETP_INLET,observed,SHA256:1e60bff7f04397d81586dd79adf34393bb36d194331369edf54f993861987461
11/18/2018 8:00:00 PM,39.0,350.0,910.0,,,1341,2018-11-18T20:00:00.000000Z,MWC_ETP_MELBOURNE,inlet,DATASET_02_MELBOURNE_ETP_INLET,observed,SHA256:1e60bff7f04397d81586dd79adf34393bb36d194331369edf54f993861987461
6/2/2019 9:00:00 PM,29.0,230.0,800.0,,,1342,2019-06-02T21:00:00.000000Z,MWC_ETP_MELBOURNE,inlet,DATASET_02_MELBOURNE_ETP_INLET,observed,SHA256:1e60bff7f04397d81586dd79adf34393bb36d194331369edf54f993861987461
11/19/2018 8:00:00 PM,31.0,320.0,1100.0,,,1343,2018-11-19T20:00:00.000000Z,MWC_ETP_MELBOURNE,inlet,DATASET_02_MELBOURNE_ETP_INLET,observed,SHA256:1e60bff7f04397d81586dd79adf34393bb36d194331369edf54f993861987461
6/3/2019 9:00:00 PM,33.0,180.0,720.0,,,1344,2019-06-03T21:00:00.000000Z,MWC_ETP_MELBOURNE,inlet,DATASET_02_MELBOURNE_ETP_INLET,observed,SHA256:1e60bff7f04397d81586dd79adf34393bb36d194331369edf54f993861987461
11/20/2018 8:00:00 PM,34.0,310.0,1000.0,,,1345,2018-11-20T20:00:00.000000Z,MWC_ETP_MELBOURNE,inlet,DATASET_02_MELBOURNE_ETP_INLET,observed,SHA256:1e60bff7f04397d81586dd79adf34393bb36d194331369edf54f993861987461
6/4/2019 9:00:00 PM,38.0,260.0,750.0,,,1346,2019-06-04T21:00:00.000000Z,MWC_ETP_MELBOURNE,inlet,DATASET_02_MELBOURNE_ETP_INLET,observed,SHA256:1e60bff7f04397d81586dd79adf34393bb36d194331369edf54f993861987461
11/22/2018 8:00:00 PM,28.0,280.0,680.0,,,1347,2018-11-22T20:00:00.000000Z,MWC_ETP_MELBOURNE,inlet,DATASET_02_MELBOURNE_ETP_INLET,observed,SHA256:1e60bff7f04397d81586dd79adf34393bb36d194331369edf54f993861987461
6/5/2019 9:00:00 PM,35.0,300.0,980.0,,,1348,2019-06-05T21:00:00.000000Z,MWC_ETP_MELBOURNE,inlet,DATASET_02_MELBOURNE_ETP_INLET,observed,SHA256:1e60bff7f04397d81586dd79adf34393bb36d194331369edf54f993861987461
11/25/2018 8:00:00 PM,30.0,330.0,720.0,,,1349,2018-11-25T20:00:00.000000Z,MWC_ETP_MELBOURNE,inlet,DATASET_02_MELBOURNE_ETP_INLET,observed,SHA256:1e60bff7f04397d81586dd79adf34393bb36d194331369edf54f993861987461
6/6/2019 9:00:00 PM,39.0,320.0,920.0,,,1350,2019-06-06T21:00:00.000000Z,MWC_ETP_MELBOURNE,inlet,DATASET_02_MELBOURNE_ETP_INLET,observed,SHA256:1e60bff7f04397d81586dd79adf34393bb36d194331369edf54f993861987461
11/26/2018 8:00:00 PM,35.0,340.0,930.0,0.01,63.0,1351,2018-11-26T20:00:00.000000Z,MWC_ETP_MELBOURNE,inlet,DATASET_02_MELBOURNE_ETP_INLET,observed,SHA256:1e60bff7f04397d81586dd79adf34393bb36d194331369edf54f993861987461
6/7/2019 9:00:00 PM,39.0,,,,,1352,2019-06-07T21:00:00.000000Z,MWC_ETP_MELBOURNE,inlet,DATASET_02_MELBOURNE_ETP_INLET,observed,SHA256:1e60bff7f04397d81586dd79adf34393bb36d194331369edf54f993861987461
11/27/2018 8:00:00 PM,31.0,300.0,900.0,,,1353,2018-11-27T20:00:00.000000Z,MWC_ETP_MELBOURNE,inlet,DATASET_02_MELBOURNE_ETP_INLET,observed,SHA256:1e60bff7f04397d81586dd79adf34393bb36d194331369edf54f993861987461
6/10/2019 9:00:00 PM,39.0,320.0,790.0,,,1354,2019-06-10T21:00:00.000000Z,MWC_ETP_MELBOURNE,inlet,DATASET_02_MELBOURNE_ETP_INLET,observed,SHA256:1e60bff7f04397d81586dd79adf34393bb36d194331369edf54f993861987461
11/28/2018 8:00:00 PM,43.0,340.0,960.0,,,1355,2018-11-28T20:00:00.000000Z,MWC_ETP_MELBOURNE,inlet,DATASET_02_MELBOURNE_ETP_INLET,observed,SHA256:1e60bff7f04397d81586dd79adf34393bb36d194331369edf54f993861987461
6/11/2019 9:00:00 PM,44.0,260.0,870.0,,,1356,2019-06-11T21:00:00.000000Z,MWC_ETP_MELBOURNE,inlet,DATASET_02_MELBOURNE_ETP_INLET,observed,SHA256:1e60bff7f04397d81586dd79adf34393bb36d194331369edf54f993861987461
11/29/2018 8:00:00 PM,44.0,340.0,940.0,,,1357,2018-11-29T20:00:00.000000Z,MWC_ETP_MELBOURNE,inlet,DATASET_02_MELBOURNE_ETP_INLET,observed,SHA256:1e60bff7f04397d81586dd79adf34393bb36d194331369edf54f993861987461
6/12/2019 9:00:00 PM,43.0,230.0,780.0,,,1358,2019-06-12T21:00:00.000000Z,MWC_ETP_MELBOURNE,inlet,DATASET_02_MELBOURNE_ETP_INLET,observed,SHA256:1e60bff7f04397d81586dd79adf34393bb36d194331369edf54f993861987461
12/2/2018 8:00:00 PM,25.0,290.0,1200.0,,,1359,2018-12-02T20:00:00.000000Z,MWC_ETP_MELBOURNE,inlet,DATASET_02_MELBOURNE_ETP_INLET,observed,SHA256:1e60bff7f04397d81586dd79adf34393bb36d194331369edf54f993861987461
6/13/2019 9:00:00 PM,43.0,300.0,810.0,0.01,65.0,1360,2019-06-13T21:00:00.000000Z,MWC_ETP_MELBOURNE,inlet,DATASET_02_MELBOURNE_ETP_INLET,observed,SHA256:1e60bff7f04397d81586dd79adf34393bb36d194331369edf54f993861987461
12/3/2018 8:00:00 PM,46.0,320.0,820.0,,,1361,2018-12-03T20:00:00.000000Z,MWC_ETP_MELBOURNE,inlet,DATASET_02_MELBOURNE_ETP_INLET,observed,SHA256:1e60bff7f04397d81586dd79adf34393bb36d194331369edf54f993861987461
6/16/2019 9:00:00 PM,45.0,330.0,770.0,,,1362,2019-06-16T21:00:00.000000Z,MWC_ETP_MELBOURNE,inlet,DATASET_02_MELBOURNE_ETP_INLET,observed,SHA256:1e60bff7f04397d81586dd79adf34393bb36d194331369edf54f993861987461
12/4/2018 8:00:00 PM,45.0,330.0,920.0,,,1363,2018-12-04T20:00:00.000000Z,MWC_ETP_MELBOURNE,inlet,DATASET_02_MELBOURNE_ETP_INLET,observed,SHA256:1e60bff7f04397d81586dd79adf34393bb36d194331369edf54f993861987461
6/17/2019 9:00:00 PM,47.0,270.0,760.0,,,1364,2019-06-17T21:00:00.000000Z,MWC_ETP_MELBOURNE,inlet,DATASET_02_MELBOURNE_ETP_INLET,observed,SHA256:1e60bff7f04397d81586dd79adf34393bb36d194331369edf54f993861987461
12/5/2018 8:00:00 PM,38.0,330.0,870.0,,,1365,2018-12-05T20:00:00.000000Z,MWC_ETP_MELBOURNE,inlet,DATASET_02_MELBOURNE_ETP_INLET,observed,SHA256:1e60bff7f04397d81586dd79adf34393bb36d194331369edf54f993861987461
6/18/2019 9:00:00 PM,44.0,270.0,870.0,,,1366,2019-06-18T21:00:00.000000Z,MWC_ETP_MELBOURNE,inlet,DATASET_02_MELBOURNE_ETP_INLET,observed,SHA256:1e60bff7f04397d81586dd79adf34393bb36d194331369edf54f993861987461
12/6/2018 8:00:00 PM,27.0,360.0,870.0,,,1367,2018-12-06T20:00:00.000000Z,MWC_ETP_MELBOURNE,inlet,DATASET_02_MELBOURNE_ETP_INLET,observed,SHA256:1e60bff7f04397d81586dd79adf34393bb36d194331369edf54f993861987461
6/19/2019 9:00:00 PM,46.0,360.0,1000.0,,,1368,2019-06-19T21:00:00.000000Z,MWC_ETP_MELBOURNE,inlet,DATASET_02_MELBOURNE_ETP_INLET,observed,SHA256:1e60bff7f04397d81586dd79adf34393bb36d194331369edf54f993861987461
12/9/2018 8:00:00 PM,56.0,330.0,920.0,,,1369,2018-12-09T20:00:00.000000Z,MWC_ETP_MELBOURNE,inlet,DATASET_02_MELBOURNE_ETP_INLET,observed,SHA256:1e60bff7f04397d81586dd79adf34393bb36d194331369edf54f993861987461
6/20/2019 9:00:00 PM,28.0,310.0,660.0,,,1370,2019-06-20T21:00:00.000000Z,MWC_ETP_MELBOURNE,inlet,DATASET_02_MELBOURNE_ETP_INLET,observed,SHA256:1e60bff7f04397d81586dd79adf34393bb36d194331369edf54f993861987461
12/10/2018 8:00:00 PM,47.0,390.0,930.0,0.01,69.0,1371,2018-12-10T20:00:00.000000Z,MWC_ETP_MELBOURNE,inlet,DATASET_02_MELBOURNE_ETP_INLET,observed,SHA256:1e60bff7f04397d81586dd79adf34393bb36d194331369edf54f993861987461
6/24/2019 9:00:00 PM,40.0,250.0,700.0,,,1372,2019-06-24T21:00:00.000000Z,MWC_ETP_MELBOURNE,inlet,DATASET_02_MELBOURNE_ETP_INLET,observed,SHA256:1e60bff7f04397d81586dd79adf34393bb36d194331369edf54f993861987461
12/11/2018 8:00:00 PM,40.0,350.0,1100.0,,,1373,2018-12-11T20:00:00.000000Z,MWC_ETP_MELBOURNE,inlet,DATASET_02_MELBOURNE_ETP_INLET,observed,SHA256:1e60bff7f04397d81586dd79adf34393bb36d194331369edf54f993861987461
6/25/2019 9:00:00 PM,47.0,260.0,860.0,0.01,64.0,1374,2019-06-25T21:00:00.000000Z,MWC_ETP_MELBOURNE,inlet,DATASET_02_MELBOURNE_ETP_INLET,observed,SHA256:1e60bff7f04397d81586dd79adf34393bb36d194331369edf54f993861987461
12/12/2018 8:00:00 PM,34.0,320.0,990.0,,,1375,2018-12-12T20:00:00.000000Z,MWC_ETP_MELBOURNE,inlet,DATASET_02_MELBOURNE_ETP_INLET,observed,SHA256:1e60bff7f04397d81586dd79adf34393bb36d194331369edf54f993861987461
6/26/2019 9:00:00 PM,46.0,300.0,900.0,,,1376,2019-06-26T21:00:00.000000Z,MWC_ETP_MELBOURNE,inlet,DATASET_02_MELBOURNE_ETP_INLET,observed,SHA256:1e60bff7f04397d81586dd79adf34393bb36d194331369edf54f993861987461
6/27/2019 9:00:00 PM,31.0,270.0,910.0,,,1377,2019-06-27T21:00:00.000000Z,MWC_ETP_MELBOURNE,inlet,DATASET_02_MELBOURNE_ETP_INLET,observed,SHA256:1e60bff7f04397d81586dd79adf34393bb36d194331369edf54f993861987461
12/13/2018 8:00:00 PM,23.0,300.0,740.0,,,1378,2018-12-13T20:00:00.000000Z,MWC_ETP_MELBOURNE,inlet,DATASET_02_MELBOURNE_ETP_INLET,observed,SHA256:1e60bff7f04397d81586dd79adf34393bb36d194331369edf54f993861987461
12/16/2018 8:00:00 PM,32.0,230.0,640.0,,,1379,2018-12-16T20:00:00.000000Z,MWC_ETP_MELBOURNE,inlet,DATASET_02_MELBOURNE_ETP_INLET,observed,SHA256:1e60bff7f04397d81586dd79adf34393bb36d194331369edf54f993861987461
12/17/2018 8:00:00 PM,30.0,290.0,750.0,,,1380,2018-12-17T20:00:00.000000Z,MWC_ETP_MELBOURNE,inlet,DATASET_02_MELBOURNE_ETP_INLET,observed,SHA256:1e60bff7f04397d81586dd79adf34393bb36d194331369edf54f993861987461
12/18/2018 8:00:00 PM,35.0,330.0,970.0,,,1381,2018-12-18T20:00:00.000000Z,MWC_ETP_MELBOURNE,inlet,DATASET_02_MELBOURNE_ETP_INLET,observed,SHA256:1e60bff7f04397d81586dd79adf34393bb36d194331369edf54f993861987461
12/19/2018 8:00:00 PM,32.0,330.0,890.0,,,1382,2018-12-19T20:00:00.000000Z,MWC_ETP_MELBOURNE,inlet,DATASET_02_MELBOURNE_ETP_INLET,observed,SHA256:1e60bff7f04397d81586dd79adf34393bb36d194331369edf54f993861987461
